"","s=4.641589"
"1",331704.323741705
"2",849223.783661723
"3",305595.506739638
"4",615406.987934286
"5",566873.798148746
"6",471944.137315381
"7",648166.466448869
"8",317331.638673731
"9",231268.35109059
"10",641420.037213469
"11",308796.246809154
"12",273712.605760793
"13",201167.169200337
"14",296954.864933543
"15",502305.981783198
"16",690163.391810576
"17",755964.275870662
"18",438261.662361573
"19",648935.894876539
"20",320662.113387154
"21",845403.565774515
"22",191899.14743871
"23",282226.67650747
"24",412375.029881858
"25",743177.237173934
"26",288259.155641544
"27",1122614.14626123
"28",478630.901638596
"29",199516.806102456
"30",306147.2552956
"31",199149.54033999
"32",945450.549296032
"33",622142.09505751
"34",154970.043840485
"35",215754.787612191
"36",462079.041802701
"37",174944.323074711
"38",1161006.66762894
"39",1627401.23794571
"40",253691.083225683
"41",663820.882536514
"42",1036811.32755124
"43",245902.385356272
"44",355609.260246084
"45",147784.282794134
"46",1217721.07356549
"47",826532.098415705
"48",554091.486043112
"49",397994.999165606
"50",684143.999996986
"51",342651.48894567
"52",372847.016124301
"53",1428936.94141026
"54",1448768.9560242
"55",543056.616466282
"56",474204.160698669
"57",162961.539873367
"58",294874.146580368
"59",937804.237474753
"60",490878.552196315
"61",1021618.19667506
"62",662254.965576611
"63",360139.86241205
"64",538548.611131298
"65",461343.881849255
"66",211284.912931058
"67",125162.002761452
"68",932623.628362556
"69",646315.745866857
"70",478130.451701016
"71",794325.915406649
"72",935096.34394928
"73",359859.920163798
"74",517187.339804728
"75",399943.553031336
"76",912316.300584514
"77",387606.712973864
"78",664977.723114353
"79",305765.985062008
"80",1292653.19447181
"81",643379.715686354
"82",486962.120773646
"83",250545.139519362
"84",580535.491692422
"85",487672.157747165
"86",670582.696463667
"87",528093.740652374
"88",454683.925025302
"89",1192764.53057864
"90",1324149.31392186
"91",777032.354226122
"92",261362.6290022
"93",112957.686415234
"94",311939.409193084
"95",237297.907970843
"96",443743.353891504
"97",257323.522695759
"98",426042.141618032
"99",280058.67637499
"100",281774.716052632
"101",1077255.36761586
"102",441443.313459084
"103",362527.916672098
"104",732078.639806947
"105",514540.894026028
"106",986573.754470681
"107",187772.985551737
"108",292144.476137207
"109",1460980.92037086
"110",260910.232327299
"111",1766802.13761275
"112",190135.12734899
"113",272607.556018058
"114",327517.303817384
"115",2683188.91032274
"116",377295.235700854
"117",1502904.24491054
"118",134420.31984638
"119",399089.926953722
"120",654808.504757967
"121",254424.147017728
"122",240002.815537744
"123",262385.570020584
"124",813755.592852022
"125",259103.188640778
"126",383602.620504546
"127",826572.024839342
"128",1103221.409447
"129",435214.483668726
"130",602836.832690686
"131",507477.74307697
"132",587166.307294024
"133",357306.559945324
"134",291736.382591442
"135",699520.24777779
"136",434813.858628212
"137",1069641.40120238
"138",246117.790512003
"139",473410.045634175
"140",271225.14671542
"141",527393.479394309
"142",942380.947189961
"143",475286.741704878
"144",363180.526394396
"145",713856.223683297
"146",699479.003496377
"147",230609.680995758
"148",321730.873423444
"149",581398.938333929
"150",245267.135794641
"151",227269.185860174
"152",308836.678570492
"153",255042.391039275
"154",1172230.8860062
"155",546284.348676739
"156",385114.896485838
"157",532391.722408665
"158",484680.256367579
"159",610245.196181395
"160",870525.381674654
"161",1309457.38677623
"162",797150.616499278
"163",337070.836840843
"164",1147114.10124859
"165",424913.291186473
"166",552001.279106699
"167",275123.672036984
"168",470080.112132426
"169",246973.29233651
"170",187651.344130299
"171",432912.922015003
"172",672040.348317538
"173",317770.420864811
"174",317012.968019261
"175",334761.295358325
"176",276534.770459982
"177",405559.83315296
"178",286838.973631834
"179",430837.517386121
"180",171857.05054018
"181",580214.274992375
"182",239613.1742381
"183",1004728.13810896
"184",795039.258389511
"185",861854.169817284
"186",1225630.80037287
"187",287205.855742663
"188",474217.764521183
"189",220824.480038882
"190",457943.273808155
"191",190735.243575697
"192",564950.880193759
"193",254327.941118031
"194",290853.554187399
"195",271165.486764419
"196",380343.491855902
"197",195971.508888123
"198",250241.420676288
"199",430649.284822364
"200",184780.806352274
"201",368036.073413087
"202",224769.076459554
"203",144573.780125407
"204",251257.565995079
"205",574130.808697316
"206",284131.95093603
"207",347534.710417589
"208",209417.359422934
"209",542850.916768014
"210",256182.507061741
"211",134019.625375488
"212",582954.065590051
"213",449402.754807261
"214",585289.991307765
"215",832036.303806711
"216",266445.796094311
"217",726586.639464388
"218",240562.928033428
"219",279720.952567134
"220",382635.739210183
"221",237588.527362978
"222",643430.506774322
"223",227970.494558966
"224",157610.91708664
"225",338264.000914886
"226",141782.77206371
"227",937101.713831894
"228",575927.943820675
"229",478579.152060108
"230",776900.886136022
"231",338195.736344031
"232",320130.54258892
"233",395833.413033248
"234",452550.975227103
"235",162813.157394433
"236",489165.843740556
"237",499270.122295097
"238",481245.120718939
"239",430687.879063367
"240",920156.727183222
"241",355892.75501784
"242",445903.6554122
"243",535727.835851707
"244",384794.195355968
"245",747082.449438823
"246",650539.736854278
"247",304658.951215273
"248",230085.9524994
"249",413274.664049782
"250",873181.130613635
"251",663128.868695709
"252",429906.597472237
"253",418505.315226677
"254",354984.546184051
"255",218612.248402749
"256",391139.60657873
"257",187082.671470079
"258",555254.325290711
"259",458596.466239023
"260",367894.425228391
"261",1045873.31810978
"262",593727.295276573
"263",313177.32721462
"264",556547.970862469
"265",628196.345951492
"266",523795.04732345
"267",499065.032628823
"268",573964.575587064
"269",425043.149168741
"270",507917.170651061
"271",775970.549442147
"272",351713.90737097
"273",144819.180083024
"274",990017.651822949
"275",673782.054404908
"276",479108.120760159
"277",442225.940162191
"278",243605.496497127
"279",654047.738038834
"280",337938.094643682
"281",988119.927739842
"282",282105.070603232
"283",691941.536793721
"284",282424.723264713
"285",646741.579593602
"286",589966.164787314
"287",563122.501894616
"288",1455947.68900351
"289",282648.1965836
"290",582626.449026887
"291",241593.901399119
"292",318933.418865917
"293",478744.061529323
"294",1352640.69466708
"295",689005.323214543
"296",330581.587312947
"297",740855.514905274
"298",179755.844709006
"299",629075.751748848
"300",1033451.657735
"301",316411.423782066
"302",383555.03806949
"303",786967.121381286
"304",790443.442990137
"305",474898.722832807
"306",1224006.41050862
"307",462829.723143858
"308",333554.332675629
"309",456627.802429464
"310",529418.029865108
"311",439545.338686691
"312",758571.940813412
"313",141478.748343717
"314",555392.300038483
"315",874225.307000451
"316",1485046.46856941
"317",488235.92031427
"318",277193.994640932
"319",1109575.09405431
"320",475861.037256837
"321",774386.781302975
"322",531932.411394481
"323",274679.110822527
"324",258777.552451078
"325",570627.710335315
"326",302872.465226951
"327",528888.040484332
"328",474576.855064299
"329",281866.407425073
"330",992722.088469057
"331",464091.076781822
"332",488702.885035099
"333",1201426.78699669
"334",391237.982034054
"335",409330.446338106
"336",249347.226389605
"337",820805.836747722
"338",601046.593944601
"339",368709.899229661
"340",603026.634693614
"341",225919.940847371
"342",359575.775015508
"343",276573.132376613
"344",234074.478266482
"345",270981.174168303
"346",334702.064009175
"347",218826.293017378
"348",340898.423204306
"349",473137.601346048
"350",460893.508551896
"351",306181.076749234
"352",394416.894292969
"353",334710.30897199
"354",556097.728002692
"355",349049.589964385
"356",502263.491733472
"357",455413.366588096
"358",334262.174759954
"359",302774.942054055
"360",317166.606465445
"361",491763.993274982
"362",1012443.63972499
"363",1487568.95913406
"364",409651.923655582
"365",144907.556609979
"366",837647.407658332
"367",364872.582678226
"368",331107.039015361
"369",660824.516665265
"370",554635.766322447
"371",319437.918521587
"372",418592.697738178
"373",537307.8942991
"374",666946.940863182
"375",427648.053357754
"376",1602395.92311014
"377",160646.573694643
"378",629904.739010177
"379",508837.019294524
"380",457595.27848457
"381",600105.909264132
"382",776983.777060632
"383",349892.82557546
"384",367787.229566205
"385",486125.182663215
"386",532441.707003575
"387",613927.175148632
"388",999645.835752914
"389",298480.759619939
"390",810084.38723349
"391",1446880.00432387
"392",653198.871964093
"393",752136.673164363
"394",1071154.47386686
"395",579965.324364914
"396",360459.1911614
"397",170987.00611197
"398",423079.890495535
"399",827672.888760956
"400",421367.580034986
"401",909487.105138902
"402",140047.207724201
"403",597358.438564203
"404",135755.229656164
"405",224605.703646832
"406",878254.389479953
"407",180431.965684964
"408",890160.847023698
"409",603016.136292159
"410",338935.287422304
"411",333263.458739471
"412",654822.868306195
"413",322554.157301625
"414",156372.700380299
"415",1145549.76663904
"416",370794.024369246
"417",306105.289902842
"418",240580.835556907
"419",292611.974541194
"420",142196.144424219
"421",435404.993151606
"422",996625.099416918
"423",258955.514861553
"424",941464.650774377
"425",682540.978146805
"426",491210.222285888
"427",1034406.80932739
"428",1385063.16773499
"429",1112100.02506295
"430",686433.21863933
"431",835656.508470905
"432",341675.604795496
"433",667965.895186197
"434",591150.953605242
"435",259071.030546516
"436",705391.3300509
"437",397140.210964417
"438",1038976.76713873
"439",521911.038253452
"440",189167.842190243
"441",543203.351623946
"442",276713.828269274
"443",802245.831618976
"444",1263283.8913926
"445",206168.37089168
"446",349303.202975872
"447",293422.10888395
"448",415321.589855323
"449",264569.672768971
"450",666597.672416079
"451",855130.995243751
"452",269528.186555034
"453",455629.493832524
"454",446350.664849842
"455",510982.688937202
"456",528128.925086193
"457",187596.852626829
"458",659716.544201639
"459",925048.933393749
"460",197999.569353495
"461",1137921.41115988
"462",279381.972642977
"463",1242404.80207774
"464",653611.316310566
"465",469874.634582089
"466",590409.831817084
"467",402988.231559304
"468",316150.719064815
"469",163502.840540853
"470",806772.302929539
"471",776613.793829681
"472",243790.880771718
"473",239138.161642853
"474",914407.366612204
"475",362149.738777471
"476",465306.56784084
"477",376364.445476298
"478",472561.269944569
"479",301257.093684683
"480",457126.284968026
"481",289800.128103247
"482",284745.147727462
"483",636345.231367208
"484",773013.432911673
"485",440161.717322084
"486",597997.978128504
"487",511671.495723286
"488",1212055.19956783
"489",258463.3386362
"490",243707.183059627
"491",394943.501220389
"492",491528.29351075
"493",113952.234406771
"494",321508.928128212
"495",1436050.10576046
"496",295016.223770401
"497",320650.568511136
"498",1352616.04869692
"499",801478.961785401
"500",407119.625540898
"501",161271.405788257
"502",269306.849500518
"503",318862.991410546
"504",474311.127995599
"505",299796.47264919
"506",211913.191833942
"507",120011.795507204
"508",523409.231167251
"509",939798.888912197
"510",639062.768186421
"511",393490.175426383
"512",218622.052977061
"513",602787.621814849
"514",759849.247331124
"515",1112113.69778911
"516",1314617.10833776
"517",1340717.86320324
"518",276643.83819507
"519",131507.171911565
"520",386615.714915539
"521",571971.092688016
"522",370948.833210522
"523",561257.080470605
"524",569687.357954101
"525",500796.896994275
"526",233605.688494902
"527",509312.75880981
"528",267050.330154818
"529",1097413.10215487
"530",562682.128149083
"531",410918.868341059
"532",1146748.85663408
"533",870927.368294378
"534",835331.81414314
"535",677117.512483148
"536",474290.314013195
"537",939021.154828883
"538",580756.523411283
"539",319236.441366753
"540",459465.783688776
"541",577383.260390189
"542",309202.429538363
"543",419116.279933275
"544",697740.224214471
"545",1058195.99034062
"546",295742.282016819
"547",414774.624638157
"548",238930.24911463
"549",827203.264328904
"550",581503.301965934
"551",175807.780364079
"552",578349.4360304
"553",684209.261710364
"554",773159.917596658
"555",602552.251981144
"556",273490.498884508
"557",244729.759872272
"558",546915.15252696
"559",166178.478398451
"560",808114.354006536
"561",547431.973018898
"562",441597.972982778
"563",303928.64256541
"564",914953.669020766
"565",180585.55964534
"566",429227.947805336
"567",666594.327512187
"568",485490.070622841
"569",1170327.81053735
"570",333110.112736166
"571",417350.382972964
"572",623188.910894273
"573",260830.221518469
"574",473662.058177045
"575",270093.683838274
"576",155933.656939298
"577",553568.127034278
"578",329061.497440144
"579",974821.629348733
"580",335654.19635086
"581",675206.914815306
"582",310031.429766537
"583",657482.27890491
"584",532952.401591194
"585",536999.868126058
"586",429308.525780984
"587",298351.304639578
"588",978020.446711807
"589",288556.930288826
"590",252457.373881048
"591",61476.5983419533
"592",167363.534558179
"593",508644.791050856
"594",461211.331585191
"595",348450.15333942
"596",1392117.70253231
"597",408233.632917922
"598",621815.879525224
"599",568020.148345389
"600",842477.529795458
"601",686249.236841374
"602",694308.944820805
"603",569743.10366363
"604",274975.354694794
"605",425821.125360835
"606",747283.605549004
"607",123923.352761038
"608",461328.40528718
"609",338328.356158589
"610",485503.804478298
"611",1817509.66569694
"612",557371.959768694
"613",609482.650452602
"614",262597.452363005
"615",409088.258092168
"616",229271.987942255
"617",1049601.11170576
"618",177344.11747289
"619",392228.07910698
"620",550825.278546474
"621",855800.960799755
"622",281665.631836868
"623",513221.974031273
"624",235975.594660887
"625",433290.179740079
"626",712656.697758458
"627",343657.388595367
"628",1039445.84163248
"629",503121.961092561
"630",472019.191813125
"631",483341.939492096
"632",261114.935157718
"633",499177.784195936
"634",127908.715845564
"635",506133.940189769
"636",561867.306341929
"637",480651.543589203
"638",460452.833558637
"639",127350.835640234
"640",455784.10065912
"641",249449.89949918
"642",487812.835794558
"643",448008.158815655
"644",426490.101293254
"645",362749.326098411
"646",1094737.57585802
"647",378797.73759389
"648",493984.779277831
"649",650165.568729468
"650",792230.531456834
"651",229096.537576582
"652",1113573.39380078
"653",635696.251343931
"654",143562.08436619
"655",991898.901019802
"656",237600.363279716
"657",176995.557064107
"658",423249.521749828
"659",355247.806330508
"660",406638.534819353
"661",377022.740284706
"662",447450.563184653
"663",706191.922157735
"664",297023.900048594
"665",174047.172696186
"666",71417.6185677426
"667",391246.262218079
"668",639596.94989743
"669",489364.885606962
"670",485582.527849847
"671",538191.448755273
"672",485864.225297802
"673",1394404.66130915
"674",483117.17830026
"675",403448.186337218
"676",726579.308297078
"677",1236647.21864441
"678",134218.067911509
"679",453304.790213379
"680",468496.383504069
"681",256572.60217637
"682",174393.126467254
"683",1114236.17692627
"684",510021.546215655
"685",401944.199829894
"686",752265.314282414
"687",413562.9153536
"688",269777.465828167
"689",679043.156764432
"690",379416.306121407
"691",414496.740516956
"692",1260908.1289673
"693",655321.45960165
"694",785709.137847395
"695",638892.805406703
"696",808945.418332643
"697",487502.948157079
"698",523261.911841366
"699",288643.485112171
"700",1524298.90325103
"701",647129.020034199
"702",1528135.03773064
"703",516866.706806127
"704",267244.249119333
"705",470309.523143516
"706",500486.918418917
"707",554806.08951035
"708",849166.025707616
"709",162342.985534836
"710",497680.718052293
"711",780025.639370777
"712",869169.190861788
"713",641761.429364891
"714",404716.255795276
"715",527407.949783953
"716",626068.627537448
"717",206789.534748781
"718",358096.813063851
"719",308759.739388368
"720",490958.744919857
"721",970911.792995175
"722",734966.765794778
"723",672557.830378236
"724",506504.116486811
"725",862265.792455986
"726",366460.414310545
"727",431548.415357565
"728",145887.825220465
"729",1381036.37083212
"730",489688.836095398
"731",500953.114175811
"732",476560.739949436
"733",800738.30675492
"734",1399566.08709698
"735",665021.983070813
"736",522805.653368162
"737",747345.291867093
"738",233329.057464223
"739",547931.193234365
"740",302377.385174899
"741",819704.037309535
"742",909463.546620639
"743",516284.321923364
"744",535613.945999763
"745",390335.00738019
"746",565751.831236169
"747",244294.720194131
"748",141541.222369056
"749",536433.505651752
"750",522143.409713224
"751",377780.219678161
"752",1747532.15139506
"753",969078.307549286
"754",409400.026667225
"755",871374.194554408
"756",260692.458613814
"757",607076.646690384
"758",711238.737946359
"759",458352.810028847
"760",485242.942418064
"761",508420.331934751
"762",234238.918443708
"763",439471.445360657
"764",100863.826018528
"765",302103.880954045
"766",313957.498884219
"767",270400.906363881
"768",710450.343649094
"769",319289.27254339
"770",1167646.83738454
"771",622263.886723525
"772",1125069.66162647
"773",1046070.68665246
"774",395908.618351049
"775",246235.876968597
"776",472562.234532598
"777",652154.804021573
"778",1007762.29995638
"779",551988.009801107
"780",291829.964961732
"781",462851.883580837
"782",514510.786851015
"783",391940.966649039
"784",182571.261530188
"785",161915.527917861
"786",390518.064513869
"787",444127.343310596
"788",514567.66175055
"789",289113.455660343
"790",738546.412766904
"791",379320.148419061
"792",747421.028490305
"793",1219359.22442581
"794",458076.883555553
"795",711416.408609126
"796",553118.115301054
"797",394306.734552736
"798",470446.246524301
"799",174681.999771217
"800",837669.237668932
"801",223296.228716685
"802",867899.957610157
"803",494042.504781355
"804",606583.211521865
"805",761098.403163648
"806",723374.798984117
"807",904519.990082008
"808",672376.736028154
"809",501253.72503377
"810",367173.83967333
"811",640256.649852588
"812",449426.579600533
"813",754379.405287843
"814",494931.444549782
"815",249686.373155011
"816",379240.256373889
"817",373409.494197282
"818",267430.088641529
"819",239058.047767738
"820",937838.471618557
"821",312291.112319059
"822",740203.382656261
"823",1002510.78467682
"824",585819.017307674
"825",734026.82833507
"826",422425.302562087
"827",392015.343147205
"828",506832.760502447
"829",629648.503794687
"830",285503.295441272
"831",655235.500019035
"832",158140.714455898
"833",297800.578073396
"834",255164.452117519
"835",778450.477799476
"836",473246.208881608
"837",417289.07918331
"838",797109.004771075
"839",480331.872960198
"840",625065.118277894
"841",457542.789207908
"842",1171055.87021143
"843",2155507.73906183
"844",237123.308051145
"845",748038.903687357
"846",790305.016855637
"847",654479.812366434
"848",350600.799864064
"849",1724677.86804364
"850",270037.361319524
"851",82788.801300312
"852",393722.714746945
"853",292614.242736986
"854",306328.079811934
"855",524041.139514434
"856",410576.914331728
"857",276150.398668013
"858",469091.569372569
"859",244697.031270621
"860",793813.969630059
"861",545062.529121139
"862",160938.43694068
"863",530941.121060449
"864",409197.028888338
"865",329757.532645682
"866",1002944.37775759
"867",397804.117385571
"868",344032.94072309
"869",803535.126276494
"870",497340.002883141
"871",559775.605499128
"872",324390.621697749
"873",255683.653359099
"874",407192.800393265
"875",456412.815866881
"876",784051.379508825
"877",387160.463885838
"878",872526.660820935
"879",673848.772904027
"880",1480638.51601047
"881",1167898.1976152
"882",373496.153692801
"883",337004.833672272
"884",838143.279246933
"885",388295.483558605
"886",266502.003393079
"887",239653.510541809
"888",579872.52083976
"889",518377.994927068
"890",363759.176391041
"891",371130.547704805
"892",310871.263412592
"893",270957.195017065
"894",421734.315030324
"895",643720.943653804
"896",698042.728119746
"897",415863.377969438
"898",341489.183363217
"899",275403.814665469
"900",404466.734722402
"901",370144.558593622
"902",642432.867057682
"903",183615.879334088
"904",242696.055764953
"905",581453.765868571
"906",210361.478893412
"907",443456.945636974
"908",374897.971209448
"909",826604.8740888
"910",312459.260983934
"911",391864.642381955
"912",599291.825598773
"913",298736.315101554
"914",292181.950943585
"915",146679.192506428
"916",360706.427287537
"917",630626.223599987
"918",474915.829894538
"919",970826.058673888
"920",685045.429577849
"921",362368.134826011
"922",436772.996918127
"923",709493.915495088
"924",1594328.69084477
"925",547977.166581145
"926",235945.28472559
"927",541364.803718784
"928",642055.054645368
"929",310442.72491085
"930",286850.791707059
"931",1557905.90093284
"932",163035.811595474
"933",876900.0185232
"934",368202.751614458
"935",435754.499641191
"936",653693.657462916
"937",207547.448528812
"938",321177.824402522
"939",222284.117663171
"940",358796.265893262
"941",640317.547395925
"942",472032.961534572
"943",616889.881212186
"944",318187.49285231
"945",272363.678219364
"946",1005895.65466624
"947",120613.309112276
"948",198848.273952279
"949",309140.126021499
"950",490849.923103994
"951",647733.843268803
"952",528045.90176726
"953",234846.19661684
"954",401817.070041698
"955",812129.142979378
"956",145823.449410484
"957",629750.625260965
"958",278265.787786851
"959",505513.964063863
"960",843917.361643627
"961",861274.039157674
"962",912116.110565035
"963",311298.94854395
"964",330719.143166112
"965",426893.933959681
"966",528917.943024124
"967",513680.246841979
"968",536257.047744171
"969",724936.802314025
"970",760200.440995033
"971",565526.770522421
"972",392483.978027114
"973",255678.291600897
"974",814041.717516944
"975",603072.274538788
"976",518721.236913488
"977",870959.185599428
"978",530406.876694965
"979",409901.025382413
"980",319971.347933423
"981",722213.011202459
"982",670905.365922237
"983",409857.207921535
"984",402111.955357076
"985",254775.865926461
"986",397979.098032742
"987",428683.445076376
"988",231397.942534237
"989",654444.993767904
"990",318470.111315839
"991",314368.078126377
"992",733671.775021133
"993",1617224.99954378
"994",297388.24998522
"995",470305.764899851
"996",467608.302155457
"997",664056.33457472
"998",773427.11191265
"999",535550.661063045
"1000",646705.017945624
"1001",573026.955874107
"1002",614641.566553293
"1003",342261.22801592
"1004",1202911.02326051
"1005",342405.068664002
"1006",575849.335637168
"1007",780566.840322994
"1008",965555.11440185
"1009",809203.470139682
"1010",622425.355941463
"1011",578566.461102493
"1012",164346.853504821
"1013",907281.668732993
"1014",369778.103680514
"1015",411014.465718604
"1016",733124.213301183
"1017",154698.586723701
"1018",92990.1161972037
"1019",217294.417730903
"1020",441541.540675203
"1021",435901.379714986
"1022",637561.155007538
"1023",828637.857946473
"1024",761574.549794043
"1025",284085.5246501
"1026",172944.141215539
"1027",784401.948697883
"1028",138918.532944288
"1029",358804.123482177
"1030",477140.581451716
"1031",607975.690949533
"1032",413396.935322584
"1033",295716.931974872
"1034",746480.555495663
"1035",495668.238307635
"1036",619549.99525266
"1037",696758.894376317
"1038",413408.045336511
"1039",276550.403287494
"1040",397928.054611851
"1041",699518.290421457
"1042",560484.437283426
"1043",156706.693162754
"1044",365379.17829362
"1045",265463.452536441
"1046",678678.391215872
"1047",436947.006576385
"1048",257977.042181289
"1049",208498.827731711
"1050",825187.864074458
"1051",489716.737829462
"1052",327224.01475892
"1053",414202.252290512
"1054",479235.873812947
"1055",313360.615687746
"1056",441291.983114481
"1057",762708.188594439
"1058",484346.799478993
"1059",670499.595094496
"1060",572021.819310889
"1061",637907.007295822
"1062",1428707.44501361
"1063",528189.051019901
"1064",250671.811755567
"1065",661957.264070426
"1066",301791.373158038
"1067",340118.137191905
"1068",463906.617661497
"1069",629975.474623714
"1070",669210.450982833
"1071",1050590.16734289
"1072",252069.564792335
"1073",263911.445781859
"1074",193632.55375389
"1075",299747.307856154
"1076",833099.986358911
"1077",225266.307828473
"1078",774119.242753792
"1079",222256.351192059
"1080",206924.285172255
"1081",463289.491679928
"1082",291123.75008669
"1083",317742.300100107
"1084",467949.62739323
"1085",547843.941644387
"1086",249754.462530608
"1087",571218.343918803
"1088",657503.248123984
"1089",201839.516241537
"1090",380282.580398223
"1091",362531.35957501
"1092",276886.89255643
"1093",357530.41909433
"1094",488562.232484262
"1095",666758.429923261
"1096",561898.020650509
"1097",393899.273114767
"1098",181441.588194173
"1099",775065.531499439
"1100",198051.379506009
"1101",526651.972837415
"1102",324334.223060476
"1103",555295.723213556
"1104",488732.992566694
"1105",1753584.66629133
"1106",1306299.95619716
"1107",600539.174935178
"1108",314583.206055646
"1109",132365.276063579
"1110",973814.969794077
"1111",427869.980578174
"1112",502974.487858188
"1113",605903.444773683
"1114",818680.788565054
"1115",43857.8225635607
"1116",554249.919105038
"1117",541799.658153467
"1118",307625.030643353
"1119",662071.827574129
"1120",971531.907616431
"1121",1988301.86531669
"1122",498217.21836543
"1123",312118.435459938
"1124",718088.322250083
"1125",301404.956573865
"1126",829843.414961586
"1127",241659.86459284
"1128",371236.96384654
"1129",452968.32844989
"1130",662946.579140446
"1131",619693.171471924
"1132",618119.919158333
"1133",313001.618703964
"1134",563745.399439992
"1135",568848.338127851
"1136",222518.378333634
"1137",694627.569836418
"1138",781671.250315988
"1139",427240.537457059
"1140",610500.978729151
"1141",209128.033661292
"1142",568568.119365228
"1143",295435.289968368
"1144",531116.353771773
"1145",513352.992534526
"1146",1065530.79554459
"1147",403311.762042741
"1148",135238.064994079
"1149",561704.840204419
"1150",602306.251544276
"1151",2483350.75948335
"1152",438346.352627633
"1153",403299.871455849
"1154",454441.493223541
"1155",242661.029973333
"1156",439813.45392178
"1157",537734.665244186
"1158",196049.316261201
"1159",836526.147784556
"1160",224300.314304294
"1161",397155.994580195
"1162",483850.440521776
"1163",814624.414370972
"1164",311996.388898896
"1165",179037.373547074
"1166",480022.251001973
"1167",272542.226333421
"1168",291310.086946504
"1169",221873.483049179
"1170",388794.677490884
"1171",670573.750382537
"1172",745286.573779135
"1173",301116.082523521
"1174",1087879.78047655
"1175",560461.58947633
"1176",145615.274763399
"1177",1609241.23926138
"1178",545603.883795277
"1179",250143.595216234
"1180",269509.897025653
"1181",472142.389212531
"1182",609449.371243043
"1183",317598.094110393
"1184",191311.227104574
"1185",867495.571094956
"1186",930447.965626104
"1187",305715.459458949
"1188",445691.419758349
"1189",625437.652883948
"1190",266997.003929356
"1191",321013.27059576
"1192",685468.982210373
"1193",307172.138956311
"1194",435515.021313445
"1195",920076.637081134
"1196",309760.989701966
"1197",553239.410512495
"1198",642973.677866622
"1199",209807.745745393
"1200",580451.521198722
"1201",239203.164330947
"1202",765530.668613546
"1203",431302.840592176
"1204",114246.721011131
"1205",376541.144259154
"1206",315336.261917616
"1207",928013.096225086
"1208",145089.471308262
"1209",666558.50771471
"1210",145906.485319452
"1211",1083601.56895168
"1212",258384.542893259
"1213",319178.559822065
"1214",205559.889396084
"1215",804973.928676491
"1216",317069.692619257
"1217",291657.380462791
"1218",209184.186255567
"1219",567821.52192352
"1220",1116090.24494717
"1221",690321.39590273
"1222",562488.751933175
"1223",452477.942946828
"1224",514493.760809851
"1225",323508.896093201
"1226",323424.519515867
"1227",208999.795749861
"1228",429229.558870848
"1229",413582.97698442
"1230",971219.75175532
"1231",375415.729848737
"1232",523803.048772908
"1233",492962.099162356
"1234",332520.999985669
"1235",265904.257333645
"1236",249336.371841325
"1237",965821.037298597
"1238",904436.259883949
"1239",420649.223633451
"1240",1134237.98054821
"1241",977309.179949707
"1242",197087.389602987
"1243",1245913.18835778
"1244",273073.871416823
"1245",364775.950768306
"1246",231836.082021274
"1247",247829.253109155
"1248",131471.603765376
"1249",144295.989957948
"1250",302180.302329309
"1251",408879.270209381
"1252",450653.054277308
"1253",446188.251898211
"1254",506699.259592732
"1255",423469.592795019
"1256",305095.057824646
"1257",571398.330501518
"1258",325211.178814901
"1259",958140.755600561
"1260",530424.678480012
"1261",528013.799982277
"1262",453783.147894466
"1263",139456.404785262
"1264",525049.044831497
"1265",583970.629651959
"1266",2514860.16048746
"1267",2704368.15673536
"1268",200865.688012719
"1269",169099.065769108
"1270",781734.56577744
"1271",1303532.15248073
"1272",518177.290385742
"1273",252551.952976225
"1274",1248481.53041022
"1275",565109.769065
"1276",566533.53426908
"1277",300946.573919108
"1278",563522.212908554
"1279",258598.974242442
"1280",581664.391719967
"1281",551726.08311387
"1282",457161.098219715
"1283",196982.990249895
"1284",1063482.06823427
"1285",649542.181491227
"1286",425157.002257145
"1287",464546.957126882
"1288",580457.712692249
"1289",598768.432448825
"1290",421266.848072615
"1291",716530.216646625
"1292",391530.229424853
"1293",339553.487929201
"1294",529365.247956408
"1295",631030.332738589
"1296",370403.707498859
"1297",641266.033724593
"1298",126010.524460525
"1299",485647.333932525
"1300",362474.685364658
"1301",348013.688560814
"1302",577552.840918428
"1303",504831.057525501
"1304",641870.998547094
"1305",563461.232341613
"1306",546258.140487769
"1307",333465.321010786
"1308",584588.494982396
"1309",204757.392816773
"1310",340952.841170815
"1311",806514.16227407
"1312",242935.231647245
"1313",423966.838773698
"1314",680745.326824559
"1315",332868.605886834
"1316",306729.621463226
"1317",506064.953530274
"1318",432795.973962753
"1319",560613.318724046
"1320",1001966.73347192
"1321",437913.067224191
"1322",518189.007358428
"1323",350073.207076317
"1324",1191524.11701265
"1325",719597.018075778
"1326",809159.44318484
"1327",242150.537867935
"1328",562743.090724469
"1329",1001399.06927641
"1330",473430.919665214
"1331",1395706.21084365
"1332",472892.761630194
"1333",472130.58039205
"1334",287477.547965519
"1335",565894.78441417
"1336",345599.722886324
"1337",826701.341407453
"1338",304996.777927725
"1339",517533.254707946
"1340",489196.349126949
"1341",282415.920885755
"1342",601431.759575193
"1343",373586.324245351
"1344",618473.294620013
"1345",1121971.59276305
"1346",606273.528367316
"1347",507591.85053335
"1348",384709.006377354
"1349",344862.778044262
"1350",459317.839589849
"1351",408000.205083407
"1352",616226.775491829
"1353",607430.910592873
"1354",642936.155945669
"1355",227037.624374853
"1356",819948.824385429
"1357",543706.255682638
"1358",2070802.9953927
"1359",270616.302891289
"1360",1246899.32695907
"1361",430327.456390004
"1362",176686.039121835
"1363",704815.747998235
"1364",263366.448805589
"1365",529669.037203689
"1366",1830809.18417937
"1367",350066.043249221
"1368",555136.59715908
"1369",2061955.07724226
"1370",346830.378578476
"1371",791253.160047243
"1372",77991.488451293
"1373",786092.616558443
"1374",329487.379739787
"1375",159160.622970986
"1376",199661.459945986
"1377",594249.467491264
"1378",270164.970477326
"1379",308397.652959904
"1380",243883.452971435
"1381",609446.241318722
"1382",989006.637596288
"1383",268561.68684188
"1384",407676.709196814
"1385",219164.330697498
"1386",449958.432155032
"1387",403538.607507206
"1388",446642.834605792
"1389",213891.827872787
"1390",417513.722291709
"1391",847336.213688027
"1392",182316.826194547
"1393",623264.591942864
"1394",710716.533186875
"1395",391111.750735441
"1396",731196.073090216
"1397",312930.98486207
"1398",643238.710555506
"1399",258154.437385822
"1400",1011095.08884141
"1401",520094.97009216
"1402",577343.969063629
"1403",730723.384695334
"1404",261693.939308742
"1405",442060.528319455
"1406",635660.078576101
"1407",347315.066002312
"1408",583054.549376668
"1409",591320.076718725
"1410",374138.640442451
"1411",428896.663017835
"1412",480567.707921168
"1413",350129.227634924
"1414",509976.694692882
"1415",637820.80570967
"1416",742371.139243471
"1417",383576.343228973
"1418",520751.528273232
"1419",450438.214860484
"1420",223534.786481007
"1421",573075.15358712
"1422",617236.686393723
"1423",311743.795307984
"1424",517325.539655784
"1425",1337848.82981798
"1426",496412.148647173
"1427",581172.459335402
"1428",2051095.37435489
"1429",567136.789801935
"1430",684272.311660771
"1431",564019.596796275
"1432",533010.120089291
"1433",490862.158827838
"1434",623448.40101358
"1435",875238.04028369
"1436",635347.294711234
"1437",319516.182476628
"1438",499381.507431008
"1439",237152.362520308
"1440",266847.825880295
"1441",307465.915106986
"1442",454419.590688411
"1443",137735.2763388
"1444",446508.022115345
"1445",784332.34711191
"1446",590122.241212218
"1447",712010.512740917
"1448",428224.943094901
"1449",334403.199264876
"1450",851815.072515362
"1451",332421.194692199
"1452",397257.158952329
"1453",583744.862398056
"1454",240463.229885509
"1455",314094.980442876
"1456",397109.121068259
"1457",590102.284925935
"1458",488711.800393943
"1459",388986.882544407
"1460",447377.123738096
"1461",1087824.43191525
"1462",95421.0766470183
"1463",354179.456450959
"1464",331667.302631556
"1465",488977.749996277
"1466",457431.554476526
"1467",830903.053558692
"1468",424291.899307343
"1469",656712.000159241
"1470",740842.530730736
"1471",384143.746006126
"1472",671054.423383015
"1473",298489.352825243
"1474",175836.261399348
"1475",455781.981995449
"1476",407973.663820626
"1477",341333.373498031
"1478",312547.206682483
"1479",492878.615015252
"1480",207688.248100239
"1481",382361.638328462
"1482",756810.071270335
"1483",580519.993875989
"1484",666983.609346161
"1485",562346.681511004
"1486",175298.852976001
"1487",374163.153208839
"1488",907374.763926499
"1489",941886.743703169
"1490",1461115.66448903
"1491",265534.596662858
"1492",624906.513689204
"1493",692735.330372058
"1494",469952.574930298
"1495",521566.556412385
"1496",220361.080298164
"1497",430860.027856162
"1498",462513.857573494
"1499",244668.634006603
"1500",2049573.7890178
"1501",273323.084103498
"1502",512974.611895702
"1503",1403536.84074939
"1504",354228.021566549
"1505",159947.593131633
"1506",419214.546867576
"1507",737466.216075992
"1508",395768.453195624
"1509",545620.95340234
"1510",568866.496075819
"1511",494357.81773241
"1512",350621.897940315
"1513",357748.895233175
"1514",246791.079688267
"1515",1205825.32810388
"1516",430511.681446409
"1517",568263.44573573
"1518",558899.094036931
"1519",407437.899128592
"1520",579722.421819612
"1521",732992.533784075
"1522",224493.822243409
"1523",207946.112093527
"1524",728311.937327604
"1525",695905.497440725
"1526",120645.547648678
"1527",329889.92309975
"1528",508733.273664254
"1529",331731.375965005
"1530",234478.659682826
"1531",157744.123756208
"1532",410102.024529997
"1533",1173569.41253499
"1534",364399.139998102
"1535",322733.426107048
"1536",500175.958973698
"1537",378295.301246838
"1538",431640.897316508
"1539",370663.592187296
"1540",647443.757387625
"1541",728650.155254614
"1542",673666.322380286
"1543",528505.061763813
"1544",113683.716915013
"1545",255931.416946904
"1546",1758130.48150341
"1547",601338.577670485
"1548",396275.654304736
"1549",385375.260563256
"1550",722241.370235094
"1551",314650.82420939
"1552",252754.600211621
"1553",84053.5551371268
"1554",451046.631013078
"1555",193434.082844974
"1556",2395222.17714874
"1557",789397.307261413
"1558",488217.299297643
"1559",283019.982458474
"1560",467105.963359366
"1561",379249.56312246
"1562",177923.868286987
"1563",416306.965741114
"1564",492423.918228882
"1565",996712.586892569
"1566",1093862.91140076
"1567",551686.070210525
"1568",401030.404145411
"1569",1018661.17343814
"1570",1731257.47870194
"1571",624784.719596851
"1572",316537.376748874
"1573",411645.817836217
"1574",403078.218895681
"1575",662393.102278874
"1576",490546.857120604
"1577",488119.07695099
"1578",634575.870968153
"1579",533440.201250029
"1580",303670.916136999
"1581",304027.325929046
"1582",448518.239296379
"1583",216431.566172975
"1584",348726.226912139
"1585",1137612.1113911
"1586",232120.487951672
"1587",390648.45513454
"1588",1566470.85423129
"1589",363691.562038712
"1590",284842.085525453
"1591",381899.617778992
"1592",403918.936011741
"1593",217832.444756866
"1594",535003.764053057
"1595",263740.121854311
"1596",229163.877268824
"1597",210571.934457969
"1598",1185390.07693684
"1599",756995.381404583
"1600",407140.106989732
"1601",200515.629534707
"1602",318954.878025732
"1603",243315.068777926
"1604",271960.108413869
"1605",346643.053549807
"1606",677858.339183499
"1607",680167.609546564
"1608",284842.629198666
"1609",559221.017349756
"1610",253891.200198845
"1611",586923.781190036
"1612",335889.920754969
"1613",223102.846809748
"1614",355780.817565001
"1615",516688.65859328
"1616",114659.628785891
"1617",339945.400178963
"1618",996555.184353681
"1619",693927.998204329
"1620",301109.972349878
"1621",176245.586620557
"1622",1174845.57132677
"1623",417733.246774451
"1624",282566.144187046
"1625",414854.731190456
"1626",281019.059759728
"1627",257491.598698453
"1628",298083.315206254
"1629",668369.640809449
"1630",912037.077093874
"1631",1256874.64616925
"1632",269204.974422211
"1633",791416.83136015
"1634",983093.093724184
"1635",454767.885632494
"1636",187647.15534542
"1637",218578.628080539
"1638",406734.05617511
"1639",555394.28532488
"1640",482021.469542472
"1641",1164617.37007316
"1642",364855.435021729
"1643",630693.952898811
"1644",639029.718636049
"1645",350236.416053921
"1646",498369.502719154
"1647",146275.555622611
"1648",989759.794894381
"1649",335440.88137906
"1650",257264.831584458
"1651",253967.317626147
"1652",417581.740034157
"1653",158670.111384584
"1654",487648.735359064
"1655",383657.146194332
"1656",531045.638024092
"1657",302611.602941265
"1658",1433508.5275765
"1659",306552.364322581
"1660",386074.269314898
"1661",255776.11517847
"1662",391474.774044396
"1663",226625.367465519
"1664",482214.747232305
"1665",579290.684359931
"1666",570885.148512247
"1667",513685.603480256
"1668",516813.298744497
"1669",476229.498849991
"1670",983483.434531467
"1671",271569.99450569
"1672",177436.205229539
"1673",648500.605527693
"1674",197207.394571732
"1675",319764.04790182
"1676",136254.403761535
"1677",402271.575423512
"1678",1175860.129987
"1679",320195.826638613
"1680",655493.056173085
"1681",443114.436178867
"1682",134661.512915377
"1683",493372.156314543
"1684",212126.7020534
"1685",304693.565498478
"1686",944617.234321057
"1687",165894.213154957
"1688",645920.947915457
"1689",268011.838494642
"1690",216069.162125583
"1691",290910.674234361
"1692",287294.207580541
"1693",544334.879318731
"1694",171374.379751812
"1695",437295.202581357
"1696",338957.646143891
"1697",327864.370964285
"1698",1195817.64209714
"1699",306458.922505866
"1700",435734.949607951
"1701",514191.090844786
"1702",407971.335198929
"1703",264497.270002196
"1704",515634.227376574
"1705",355256.234183544
"1706",549957.304782193
"1707",655024.370474288
"1708",346978.147816173
"1709",523636.592880319
"1710",185772.111346991
"1711",522742.47655903
"1712",521068.423721753
"1713",462013.912202942
"1714",593317.580325637
"1715",668843.775546271
"1716",222000.767233224
"1717",736097.879361841
"1718",1174763.62283901
"1719",549510.540075567
"1720",225286.108655171
"1721",642168.343591263
"1722",958346.573343428
"1723",354648.486242539
"1724",234728.193028001
"1725",1160031.74815591
"1726",613429.23485232
"1727",797395.110397076
"1728",760828.250474142
"1729",770956.24933493
"1730",513468.423547574
"1731",355647.338012916
"1732",348149.847372176
"1733",278653.923591623
"1734",503607.630410171
"1735",539771.867579117
"1736",737795.010573818
"1737",407731.983657024
"1738",806065.304641506
"1739",223798.266300911
"1740",162402.557701169
"1741",267756.636979075
"1742",293649.330681355
"1743",238934.619741591
"1744",147062.625571757
"1745",444712.534593219
"1746",385429.513146237
"1747",1095630.62275175
"1748",489132.248503031
"1749",322314.215144686
"1750",232643.129888767
"1751",316763.929783009
"1752",940937.985765229
"1753",248756.412073478
"1754",600382.370549882
"1755",358502.618738687
"1756",909150.820881742
"1757",443882.929807132
"1758",379846.890866583
"1759",561902.551934432
"1760",468730.602884434
"1761",863232.966146231
"1762",863354.425356928
"1763",434400.092800287
"1764",321658.726634654
"1765",546107.149241321
"1766",834828.054573191
"1767",572050.783831307
"1768",728308.131579953
"1769",435485.775779995
"1770",363280.31219502
"1771",210143.610514826
"1772",512489.956890379
"1773",346239.19639454
"1774",383256.314056305
"1775",758221.051404293
"1776",239754.743548851
"1777",705033.118636805
"1778",367437.081558132
"1779",223392.854870787
"1780",395450.369618302
"1781",755666.934978643
"1782",365439.353144453
"1783",855172.729682709
"1784",389229.393120071
"1785",966671.155782914
"1786",809072.344447925
"1787",426354.900152688
"1788",1320802.15853634
"1789",455873.470934263
"1790",544929.548028755
"1791",745625.545680599
"1792",810397.050875399
"1793",456246.226776514
"1794",141302.90641596
"1795",616233.078186008
"1796",1123025.3034289
"1797",373244.492808299
"1798",354839.574269647
"1799",207007.321223986
"1800",1027223.88501753
"1801",271815.801276319
"1802",202922.326468884
"1803",710434.671334841
"1804",388032.428846744
"1805",475577.688935674
"1806",1007434.64763679
"1807",783057.852122914
"1808",634250.490001926
"1809",221804.724702697
"1810",678084.419355118
"1811",825402.795544363
"1812",259938.367760101
"1813",1427045.62712906
"1814",1441294.30091264
"1815",4802891.52594348
"1816",269223.043139483
"1817",611302.26653596
"1818",658652.476079261
"1819",117578.900557259
"1820",630626.230437307
"1821",519964.773870501
"1822",571893.899488136
"1823",341320.209399535
"1824",301442.896316695
"1825",1179431.81248979
"1826",417112.131748787
"1827",765043.534401617
"1828",61797.2334941542
"1829",476944.909855932
"1830",378925.51713475
"1831",748213.374450055
"1832",182109.315994599
"1833",243450.192175502
"1834",326455.366321605
"1835",339312.562968024
"1836",382099.347975253
"1837",808727.012947065
"1838",479791.20432983
"1839",280315.101576405
"1840",825266.856329732
"1841",221952.896695958
"1842",270432.926703141
"1843",289330.948275907
"1844",334131.508491262
"1845",880188.686292193
"1846",397901.25744263
"1847",654026.831352432
"1848",340983.475193276
"1849",143361.691618266
"1850",270932.687329089
"1851",355998.529397899
"1852",231963.830952273
"1853",416521.629333383
"1854",770343.889453174
"1855",589856.783334742
"1856",545859.634629013
"1857",235982.347049378
"1858",199804.672780968
"1859",265741.632255723
"1860",465171.639932686
"1861",876078.70192815
"1862",777427.935843608
"1863",260828.845700257
"1864",229135.534740766
"1865",371002.266715488
"1866",393065.858558484
"1867",243093.609060389
"1868",441537.726559343
"1869",213953.01135696
"1870",556445.141240338
"1871",639881.780990858
"1872",371003.198513602
"1873",905375.203390151
"1874",212035.118317883
"1875",527070.402039484
"1876",320464.56966729
"1877",230384.730387536
"1878",460785.164180601
"1879",404305.285419037
"1880",508676.3270144
"1881",1378108.50525875
"1882",749588.268791606
"1883",510785.501744728
"1884",411633.586946162
"1885",488471.712123794
"1886",116643.24456824
"1887",283524.877225146
"1888",1029000.96636434
"1889",1008939.48566964
"1890",180510.201738596
"1891",339562.837086513
"1892",981090.667166301
"1893",502567.395127045
"1894",287905.538947437
"1895",658865.444189645
"1896",257418.785011996
"1897",771471.561888305
"1898",223095.726677462
"1899",497528.389226254
"1900",682042.26035029
"1901",384015.220028061
"1902",1403877.16646438
"1903",269358.121966315
"1904",761592.489508901
"1905",410292.041914793
"1906",417512.958024341
"1907",787553.02794892
"1908",361254.204842043
"1909",294477.18896076
"1910",607921.636213538
"1911",823599.120575739
"1912",180765.847988872
"1913",1591468.87600125
"1914",840688.188667218
"1915",303938.993085953
"1916",111202.551858951
"1917",558865.316542575
"1918",550863.213666721
"1919",427467.648153768
"1920",762990.033592589
"1921",900097.428503197
"1922",585896.040688138
"1923",160792.221332794
"1924",546035.614197869
"1925",809588.61673789
"1926",725915.174213617
"1927",255425.137945904
"1928",281991.380758607
"1929",604103.313942398
"1930",433087.104217689
"1931",580870.462898168
"1932",277075.404271319
"1933",266475.008968224
"1934",689929.869263892
"1935",1049908.78145933
"1936",1100532.74723489
"1937",653255.784364567
"1938",260259.245094061
"1939",468458.289588089
"1940",95250.2527498439
"1941",463402.741947939
"1942",273851.002998503
"1943",472488.913709098
"1944",525467.583902251
"1945",253586.406903501
"1946",748230.398152875
"1947",296762.787105475
"1948",806194.245514142
"1949",556085.921923791
"1950",642769.736273612
"1951",249402.278858623
"1952",678788.597001932
"1953",681396.406250642
"1954",983490.26291185
"1955",469209.019048839
"1956",499637.697044513
"1957",251750.628083096
"1958",191970.808250627
"1959",1215171.78264622
"1960",514653.034432831
"1961",208676.43457746
"1962",850674.529418975
"1963",309319.128549333
"1964",149106.91246447
"1965",769275.238471466
"1966",771055.432844486
"1967",884604.895362362
"1968",413019.708924156
"1969",612863.180391769
"1970",418975.082489115
"1971",491374.325353371
"1972",346762.734564272
"1973",387790.180500477
"1974",556516.694619056
"1975",221286.133257037
"1976",285518.004211161
"1977",317951.956993461
"1978",489576.708266504
"1979",577131.655394966
"1980",1036288.63930491
"1981",566887.006871566
"1982",638240.243373727
"1983",135241.90806311
"1984",392198.263901535
"1985",337474.913606015
"1986",797085.24879804
"1987",841670.399695485
"1988",529925.794506358
"1989",486623.904972109
"1990",700336.710155423
"1991",263460.199356995
"1992",292529.030260669
"1993",986696.008932874
"1994",432339.568278834
"1995",932463.444654356
"1996",865709.307714967
"1997",1028019.41738218
"1998",471089.079272714
"1999",248806.637740808
"2000",338405.365214844
"2001",588675.895807234
"2002",238910.301619927
"2003",731095.209534096
"2004",556089.720476017
"2005",537777.987286192
"2006",492420.861284742
"2007",460595.11012165
"2008",609656.114111139
"2009",961045.622986292
"2010",485852.627008431
"2011",195914.107790719
"2012",396950.261697164
"2013",618934.546873881
"2014",526703.866214923
"2015",90612.9228403078
"2016",765118.901831543
"2017",401415.984882997
"2018",516444.043799423
"2019",277322.579270581
"2020",333757.362519443
"2021",588194.416635742
"2022",510392.93100579
"2023",320278.350373731
"2024",554341.245866732
"2025",392008.964526441
"2026",263516.3445453
"2027",397719.181782812
"2028",567195.566880123
"2029",219653.451478581
"2030",578839.792357654
"2031",407076.159013729
"2032",350947.484842897
"2033",572732.269149151
"2034",701019.615097961
"2035",371411.626666602
"2036",971496.409817906
"2037",446329.144807111
"2038",476645.703948784
"2039",498759.316312705
"2040",435957.820188098
"2041",518754.327555429
"2042",503268.113638788
"2043",672782.868054887
"2044",1620680.79901245
"2045",596915.469525191
"2046",231093.14499524
"2047",1033266.18519719
"2048",409202.339703935
"2049",240818.460689654
"2050",746469.865279017
"2051",825062.489706457
"2052",661411.905119608
"2053",662340.366999711
"2054",575650.914140888
"2055",628122.63303734
"2056",349213.749724323
"2057",456916.51899345
"2058",1803212.93311144
"2059",805557.206578855
"2060",675256.927220995
"2061",427588.269741169
"2062",432873.571516353
"2063",234122.238296561
"2064",1061817.1449891
"2065",262753.982465701
"2066",550061.994667575
"2067",359745.088128902
"2068",1380327.80211574
"2069",446434.722655116
"2070",1257823.01172404
"2071",357119.891610463
"2072",481400.126666564
"2073",328425.96423766
"2074",364679.130518585
"2075",105717.160718488
"2076",575827.750884868
"2077",298179.31206314
"2078",341488.761977249
"2079",731869.030412341
"2080",467408.123970307
"2081",265825.220758518
"2082",757921.221912301
"2083",386232.737656701
"2084",544473.907026908
"2085",541603.10613897
"2086",878330.607902788
"2087",703246.609272349
"2088",401425.642089073
"2089",487796.181381366
"2090",188636.704188133
"2091",353704.589957693
"2092",696903.753399076
"2093",414738.905548869
"2094",371036.598543527
"2095",319592.515734031
"2096",417949.38553994
"2097",463681.691822776
"2098",554346.30869886
"2099",560620.734426163
"2100",266867.635035312
"2101",399575.672522728
"2102",451790.525358975
"2103",612993.803381873
"2104",201337.891838866
"2105",45387.8457853669
"2106",400091.538246005
"2107",123368.318057045
"2108",430668.231988134
"2109",769768.632397051
"2110",229136.925822532
"2111",610822.610513365
"2112",672357.92103995
"2113",408090.602928715
"2114",433557.381523892
"2115",726174.687896966
"2116",1292232.16229588
"2117",302383.356936831
"2118",357071.258023433
"2119",503971.528029601
"2120",399427.699968303
"2121",1018318.34650855
"2122",1395183.65012144
"2123",1004869.41009986
"2124",547192.999107263
"2125",372180.867375622
"2126",428778.052936055
"2127",373510.140362993
"2128",523101.051606706
"2129",422992.491734637
"2130",211455.983860954
"2131",512544.351277969
"2132",626541.803474225
"2133",302975.909680897
"2134",385415.858072996
"2135",334036.790312463
"2136",552357.514054209
"2137",420548.528734456
"2138",413721.894632083
"2139",1247805.86487533
"2140",52992.6513652555
"2141",1510598.94703987
"2142",942717.593100743
"2143",596992.86663262
"2144",494061.42588364
"2145",509064.727160054
"2146",171752.249467152
"2147",348298.76484539
"2148",948218.300980673
"2149",510562.481294664
"2150",823191.571760399
"2151",454503.750157317
"2152",1273038.61094074
"2153",652005.726342258
"2154",493239.780338844
"2155",1160655.1168958
"2156",370387.32060168
"2157",589782.135602196
"2158",273878.475467397
"2159",252437.525028882
"2160",933337.598885301
"2161",477320.983839091
"2162",694635.476083974
"2163",497587.707556084
"2164",318016.800092087
"2165",789007.014322118
"2166",785037.442546619
"2167",429882.21748265
"2168",399115.22050914
"2169",273040.430379533
"2170",289672.293387172
"2171",712371.072912376
"2172",577951.72999192
"2173",405728.981520865
"2174",457516.201773377
"2175",632070.323943385
"2176",401283.185370823
"2177",695001.628723811
"2178",156812.735316122
"2179",154483.125530782
"2180",252184.636621135
"2181",1140831.31700849
"2182",723216.718440498
"2183",568919.975436095
"2184",551169.543009983
"2185",215046.442312107
"2186",206371.25327565
"2187",880222.697976423
"2188",494278.073418364
"2189",544140.211470182
"2190",206267.450561089
"2191",387545.051071454
"2192",483268.004374848
"2193",1197065.37882754
"2194",179533.004754931
"2195",1227656.56579969
"2196",461704.800774118
"2197",1280332.43005574
"2198",618098.468502062
"2199",915672.191182902
"2200",318705.024461865
"2201",210089.558306224
"2202",420515.674359764
"2203",139475.632147768
"2204",352477.254764993
"2205",300515.195207563
"2206",263926.281456808
"2207",715306.19833022
"2208",137625.54307964
"2209",470993.799028576
"2210",943541.600572684
"2211",1826120.24214372
"2212",175167.366909417
"2213",618774.47305281
"2214",762555.958720946
"2215",241183.014963497
"2216",312247.581681198
"2217",631807.880010576
"2218",248814.681490756
"2219",254565.310686015
"2220",519727.336540319
"2221",560314.399804957
"2222",351335.151284279
"2223",527864.475432533
"2224",388638.585644817
"2225",1203216.60398928
"2226",296593.570892712
"2227",368607.52609476
"2228",530778.068526191
"2229",188735.1324119
"2230",558343.529189646
"2231",418865.874716774
"2232",541393.356341984
"2233",647714.30233006
"2234",913436.078270826
"2235",731498.472395972
"2236",529434.684465588
"2237",279605.308922747
"2238",1024014.89754785
"2239",497001.969982088
"2240",362189.407820176
"2241",228828.147641273
"2242",290866.207178322
"2243",730297.520971541
"2244",224485.198159334
"2245",141869.864702414
"2246",242509.975731827
"2247",338308.114695395
"2248",534980.820487576
"2249",780606.835619127
"2250",642061.55403686
"2251",156180.61274253
"2252",743436.13531694
"2253",1422653.01540207
"2254",267423.275199349
"2255",181941.162838933
"2256",958216.728622898
"2257",789015.227238985
"2258",689089.021088562
"2259",481931.466994348
"2260",297170.618818827
"2261",229970.777092858
"2262",458224.994065977
"2263",520955.966903371
"2264",934458.78342653
"2265",424866.385424437
"2266",533885.215701166
"2267",311751.841124472
"2268",508162.842678971
"2269",433887.034187308
"2270",93560.2247220918
"2271",206093.10311625
"2272",191326.50839973
"2273",754396.46806253
"2274",617714.033459658
"2275",837545.010586043
"2276",620950.483106198
"2277",566309.476305935
"2278",673400.852266047
"2279",281819.994181879
"2280",332877.653880045
"2281",414185.197907846
"2282",535977.381588829
"2283",877005.676184204
"2284",249506.065026197
"2285",189452.85121454
"2286",447377.153377706
"2287",251841.158124678
"2288",286354.227840754
"2289",2122262.14307386
"2290",461728.451820618
"2291",108545.151016382
"2292",394602.492400468
"2293",188777.345064603
"2294",1045300.603854
"2295",328677.953740662
"2296",807740.258296494
"2297",231451.643846128
"2298",254019.108751651
"2299",316349.379156871
"2300",281993.446574067
"2301",1169582.05782009
"2302",528409.261476525
"2303",419698.093823444
"2304",341189.086526927
"2305",329244.948679098
"2306",536974.112331002
"2307",174617.051104619
"2308",656411.546062987
"2309",286786.449075576
"2310",814682.117170989
"2311",387554.232742965
"2312",1377147.76457445
"2313",529873.81065563
"2314",816748.940995818
"2315",711172.712390119
"2316",272175.598710464
"2317",609214.844484572
"2318",927357.130197423
"2319",393594.709572979
"2320",160407.796593378
"2321",574491.307075918
"2322",465559.000192315
"2323",250553.344724699
"2324",542605.583648648
"2325",433257.21204993
"2326",692551.889444841
"2327",536571.619562965
"2328",902998.125998115
"2329",1365256.63865406
"2330",480018.533032537
"2331",689625.982985181
"2332",926776.12729378
"2333",155144.582944353
"2334",825972.328635008
"2335",446631.428840931
"2336",341588.869070807
"2337",702525.688856592
"2338",507056.183831834
"2339",955315.790663257
"2340",215311.081800746
"2341",617509.414686791
"2342",480157.559765969
"2343",427138.314478207
"2344",1164993.06601665
"2345",151801.265273766
"2346",536957.00640763
"2347",1264694.48270959
"2348",763976.795275965
"2349",446018.607369198
"2350",521456.041386277
"2351",567691.827991223
"2352",1173524.47319209
"2353",659338.775654276
"2354",404019.607181459
"2355",693189.626243084
"2356",383844.395371877
"2357",700248.829919895
"2358",436528.115864937
"2359",216460.691504285
"2360",675868.623991671
"2361",831973.775390411
"2362",529440.860694457
"2363",556383.250717652
"2364",267075.249399592
"2365",359850.738857538
"2366",447061.44931286
"2367",179717.706930973
"2368",431496.827632576
"2369",178184.977190083
"2370",772119.279667096
"2371",521109.864416085
"2372",801520.299580987
"2373",303369.640530946
"2374",623818.096833572
"2375",475827.743699651
"2376",1820979.71321432
"2377",529127.808362664
"2378",1294289.46718901
"2379",683675.491690191
"2380",336909.995385366
"2381",977169.149990726
"2382",542402.656776446
"2383",206822.615497328
"2384",226967.411850978
"2385",1133585.98145124
"2386",299806.89628981
"2387",641319.670747312
"2388",66824.7652201061
"2389",489569.674236966
"2390",477622.784150969
"2391",425205.676212547
"2392",1009478.06031468
"2393",684101.732017619
"2394",202527.156244194
"2395",373667.140670785
"2396",541838.588356024
"2397",304743.059669501
"2398",1143314.38369926
"2399",793222.42504586
"2400",255257.898780658
"2401",505733.059499516
"2402",384498.467306333
"2403",281832.342213581
"2404",1334889.64096329
"2405",467534.012393649
"2406",1061376.4353876
"2407",251960.450295836
"2408",1220810.70582228
"2409",799324.491681339
"2410",331104.445947844
"2411",949423.658115155
"2412",955808.183874889
"2413",259557.076831403
"2414",393669.454109237
"2415",394839.337643473
"2416",546237.102637422
"2417",621545.221418176
"2418",1867470.77996512
"2419",381409.372658854
"2420",534313.868536815
"2421",781241.935479466
"2422",226685.638285407
"2423",233902.263613259
"2424",143795.808525031
"2425",253318.922974836
"2426",268402.046743857
"2427",1038623.90052179
"2428",687694.709651512
"2429",696439.698134191
"2430",584454.984395827
"2431",223279.177748787
"2432",1023359.36442352
"2433",491474.701918113
"2434",671591.895945842
"2435",275980.721533937
"2436",262979.668848586
"2437",1125619.30569827
"2438",1668632.71097646
"2439",805254.897974255
"2440",315193.055318851
"2441",477337.650201745
"2442",268746.476903124
"2443",79631.2987201601
"2444",455544.619356777
"2445",674830.603517725
"2446",864541.246706743
"2447",273678.341469581
"2448",784553.048100273
"2449",418045.150792532
"2450",260738.994302405
"2451",441114.6898935
"2452",341346.56863197
"2453",425180.097909135
"2454",718135.735415859
"2455",216853.246385114
"2456",551002.723759488
"2457",303102.692233008
"2458",473688.478121345
"2459",483091.772734954
"2460",551375.039889524
"2461",1921920.11672886
"2462",346303.731853576
"2463",574843.024342521
"2464",574819.686498988
"2465",366084.739286215
"2466",421279.461398233
"2467",297732.548452385
"2468",942759.531927077
"2469",1129519.34830222
"2470",813072.257437309
"2471",283728.814107469
"2472",442207.452088332
"2473",432628.921975182
"2474",608482.482703205
"2475",310779.965774859
"2476",465453.680934426
"2477",426834.524965967
"2478",1462606.75995305
"2479",779587.51195409
"2480",247076.014560735
"2481",370729.791568986
"2482",503555.580125902
"2483",483561.228608358
"2484",331402.893777209
"2485",288406.401782335
"2486",449910.103253365
"2487",299453.535095649
"2488",266204.809435136
"2489",424548.610427292
"2490",541643.654858647
"2491",509991.227227528
"2492",745081.759370102
"2493",207188.772372722
"2494",266677.1340546
"2495",576686.79846045
"2496",358243.649196144
"2497",887619.975613589
"2498",735266.583991614
"2499",172081.133383151
"2500",564733.999931235
"2501",325784.28404417
"2502",995346.848549511
"2503",166803.963272554
"2504",450856.988802921
"2505",484908.600147371
"2506",726854.818653306
"2507",234666.931963437
"2508",2609384.88720935
"2509",489269.738176403
"2510",580085.90809964
"2511",149611.787486468
"2512",303304.317372718
"2513",660318.487408018
"2514",304382.970670758
"2515",346937.432637073
"2516",331491.815609624
"2517",211779.294605199
"2518",343975.229583416
"2519",549311.922164264
"2520",437545.189083132
"2521",333065.625235909
"2522",760505.00264243
"2523",237451.5039052
"2524",522277.498614292
"2525",607808.909748248
"2526",427116.957023543
"2527",307827.288231845
"2528",436515.539456235
"2529",356667.369832037
"2530",479426.849825418
"2531",610741.529320947
"2532",560108.793052064
"2533",242063.977887686
"2534",1270555.79456928
"2535",579240.451808236
"2536",500254.038014787
"2537",387157.229031299
"2538",1242458.43281017
"2539",612209.684769026
"2540",366633.758977339
"2541",1218044.73199851
"2542",1292195.95018942
"2543",722591.353282151
"2544",422255.974723935
"2545",266953.545881973
"2546",911411.908265058
"2547",236263.14164816
"2548",1066107.32224925
"2549",561477.203405077
"2550",448837.923672338
"2551",489581.445942882
"2552",229271.69198784
"2553",723083.101372363
"2554",365257.062391643
"2555",370819.68142165
"2556",471309.401810428
"2557",715602.386319698
"2558",224164.728791928
"2559",429130.057813919
"2560",249112.621348343
"2561",465581.476613146
"2562",242636.650467734
"2563",644396.213879241
"2564",638840.501608658
"2565",880763.311379766
"2566",486166.855610631
"2567",921427.908045514
"2568",678117.265626273
"2569",527823.014392566
"2570",1086893.93102231
"2571",539458.408092545
"2572",319218.614616071
"2573",516205.170726526
"2574",490640.763023965
"2575",1505831.22455549
"2576",291182.850409442
"2577",745095.854076194
"2578",526579.089571751
"2579",616462.803358821
"2580",300990.345948413
"2581",1063912.56066875
"2582",221526.959376901
"2583",272598.717400091
"2584",336005.761110632
"2585",368465.737172276
"2586",508506.52807247
"2587",752003.780537082
"2588",287184.370040821
"2589",445363.934979617
"2590",475972.887821086
"2591",517371.328576109
"2592",258704.514089248
"2593",235547.11397582
"2594",732997.731332403
"2595",581444.413628937
"2596",844835.338587775
"2597",466151.423622131
"2598",586398.963379745
"2599",801606.46114534
"2600",498202.900969609
"2601",225102.635457817
"2602",285121.743962664
"2603",739374.191415737
"2604",332302.221966211
"2605",155018.698574152
"2606",728852.079204797
"2607",796619.33248239
"2608",260142.436946974
"2609",756266.829570895
"2610",1002300.29544859
"2611",588128.275898884
"2612",182596.721550714
"2613",391005.319326581
"2614",349873.345735322
"2615",768660.913742817
"2616",673889.420279451
"2617",562331.384806864
"2618",1171291.1328286
"2619",494615.656314486
"2620",355208.233990687
"2621",536760.950035815
"2622",565995.513703729
"2623",817555.190774618
"2624",628115.632391003
"2625",225839.115793615
"2626",901295.523588421
"2627",273001.623143856
"2628",756323.044604257
"2629",442907.804573958
"2630",267479.758446225
"2631",311955.167951736
"2632",1124306.30863445
"2633",342587.936184204
"2634",387841.304611568
"2635",1638126.32492882
"2636",251084.479988443
"2637",778473.765884066
"2638",373254.214171888
"2639",1055001.50213423
"2640",420941.538245559
"2641",1559433.1628946
"2642",276054.988602824
"2643",1149304.8498712
"2644",1049638.13639418
"2645",584513.734389015
"2646",566527.422916541
"2647",319627.685431453
"2648",221878.767059865
"2649",924226.315050719
"2650",1850328.46178753
"2651",539629.536746798
"2652",860563.67382849
"2653",131751.455227045
"2654",1369205.88031166
"2655",1138801.80214285
"2656",429227.039824032
"2657",466614.261787497
"2658",396749.028624508
"2659",747918.388483278
"2660",292220.672918268
"2661",375661.153778724
"2662",483649.201487092
"2663",566588.972856858
"2664",556201.975997285
"2665",491961.043194047
"2666",495001.986169863
"2667",250726.137932025
"2668",712944.24905996
"2669",168561.298073563
"2670",285543.219666781
"2671",478797.666079438
"2672",533556.647303764
"2673",814644.279341467
"2674",216220.626921622
"2675",665411.348753434
"2676",326253.160826624
"2677",757677.972484428
"2678",638998.563864233
"2679",633586.951568679
"2680",17501.2063287196
"2681",185903.818865493
"2682",200758.094907225
"2683",237499.696091771
"2684",502800.580871652
"2685",1509106.00385348
"2686",719130.291565642
"2687",669935.557324362
"2688",967632.097953876
"2689",444315.484307261
"2690",465048.961575398
"2691",535924.629269477
"2692",472830.956987967
"2693",445494.59480903
"2694",562531.702039334
"2695",353061.950030207
"2696",360288.435861856
"2697",1458836.01218104
"2698",524277.4502654
"2699",450758.945279384
"2700",346234.78459378
"2701",648668.665310871
"2702",533153.800879045
"2703",640009.688118786
"2704",539587.121731589
"2705",425756.68044304
"2706",489952.176994647
"2707",304388.945137786
"2708",656694.595814027
"2709",423482.828318245
"2710",493562.108007824
"2711",317580.695022363
"2712",622047.199637755
"2713",402994.716965
"2714",786347.348628137
"2715",983338.987522668
"2716",735149.448650211
"2717",2189214.77363509
"2718",644384.300601786
"2719",106742.130488823
"2720",296935.915738723
"2721",203366.732454406
"2722",341410.125504722
"2723",1985396.48089883
"2724",432402.119953778
"2725",531324.103406424
"2726",409191.946304709
"2727",238292.198556717
"2728",692216.412097593
"2729",169538.609360512
"2730",317388.11263891
"2731",411778.233425451
"2732",472566.60975973
"2733",593118.905504496
"2734",97281.633894188
"2735",454519.512139063
"2736",555889.625373819
"2737",125334.755629737
"2738",217445.469911839
"2739",407388.430453798
"2740",279826.766839754
"2741",282971.061723231
"2742",519866.9713465
"2743",473632.372233889
"2744",138311.1666595
"2745",238707.484882664
"2746",487379.14617296
"2747",536451.929919958
"2748",184118.5901533
"2749",197089.952838447
"2750",365757.372930896
"2751",153377.390346668
"2752",269213.171020959
"2753",586790.065526914
"2754",513089.217410989
"2755",526310.56048695
"2756",270732.150810246
"2757",699579.148990547
"2758",765626.464032288
"2759",2112255.92405594
"2760",453154.47683761
"2761",245511.4079757
"2762",866357.57343694
"2763",423266.82203605
"2764",208273.536852292
"2765",247017.023956229
"2766",139533.781996655
"2767",958760.475646757
"2768",824287.685917716
"2769",437429.055309597
"2770",22693.9244684954
"2771",282893.912220674
"2772",281908.997900662
"2773",751445.760926285
"2774",403839.062453985
"2775",145953.09023108
"2776",486118.789453022
"2777",672514.469106752
"2778",100187.225394651
"2779",298252.423351901
"2780",835166.85592852
"2781",980987.109176963
"2782",481540.77814099
"2783",438091.380154935
"2784",287060.390316914
"2785",399491.854419684
"2786",321815.226525666
"2787",699742.036597986
"2788",1129351.2704183
"2789",867132.762524991
"2790",478746.926710618
"2791",402052.372567006
"2792",302964.680048754
"2793",570670.015915567
"2794",510318.71793975
"2795",417897.082892539
"2796",665089.300301572
"2797",544436.576835592
"2798",299441.828964804
"2799",128084.323784551
"2800",679202.187497152
"2801",144061.694135564
"2802",310426.113558719
"2803",651737.440854692
"2804",451793.086817188
"2805",353580.2584217
"2806",333607.923693111
"2807",262937.29317242
"2808",146077.861359034
"2809",711004.516026241
"2810",281750.929123085
"2811",379900.082415431
"2812",170178.214657248
"2813",380230.812581687
"2814",261307.812968126
"2815",284120.109947665
"2816",606247.124419363
"2817",687088.153043006
"2818",368077.831710246
"2819",630432.795046665
"2820",346346.595077746
"2821",1475859.37811265
"2822",687042.56191473
"2823",263741.9135997
"2824",603727.730217049
"2825",467861.184858481
"2826",560242.302781579
"2827",199397.038510997
"2828",432394.670469291
"2829",1063603.20114464
"2830",143643.199525309
"2831",162191.972491379
"2832",375432.227260297
"2833",646030.342230241
"2834",467366.238531662
"2835",181894.542245159
"2836",619526.162403469
"2837",525133.984122355
"2838",290473.615172774
"2839",599546.408606158
"2840",289345.28107512
"2841",714918.80418398
"2842",619315.664018988
"2843",289455.883501275
"2844",369276.731023334
"2845",643885.583010862
"2846",516783.077218153
"2847",429852.229322994
"2848",136364.343551238
"2849",368229.584222447
"2850",577246.807916423
"2851",573887.273306951
"2852",539577.297724987
"2853",819984.740551479
"2854",214569.645412237
"2855",368386.478425341
"2856",1105607.20708428
"2857",363967.556676703
"2858",1230265.36444875
"2859",368987.392271674
"2860",966268.718391249
"2861",136611.656069693
"2862",548060.507985343
"2863",547666.685939319
"2864",198058.175648872
"2865",308404.645785559
"2866",303284.07136831
"2867",308993.263246717
"2868",689265.288358528
"2869",510041.031890892
"2870",614263.835114365
"2871",595125.970836426
"2872",415189.272828644
"2873",652565.303234701
"2874",640913.150952808
"2875",852991.582474406
"2876",291330.137566494
"2877",563822.782904682
"2878",122982.616458556
"2879",791025.177349403
"2880",2219369.70135233
"2881",685719.859394013
"2882",431941.173733257
"2883",850560.757278215
"2884",405832.580042337
"2885",863286.361723386
"2886",558116.08160063
"2887",2149650.40016563
"2888",465692.567643316
"2889",942112.259976789
"2890",174184.737493683
"2891",577932.786446583
"2892",181178.869775577
"2893",537646.381446473
"2894",793365.141211572
"2895",306557.349522713
"2896",476693.881311216
"2897",255497.058512689
"2898",838536.452085295
"2899",1001127.09653684
"2900",467800.177982751
"2901",339285.168648598
"2902",593026.277396975
"2903",895217.01014219
"2904",641895.610938751
"2905",943900.317362373
"2906",162672.554583618
"2907",316767.915430624
"2908",484259.298427551
"2909",357400.04192034
"2910",307674.932947804
"2911",1637887.69283698
"2912",187572.172947734
"2913",948377.571026855
"2914",246914.97241029
"2915",812528.770917334
"2916",323960.206127646
"2917",679527.251164729
"2918",252633.696965204
"2919",1163985.38303875
"2920",349447.082681841
"2921",493508.327502385
"2922",229769.064539802
"2923",263886.818623339
"2924",469685.002857316
"2925",261711.908401345
"2926",701363.728432316
"2927",824109.488961023
"2928",996838.927353304
"2929",472733.618060223
"2930",287997.201183995
"2931",456637.456123428
"2932",471832.142846834
"2933",323393.37430722
"2934",449139.434268098
"2935",217410.350198012
"2936",153476.26801658
"2937",202962.604316031
"2938",686741.90046986
"2939",784927.307001938
"2940",398554.516332281
"2941",1519462.48017895
"2942",1013584.23774182
"2943",207532.146805025
"2944",1168671.2566234
"2945",156253.851332745
"2946",476083.75865878
"2947",304733.396288088
"2948",205566.775305272
"2949",385592.087851894
"2950",437195.988970816
"2951",753983.870405547
"2952",926310.615994292
"2953",367224.678247667
"2954",420543.918397154
"2955",786397.759108259
"2956",364868.233076673
"2957",211202.736587371
"2958",913242.556769444
"2959",190834.218393469
"2960",640533.945156364
"2961",733005.324742015
"2962",398347.135964247
"2963",467870.874303042
"2964",1406683.12707148
"2965",643037.221799395
"2966",348699.285995724
"2967",662250.650030148
"2968",565571.680832064
"2969",598074.596816407
"2970",1209557.46431597
"2971",166093.489244042
"2972",586311.535497151
"2973",486051.372135079
"2974",997480.929347333
"2975",379370.813826188
"2976",1129389.93590816
"2977",210927.349240943
"2978",1460420.0896322
"2979",435517.974244456
"2980",437875.395778668
"2981",1262160.8241633
"2982",477635.368696052
"2983",284215.01033961
"2984",496707.618154469
"2985",521634.363785779
"2986",683644.185318573
"2987",459242.627140842
"2988",489923.174205533
"2989",1039150.35824444
"2990",273267.16632887
"2991",344109.026121606
"2992",1165879.72136351
"2993",402478.964902978
"2994",892084.49242015
"2995",267006.586512188
"2996",128191.441224908
"2997",615157.337856168
"2998",145715.897143724
"2999",304665.353964618
"3000",561513.31392914
"3001",560023.250861333
"3002",861876.323479936
"3003",839631.901550397
"3004",767651.49974969
"3005",965932.013796214
"3006",524479.246090222
"3007",655094.955222315
"3008",366579.981647623
"3009",314793.035879014
"3010",414583.023279443
"3011",596670.834719619
"3012",478267.134394825
"3013",583056.910893325
"3014",1448913.19355449
"3015",612926.521960585
"3016",262614.290276158
"3017",395721.586795548
"3018",323618.00690771
"3019",354988.442333757
"3020",341720.706541827
"3021",539080.670278038
"3022",477139.348411403
"3023",704167.955446101
"3024",350414.502086657
"3025",256346.282286719
"3026",640523.512835492
"3027",483035.897895844
"3028",672699.141019086
"3029",421357.448718247
"3030",361840.947071933
"3031",316344.800224381
"3032",268976.065312681
"3033",595310.985844397
"3034",468963.501635464
"3035",627047.915005763
"3036",1284987.65212618
"3037",288547.073054176
"3038",254148.125644007
"3039",116843.961485824
"3040",698657.354379943
"3041",257544.505602134
"3042",312935.433959762
"3043",443213.067764457
"3044",710296.405077273
"3045",318889.886725616
"3046",207078.418791546
"3047",365213.481075694
"3048",426711.112549027
"3049",345674.997364967
"3050",502699.764792387
"3051",663435.290384636
"3052",295631.93452159
"3053",163133.353411518
"3054",630178.836509913
"3055",425432.458241889
"3056",785116.582141003
"3057",622088.920341213
"3058",779769.712868427
"3059",234344.795225638
"3060",506144.954660619
"3061",457824.698676446
"3062",1330062.95996002
"3063",333304.72184777
"3064",1056571.0847448
"3065",2565276.16546322
"3066",210660.654722856
"3067",3914.8767499782
"3068",862702.663558013
"3069",537427.64898569
"3070",517905.184295783
"3071",320016.311018056
"3072",288237.617766927
"3073",259359.249767663
"3074",422248.845062705
"3075",826855.039056435
"3076",441722.802223352
"3077",590911.295922188
"3078",942391.480604557
"3079",361035.894180872
"3080",628198.265373589
"3081",448085.357421331
"3082",415044.643126519
"3083",348326.615356873
"3084",383005.949760518
"3085",436669.929696199
"3086",462086.821988788
"3087",318588.440299935
"3088",367571.669908166
"3089",128483.555990466
"3090",274481.319240137
"3091",444595.187031857
"3092",411171.75235476
"3093",666858.260450198
"3094",435144.860289192
"3095",1556465.09141325
"3096",480239.90098497
"3097",548104.304771486
"3098",469468.770018906
"3099",462320.333994061
"3100",486480.927515574
"3101",300585.651640959
"3102",384163.207154807
"3103",169401.373894562
"3104",88163.712180832
"3105",311547.470353697
"3106",317667.625573414
"3107",649101.670131464
"3108",379538.174986594
"3109",166845.444649371
"3110",286464.078195696
"3111",210539.009397319
"3112",356009.345616608
"3113",740477.781961004
"3114",451709.761400127
"3115",327682.565245075
"3116",567430.751677477
"3117",370263.555815567
"3118",128450.835024602
"3119",484702.146227413
"3120",864581.025234353
"3121",704129.594594063
"3122",706177.658946864
"3123",402642.6575414
"3124",465716.930918205
"3125",506462.144899272
"3126",447503.341639491
"3127",602562.441809519
"3128",189418.657502796
"3129",1412969.47911786
"3130",639768.031626949
"3131",164311.57288554
"3132",517123.376197304
"3133",1239709.74911564
"3134",494993.279660635
"3135",845783.484491789
"3136",419749.645726066
"3137",510246.906657554
"3138",483366.4981578
"3139",448654.309284692
"3140",467326.365789477
"3141",433316.850830961
"3142",330935.720820458
"3143",519534.597760699
"3144",184713.932333899
"3145",277302.206432715
"3146",471654.865348096
"3147",499283.532090542
"3148",625929.940231858
"3149",417393.649563358
"3150",1038077.75094624
"3151",406451.252957392
"3152",557606.319159079
"3153",545205.43354085
"3154",402900.658915367
"3155",260888.010031135
"3156",388545.553827248
"3157",437018.872448428
"3158",1354092.02468864
"3159",522821.71802547
"3160",506125.274163437
"3161",360639.045334109
"3162",204566.170325072
"3163",461294.957260073
"3164",681857.564341203
"3165",574448.80888377
"3166",235608.937488891
"3167",504442.704325036
"3168",433389.659458022
"3169",688654.95363644
"3170",639658.105520469
"3171",549713.769067678
"3172",690644.913344069
"3173",419169.689805739
"3174",567054.882230505
"3175",431525.012762466
"3176",559334.917141179
"3177",985915.823443913
"3178",339301.452184138
"3179",320732.909294387
"3180",602300.67749528
"3181",442929.356247324
"3182",261633.202297043
"3183",218237.527984783
"3184",772715.481387035
"3185",607368.44254874
"3186",761898.12021039
"3187",194913.104261225
"3188",308916.01384796
"3189",1129883.44570377
"3190",572822.263339162
"3191",277581.220416696
"3192",214531.217044068
"3193",176081.470126296
"3194",710440.73835719
"3195",272807.975991599
"3196",178024.981979028
"3197",570306.265409891
"3198",1031482.14039096
"3199",636524.022430109
"3200",207825.099141501
"3201",949459.653916729
"3202",548533.803807478
"3203",259192.192504826
"3204",605220.072864639
"3205",890229.970648045
"3206",314805.247729173
"3207",337450.463416058
"3208",211722.647386757
"3209",1554221.40507864
"3210",794624.896636785
"3211",630088.577911683
"3212",935035.101121307
"3213",275083.063760995
"3214",396484.008751419
"3215",481132.402263042
"3216",699460.926048598
"3217",365917.856897203
"3218",1270848.60913757
"3219",781723.099805071
"3220",405524.985966205
"3221",598796.334572451
"3222",717522.312538488
"3223",112111.261261327
"3224",528104.523400519
"3225",127104.726610867
"3226",730233.689285676
"3227",847064.886131398
"3228",566042.619472886
"3229",560280.209667095
"3230",476515.052625466
"3231",771148.355151693
"3232",480710.361750983
"3233",265423.923599258
"3234",215156.131948206
"3235",170525.933774239
"3236",431956.854486342
"3237",827666.630975723
"3238",277392.110146954
"3239",1451349.46000263
"3240",293659.499913698
"3241",839742.886342346
"3242",573828.4892208
"3243",208070.39772465
"3244",934733.927965064
"3245",331364.072240747
"3246",486174.682090192
"3247",126262.468548514
"3248",466905.33735401
"3249",1115010.89386062
"3250",213474.658023194
"3251",1293924.12741233
"3252",919385.633363723
"3253",492845.624891879
"3254",707526.130675986
"3255",130912.877510577
"3256",236892.049013745
"3257",876067.19543786
"3258",529461.700423055
"3259",1044917.26739591
"3260",757667.390292734
"3261",239248.734854018
"3262",256575.362513087
"3263",795974.039203056
"3264",1022522.16133907
"3265",412916.038185137
"3266",567272.174268923
"3267",388937.721748404
"3268",301776.268295271
"3269",350364.337577136
"3270",417231.935596588
"3271",1176249.15858035
"3272",371580.12624612
"3273",1022845.24713561
"3274",616424.933560179
"3275",221054.065706974
"3276",667488.038866698
"3277",335305.015263709
"3278",638592.534796112
"3279",521548.362196744
"3280",114741.471701152
"3281",55943.9971312474
"3282",365941.635921492
"3283",289461.734445964
"3284",1170426.73142983
"3285",367270.387218917
"3286",163303.058553912
"3287",772858.340001393
"3288",166797.711262142
"3289",726206.92826433
"3290",551013.165923728
"3291",1022045.09000795
"3292",713611.098577107
"3293",457625.354825321
"3294",299603.368431251
"3295",413212.029958821
"3296",310696.668127461
"3297",476890.529380351
"3298",434298.130135398
"3299",292135.46001758
"3300",157427.883346624
"3301",588049.072495035
"3302",457236.001792023
"3303",477190.559769817
"3304",379639.302763167
"3305",341271.932745467
"3306",182812.619521031
"3307",926817.683358241
"3308",766652.346806426
"3309",193884.016939315
"3310",363584.519597401
"3311",1402030.3572266
"3312",266494.850508074
"3313",675266.477904811
"3314",476882.822999578
"3315",608486.486036015
"3316",962219.132120411
"3317",274080.345804811
"3318",126300.577216016
"3319",367121.900930875
"3320",704139.214403239
"3321",792385.309401419
"3322",1362969.88988557
"3323",198087.041879388
"3324",346947.000800724
"3325",778441.891673446
"3326",542866.64704348
"3327",1138006.62599238
"3328",100201.257853575
"3329",629547.247259626
"3330",445039.478665412
"3331",252040.714990389
"3332",353422.471713782
"3333",605400.024710104
"3334",248713.217266728
"3335",442713.218263085
"3336",778781.662652375
"3337",353903.75974
"3338",2075432.57511815
"3339",489251.298163596
"3340",378526.388489196
"3341",493081.766261804
"3342",256813.412291958
"3343",416172.01735349
"3344",421099.085207317
"3345",196134.104027573
"3346",730304.878496528
"3347",486572.584456105
"3348",648978.221249974
"3349",190904.603858012
"3350",175467.09076225
"3351",229576.70747989
"3352",309718.50036861
"3353",372313.467849241
"3354",487309.774244338
"3355",296790.377040145
"3356",1111458.31634939
"3357",499369.901761333
"3358",400727.43690653
"3359",439243.1840622
"3360",648321.595794345
"3361",358602.646141084
"3362",418371.139456019
"3363",1251532.92743571
"3364",385438.616934369
"3365",203836.958113579
"3366",606895.330118055
"3367",229156.108419186
"3368",675389.646473109
"3369",459052.705811688
"3370",646146.565150129
"3371",256390.134317956
"3372",1381824.56396862
"3373",435342.436233733
"3374",933527.282244553
"3375",349912.595294543
"3376",1474083.10906855
"3377",609501.971408062
"3378",878106.745784263
"3379",221809.834283202
"3380",294777.065820933
"3381",1668256.83682875
"3382",230756.388636705
"3383",601671.867643627
"3384",580790.783343154
"3385",1232178.3946494
"3386",360659.773180773
"3387",484745.785350305
"3388",197724.048513739
"3389",490340.268423236
"3390",811466.356503512
"3391",595696.98293899
"3392",397103.660146296
"3393",270060.867842424
"3394",390468.767390818
"3395",184045.219700203
"3396",597096.456806719
"3397",458592.57254723
"3398",619551.239657182
"3399",173387.088541546
"3400",467596.521088472
"3401",379981.89196964
"3402",568284.176564718
"3403",1101600.39854004
"3404",634987.279733082
"3405",384754.894012075
"3406",828512.023907218
"3407",179045.690090873
"3408",580935.960302516
"3409",400493.363719646
"3410",502947.849608345
"3411",906720.749154979
"3412",358943.080138297
"3413",879421.292730055
"3414",184540.309648129
"3415",744492.248103116
"3416",1028708.36192844
"3417",256291.279333997
"3418",447505.511596484
"3419",134665.381314252
"3420",245637.928683251
"3421",1748461.91667584
"3422",326444.3634951
"3423",395497.93142511
"3424",383111.138269557
"3425",703993.028307323
"3426",213026.184977474
"3427",234004.929434005
"3428",151739.672332109
"3429",430945.332804418
"3430",600550.977983315
"3431",648949.204615953
"3432",696376.233762457
"3433",644974.452371172
"3434",687355.451318931
"3435",531591.706881217
"3436",179013.639203426
"3437",300360.013069409
"3438",189806.758114517
"3439",406835.495914208
"3440",418117.154810252
"3441",965439.402025269
"3442",190155.110503587
"3443",452764.209185129
"3444",266675.106163438
"3445",664115.623647446
"3446",464941.970412306
"3447",727905.147185871
"3448",371384.367125599
"3449",501116.565772783
"3450",217385.800681672
"3451",1070327.86199302
"3452",1078574.89150309
"3453",281724.24605378
"3454",878504.375194642
"3455",428236.873281729
"3456",387492.340894036
"3457",169690.712132001
"3458",179036.833961563
"3459",962326.3738884
"3460",463772.694106527
"3461",680917.360458723
"3462",652949.80459583
"3463",239508.532174926
"3464",642633.203547796
"3465",355260.011795125
"3466",652367.529852787
"3467",381454.164909122
"3468",424416.904724536
"3469",408120.121925389
"3470",473254.724908948
"3471",437336.352745837
"3472",378925.746344522
"3473",966890.000305511
"3474",1122551.52791242
"3475",312152.176449349
"3476",525319.614453737
"3477",291481.929153856
"3478",995899.412537694
"3479",661778.737907504
"3480",738333.644335566
"3481",483498.872795023
"3482",599770.283687881
"3483",447410.045472914
"3484",642355.730596638
"3485",259548.15598267
"3486",499463.804393841
"3487",453506.405876661
"3488",127334.461357725
"3489",508326.959241314
"3490",498449.02483965
"3491",731293.605132664
"3492",416345.818338409
"3493",885239.559792434
"3494",399853.022892087
"3495",499566.082662773
"3496",441608.886845485
"3497",444201.759489394
"3498",153386.080140447
"3499",758186.115611527
"3500",552246.156167234
"3501",363875.027066507
"3502",453997.667590077
"3503",679459.282542572
"3504",578841.627964524
"3505",511128.441414846
"3506",153363.253226614
"3507",719140.054623949
"3508",450219.869267661
"3509",359751.127966235
"3510",419511.547596503
"3511",740930.968758328
"3512",340260.57264969
"3513",422676.566719757
"3514",524656.34523505
"3515",1164030.95635023
"3516",906420.729359065
"3517",1176497.32260939
"3518",347719.400756577
"3519",271081.668958515
"3520",1039242.02134789
"3521",502647.233330558
"3522",527645.922067153
"3523",216902.826808098
"3524",408896.253504395
"3525",1325842.15733229
"3526",959017.285672336
"3527",302353.625274488
"3528",1134964.61914302
"3529",256044.900910597
"3530",453598.738374145
"3531",1018612.02911591
"3532",788247.643827432
"3533",176629.973790827
"3534",510943.217370241
"3535",469543.136491338
"3536",317955.877752917
"3537",501428.422118374
"3538",507677.760528846
"3539",415265.959518838
"3540",168710.068304866
"3541",504696.752485368
"3542",1163432.303391
"3543",314397.533492906
"3544",441930.445227338
"3545",287645.732161057
"3546",331315.676311481
"3547",351228.31105711
"3548",394270.396392413
"3549",290156.660015941
"3550",505623.223326689
"3551",477788.570449252
"3552",440462.77787538
"3553",897310.810995716
"3554",183526.495187706
"3555",708307.240131793
"3556",209239.460067415
"3557",747838.858348647
"3558",332434.249704788
"3559",606668.285053086
"3560",188795.385269988
"3561",393214.905503223
"3562",546245.511227017
"3563",537152.811203995
"3564",408012.088784646
"3565",339220.85375496
"3566",607805.835047097
"3567",427973.358695851
"3568",451213.835662449
"3569",648718.787918187
"3570",219083.113988283
"3571",528938.453746302
"3572",530622.388776075
"3573",374070.911198507
"3574",695733.133637718
"3575",571562.231504924
"3576",296063.334257706
"3577",420688.851423981
"3578",668151.704646737
"3579",177060.413552721
"3580",916537.326627558
"3581",442022.345374135
"3582",263135.98125667
"3583",1144542.09576031
"3584",230729.557665611
"3585",271879.543353659
"3586",441101.665511935
"3587",293963.209482128
"3588",378404.838843383
"3589",259467.138733792
"3590",245354.190210745
"3591",483530.556581701
"3592",515507.986630118
"3593",852006.728928667
"3594",99103.2850263757
"3595",477536.350235065
"3596",384219.199668127
"3597",652258.018692467
"3598",573408.637705866
"3599",386066.056377437
"3600",438093.578543803
"3601",275543.501611807
"3602",608333.091559618
"3603",601502.829643352
"3604",213698.067495178
"3605",402943.859158229
"3606",293837.444119155
"3607",497186.514302056
"3608",167570.623635014
"3609",1877562.74540173
"3610",330538.052649533
"3611",285778.227883908
"3612",398224.702489253
"3613",61664.089186039
"3614",218897.658170538
"3615",1909120.41667522
"3616",336999.089531565
"3617",864328.317247018
"3618",633002.311467893
"3619",329445.867098065
"3620",396862.668165361
"3621",2149259.12271421
"3622",617655.649849202
"3623",297116.729187888
"3624",120327.736497155
"3625",345996.072293256
"3626",240536.836689595
"3627",513830.713260721
"3628",581563.555206041
"3629",592739.407487873
"3630",727713.152224588
"3631",728364.381764971
"3632",94154.2694945768
"3633",400426.676020364
"3634",468556.728535428
"3635",698044.504211219
"3636",741929.812861375
"3637",202450.064280626
"3638",986777.49778042
"3639",419803.063239269
"3640",431905.084608685
"3641",963505.853348763
"3642",538523.229735069
"3643",371443.518381756
"3644",329572.402844999
"3645",444075.966767038
"3646",535781.108195739
"3647",215723.365664848
"3648",478765.921860551
"3649",402730.799817035
"3650",1325443.0420246
"3651",407338.52247188
"3652",257937.477457993
"3653",486406.439419015
"3654",497551.421232308
"3655",475161.197567639
"3656",505413.962898942
"3657",612703.612776852
"3658",587734.044130874
"3659",1347315.9916552
"3660",561976.445960766
"3661",118472.659922738
"3662",435330.905283032
"3663",474923.713294678
"3664",383724.560767097
"3665",365619.30707299
"3666",904170.698321365
"3667",482650.068656105
"3668",532209.84436261
"3669",550346.057122393
"3670",715105.971241125
"3671",431119.021021475
"3672",290236.265842601
"3673",260450.808246846
"3674",694523.357892561
"3675",363946.934703735
"3676",583289.962786609
"3677",467575.987154118
"3678",157314.438551376
"3679",761221.622808981
"3680",1714966.74974553
"3681",278612.590490325
"3682",873453.69510092
"3683",699749.249654959
"3684",388579.281898376
"3685",465404.40538141
"3686",342887.809435248
"3687",284264.940617613
"3688",551914.931234666
"3689",559615.724258109
"3690",446292.610496707
"3691",588684.771245894
"3692",689474.488126414
"3693",590771.17610407
"3694",222862.007121816
"3695",1400783.9116591
"3696",615272.928009804
"3697",329503.994589882
"3698",429145.67542876
"3699",892779.282668222
"3700",669644.98646681
"3701",1120745.34307182
"3702",922268.242547895
"3703",640079.576361754
"3704",1049218.01155151
"3705",313268.983096363
"3706",531708.19486223
"3707",236087.686789753
"3708",286781.041052954
"3709",285059.333444201
"3710",380982.468838345
"3711",423467.125834234
"3712",164986.393501281
"3713",621354.153976316
"3714",165096.955648275
"3715",559638.504458694
"3716",496209.305389624
"3717",495975.013704514
"3718",429851.12657402
"3719",466840.719506046
"3720",472486.922474825
"3721",219907.334778123
"3722",64921.2386867727
"3723",292848.898340467
"3724",886510.024202459
"3725",283810.885774927
"3726",557871.529010154
"3727",1051621.10488443
"3728",451735.185089432
"3729",279079.588448443
"3730",942550.54093279
"3731",575247.595593997
"3732",922340.303461959
"3733",447197.927996463
"3734",843369.026031971
"3735",612369.913817847
"3736",522286.052096085
"3737",245606.409298506
"3738",347925.860430714
"3739",331300.108975687
"3740",173889.736096948
"3741",910304.640303537
"3742",410499.665001601
"3743",477026.675234373
"3744",431822.167312514
"3745",237232.168672497
"3746",313831.912401942
"3747",383360.61174286
"3748",633498.434811951
"3749",687037.922264052
"3750",371204.598236251
"3751",960437.751339693
"3752",224581.004641849
"3753",560263.936359519
"3754",465170.537741172
"3755",511027.424662398
"3756",42872.1423205601
"3757",822514.061521478
"3758",546086.945278036
"3759",825493.277394694
"3760",1126517.04764811
"3761",493074.189377649
"3762",513233.174896108
"3763",647850.974892442
"3764",405889.358650871
"3765",300572.039736742
"3766",625365.215353105
"3767",921208.574168478
"3768",354799.045038913
"3769",822564.814146165
"3770",451046.20942097
"3771",175387.081640007
"3772",479833.702717728
"3773",345025.958198091
"3774",534678.575217277
"3775",387035.124563641
"3776",345241.640590686
"3777",437629.180471097
"3778",327034.520239594
"3779",400276.17487422
"3780",232458.231581343
"3781",1014621.68043002
"3782",434365.381690314
"3783",322753.643677835
"3784",346606.306030907
"3785",2026877.51373205
"3786",282816.114824859
"3787",2244833.65843655
"3788",806920.11470056
"3789",1235432.79059624
"3790",377732.65495217
"3791",326120.531297238
"3792",1426650.61113642
"3793",762886.949553665
"3794",1230458.01464921
"3795",856239.877976577
"3796",191392.127847432
"3797",308174.804849676
"3798",273265.365833899
"3799",546766.565080599
"3800",387407.87805319
"3801",236498.935959398
"3802",305038.418001369
"3803",742516.555445293
"3804",1426729.30507814
"3805",835350.880269387
"3806",227643.420390035
"3807",377489.399425327
"3808",444882.92245352
"3809",656669.333931895
"3810",777354.144723215
"3811",419575.491444935
"3812",568833.847746753
"3813",1257590.87219512
"3814",858436.297916792
"3815",274126.906125866
"3816",316062.868158811
"3817",554921.155425315
"3818",247392.144773352
"3819",416926.791565518
"3820",881530.884456744
"3821",647418.088561623
"3822",652890.445893963
"3823",481703.21249779
"3824",465989.805268986
"3825",160657.795672613
"3826",219121.780911534
"3827",679876.308130014
"3828",443531.402357673
"3829",795112.144437404
"3830",1501143.20161211
"3831",234050.191851785
"3832",367104.033023271
"3833",1037085.59417377
"3834",591012.40480461
"3835",512112.042174825
"3836",675954.874049878
"3837",201518.246848703
"3838",1201235.06699937
"3839",1007542.65657346
"3840",813027.994230206
"3841",394066.995831755
"3842",412053.165977845
"3843",435021.554317761
"3844",208054.34807693
"3845",721669.423487067
"3846",157218.316478112
"3847",275002.927837913
"3848",778545.523565323
"3849",209794.901077241
"3850",1325120.82791501
"3851",495853.87154858
"3852",290660.544142316
"3853",423259.935798927
"3854",571638.58874999
"3855",705961.528931885
"3856",1337155.56929127
"3857",439987.324898559
"3858",967330.96783899
"3859",483434.93226429
"3860",392139.152965857
"3861",1373160.5347527
"3862",366655.740858041
"3863",509777.568860634
"3864",396488.647449996
"3865",443500.116779205
"3866",355688.454523225
"3867",297452.721568747
"3868",566750.313431985
"3869",787191.197596903
"3870",891299.594153576
"3871",496283.026065196
"3872",738789.738210336
"3873",971909.099448119
"3874",771296.262240338
"3875",831148.536560386
"3876",515215.32685764
"3877",479194.192891748
"3878",287151.206927654
"3879",670508.96622367
"3880",505534.943172935
"3881",279913.53062138
"3882",1498379.50416545
"3883",408719.424377368
"3884",481409.892059087
"3885",272089.874658606
"3886",2066628.82294502
"3887",735836.929248356
"3888",427386.163664704
"3889",204421.419537343
"3890",424364.350463976
"3891",380969.900126421
"3892",760539.598903652
"3893",1012617.98316889
"3894",533056.99035963
"3895",492324.18990052
"3896",351917.321241514
"3897",616480.566152351
"3898",473147.786147444
"3899",495433.403287081
"3900",596154.998111627
"3901",607327.767169715
"3902",469844.781364757
"3903",897027.820971497
"3904",274846.857717027
"3905",761375.418397031
"3906",862593.890379895
"3907",605596.775006959
"3908",557759.090672175
"3909",992252.350240741
"3910",353991.255412482
"3911",420412.561258326
"3912",332046.363198969
"3913",620899.636964847
"3914",376777.813890663
"3915",526792.399542689
"3916",693837.202448888
"3917",436082.222939755
"3918",435997.557617579
"3919",791640.310205245
"3920",835692.944267637
"3921",572712.785143834
"3922",942484.684973898
"3923",253619.090916905
"3924",819485.827662214
"3925",476903.776740361
"3926",482299.0277825
"3927",440836.143628254
"3928",801749.318867002
"3929",171273.296671128
"3930",546496.180527065
"3931",885185.204592813
"3932",501482.119475103
"3933",365508.98106545
"3934",821123.439692819
"3935",791994.815469556
"3936",462922.431631701
"3937",273262.672679269
"3938",312856.89742001
"3939",515636.193476877
"3940",1445608.84145873
"3941",1064649.98599367
"3942",1044504.86903517
"3943",404646.804260599
"3944",575997.659843657
"3945",640525.386489292
"3946",482614.674859081
"3947",983080.164490974
"3948",374778.001498237
"3949",634328.95790405
"3950",891715.917929746
"3951",619554.067346085
"3952",496186.735045834
"3953",696023.778767348
"3954",1056235.88191482
"3955",318868.481003205
"3956",702200.650193609
"3957",1496432.82408192
"3958",443789.132343701
"3959",479962.542271917
"3960",586328.619485416
"3961",569206.079329547
"3962",611484.345509875
"3963",641118.390335309
"3964",1321211.71161669
"3965",822644.342019122
"3966",242592.634223615
"3967",591198.142184923
"3968",349206.587313675
"3969",602460.263081738
"3970",439280.111536643
"3971",516638.264795316
"3972",482135.780624252
"3973",575337.241934802
"3974",577632.734332968
"3975",685916.016399006
"3976",222490.772419356
"3977",499009.731455678
"3978",535297.98009095
"3979",902544.95320926
"3980",531596.069852844
"3981",305883.307732874
"3982",1070015.62728554
"3983",720904.437382446
"3984",608698.565880731
"3985",559574.898872028
"3986",793412.202812984
"3987",501823.543821122
"3988",478211.525144597
"3989",286131.485766848
"3990",1011887.22159345
"3991",321463.882955252
"3992",470285.083221185
"3993",789993.192713021
"3994",743134.806819186
"3995",522394.136692385
"3996",376632.616931927
"3997",1295952.68929202
"3998",690850.54449517
"3999",195334.807352212
"4000",716250.690297463
"4001",322846.782698837
"4002",1212033.92082846
"4003",671162.580012623
"4004",531831.096910842
"4005",1076527.97945689
"4006",475624.526163816
"4007",520239.914595618
"4008",292383.778915361
"4009",540274.048777303
"4010",674249.386895564
"4011",493206.003111011
"4012",188692.463627055
"4013",542687.840298862
"4014",780349.200122897
"4015",602091.157208151
"4016",1104543.3277696
"4017",326435.316465133
"4018",1204206.28367051
"4019",284571.079575136
"4020",404655.282469943
"4021",387665.149056566
"4022",248757.665432035
"4023",1828466.88516093
"4024",316480.430735312
"4025",1106089.65819816
"4026",544734.332248884
"4027",671975.858427082
"4028",429804.786214881
"4029",728006.097850041
"4030",958482.305969495
"4031",1488202.93365262
"4032",539247.639427403
"4033",779177.866738025
"4034",758118.963363713
"4035",506680.958971007
"4036",537607.65183435
"4037",692115.454385487
"4038",634950.677141435
"4039",315396.834065803
"4040",1506466.69882836
"4041",415548.69223484
"4042",201680.739867398
"4043",451811.91550145
"4044",473161.347573178
"4045",433965.790314955
"4046",402544.917665337
"4047",437071.318805374
"4048",743352.453722143
"4049",133554.443349228
"4050",309352.589743029
"4051",248621.242867489
"4052",708584.874391297
"4053",433685.535866256
"4054",594160.732637085
"4055",453258.161451955
"4056",272243.968694692
"4057",898772.779215151
"4058",449168.307427539
"4059",1043834.14048757
"4060",182267.413812952
"4061",778958.795548299
"4062",685877.313302278
"4063",549154.115053373
"4064",685552.796825214
"4065",446089.118023747
"4066",504209.481748021
"4067",889905.009430368
"4068",440064.563470338
"4069",549945.362263742
"4070",495976.615782552
"4071",575259.718817507
"4072",468146.510528144
"4073",525510.495736861
"4074",376249.049512612
"4075",353667.498487431
"4076",585952.777660465
"4077",337063.104865978
"4078",191004.717466416
"4079",461071.055211936
"4080",301450.382970899
"4081",323406.219623456
"4082",328607.523329003
"4083",501206.038019806
"4084",474074.678240859
"4085",245927.313785517
"4086",716633.091829602
"4087",486126.216851982
"4088",537774.530473501
"4089",798442.032732566
"4090",283822.745208298
"4091",1478240.34416366
"4092",948318.904533978
"4093",1298239.15026929
"4094",1267259.29524556
"4095",392538.441056119
"4096",329983.754460231
"4097",462832.834332024
"4098",353739.075876435
"4099",414265.365220266
"4100",966484.065408645
"4101",555451.690469625
"4102",258460.049819235
"4103",527957.429165905
"4104",377076.241175743
"4105",831013.952372373
"4106",282997.053241674
"4107",1285305.11901805
"4108",508618.56959421
"4109",315542.419386282
"4110",996039.661549583
"4111",415423.166104184
"4112",552146.78447067
"4113",678803.526101541
"4114",658015.719811624
"4115",397586.795126668
"4116",223303.931297688
"4117",528995.306507376
"4118",499254.05203012
"4119",677094.805756029
"4120",428430.402305267
"4121",344892.878419799
"4122",869906.906309947
"4123",341128.942279147
"4124",268385.337864098
"4125",538407.827367907
"4126",438836.022818543
"4127",318071.399095563
"4128",366758.967806548
"4129",514838.973955065
"4130",793082.754323551
"4131",951402.621380427
"4132",554788.10991707
"4133",581849.698527545
"4134",831597.020473006
"4135",725930.07227922
"4136",458933.696827257
"4137",613117.950909881
"4138",1181088.28889101
"4139",1017576.14450475
"4140",1363330.79731214
"4141",161824.767279503
"4142",816707.864732327
"4143",298498.442870622
"4144",453196.959542652
"4145",675096.696643658
"4146",513322.070999459
"4147",314512.465746698
"4148",652856.01875361
"4149",272905.418785425
"4150",424746.970272528
"4151",377396.092307476
"4152",887131.196367479
"4153",481530.369187141
"4154",855445.535851936
"4155",694702.018601454
"4156",679394.632515343
"4157",534238.663712948
"4158",561333.638836247
"4159",482606.430646865
"4160",410008.968868182
"4161",324960.89185566
"4162",320200.196132843
"4163",729258.109617509
"4164",1166039.34950844
"4165",398368.773956946
"4166",236063.367246641
"4167",434653.93369124
"4168",610863.843511216
"4169",659806.360248949
"4170",450751.389098092
"4171",450147.407018336
"4172",439056.541469907
"4173",1655924.09934597
"4174",516931.053971094
"4175",599250.1284955
"4176",426452.909708518
"4177",454079.798997253
"4178",424790.73935972
"4179",474903.554500509
"4180",563745.464617738
"4181",826793.359760366
"4182",334728.477691656
"4183",824278.715730832
"4184",391173.918008764
"4185",474067.16860916
"4186",343506.49469645
"4187",1670397.52576118
"4188",1401950.7168548
"4189",421955.236125785
"4190",424996.349661156
"4191",1593868.74330469
"4192",391180.41415144
"4193",336223.728407421
"4194",387483.526280005
"4195",895500.514341053
"4196",743893.002000355
"4197",528540.829798248
"4198",243238.799988974
"4199",1008348.86675054
"4200",462997.813430654
"4201",480189.40472191
"4202",477231.314398544
"4203",431879.961279682
"4204",296681.109616569
"4205",966947.424974771
"4206",572511.350775617
"4207",721752.523464165
"4208",754091.430792629
"4209",623525.419438432
"4210",347664.721831486
"4211",1333259.26420514
"4212",547680.093429612
"4213",1313846.5634923
"4214",800497.966169026
"4215",416443.594269933
"4216",508040.306862087
"4217",411322.007631631
"4218",302471.195066795
"4219",392444.477926871
"4220",1551958.21244216
"4221",447763.65947423
"4222",613669.19215639
"4223",502086.007301779
"4224",575890.356942822
"4225",1090908.72148753
"4226",378251.733045328
"4227",529578.69130949
"4228",434903.54212447
"4229",337177.733438853
