"","s=0.01"
"1",359555.453346077
"2",623758.042257122
"3",360877.153091307
"4",560804.841466984
"5",315958.044685415
"6",597834.213534289
"7",907728.04785186
"8",507758.441843717
"9",326074.65631516
"10",512856.059043781
"11",414466.226975837
"12",431433.681893509
"13",449146.742830935
"14",428914.93375004
"15",468170.566805398
"16",717758.475765542
"17",670076.284452444
"18",327550.526400639
"19",637487.724877269
"20",312336.392834272
"21",520692.298202535
"22",336369.230262887
"23",380096.30139273
"24",462153.313850043
"25",639786.220233402
"26",343957.506769676
"27",1020606.97086989
"28",338237.483439253
"29",401520.337392165
"30",459004.612144286
"31",291493.293328842
"32",571950.096921818
"33",596422.77165757
"34",279876.307255553
"35",417764.652457619
"36",384641.661579752
"37",382722.651291058
"38",965312.878664528
"39",871440.365627619
"40",415737.197575846
"41",498808.421868692
"42",283211.664480779
"43",364299.021780904
"44",502053.533581196
"45",306801.433038551
"46",905017.547714166
"47",950309.254882122
"48",584900.96231586
"49",495797.974666828
"50",482419.60748552
"51",499813.253226146
"52",448681.087957395
"53",1217128.82210214
"54",1217128.82210214
"55",362825.130002689
"56",514022.497025184
"57",360568.322261385
"58",352327.434291557
"59",475264.658592631
"60",329832.436430355
"61",579185.907651927
"62",674423.374150221
"63",366877.924425085
"64",490385.029818872
"65",570413.998186234
"66",365243.197147339
"67",269538.662466848
"68",544191.692526584
"69",333823.819542624
"70",382916.050584106
"71",690771.786266788
"72",875804.002682655
"73",459880.889245111
"74",459500.315923771
"75",392343.445789751
"76",559013.815163982
"77",459740.047640573
"78",464263.997847978
"79",397319.332678485
"80",803668.279731198
"81",548753.532668258
"82",310191.259448548
"83",418037.904038747
"84",384809.481199796
"85",559927.354085724
"86",638413.749858585
"87",469189.375793043
"88",299622.03385473
"89",641953.356558949
"90",1128499.63896819
"91",526613.735855585
"92",327702.390472573
"93",282712.314633773
"94",339825.196868689
"95",334614.968290185
"96",580141.228658596
"97",440680.543780418
"98",475550.586510941
"99",374920.410230746
"100",276913.049744788
"101",1337651.03711071
"102",360622.898135718
"103",396228.84730096
"104",421298.292273429
"105",372834.211856965
"106",635030.84671066
"107",350129.240152982
"108",312855.967029104
"109",1167472.7322551
"110",306124.677626216
"111",1981806.62232934
"112",311564.330544908
"113",397555.815538805
"114",466274.383190498
"115",1650911.50896921
"116",492915.792091426
"117",1126494.15892472
"118",282949.539297552
"119",478927.414722575
"120",318030.45365058
"121",341205.178560142
"122",420115.195468127
"123",447091.187899619
"124",502819.505772604
"125",426650.773291005
"126",373984.68360041
"127",855699.900906016
"128",752277.572050827
"129",543867.624913424
"130",665766.767816996
"131",452682.300751942
"132",761594.824211373
"133",304218.920627343
"134",476305.125987599
"135",816212.048206532
"136",475252.617142248
"137",768467.834896995
"138",307097.792525904
"139",493714.590889892
"140",324510.530859072
"141",389964.014744312
"142",428372.982312517
"143",323650.586852447
"144",439733.325299358
"145",671687.501475158
"146",621283.129677967
"147",339903.374361355
"148",300894.705386318
"149",449334.05882194
"150",449564.96505451
"151",355442.769800174
"152",306336.178646973
"153",363667.125190366
"154",1146145.15484174
"155",482196.851837579
"156",453783.78069022
"157",468120.185155065
"158",320556.826164716
"159",455339.635306102
"160",512746.202798068
"161",1016249.40529993
"162",552430.977494565
"163",364381.739968751
"164",547899.081913583
"165",315530.533318082
"166",466221.727006784
"167",316741.911788939
"168",473936.56979094
"169",401461.21297928
"170",329489.091608325
"171",379367.013101197
"172",704596.059414124
"173",474499.636275363
"174",435344.820698189
"175",306799.295397414
"176",444370.69476268
"177",347719.721529295
"178",311664.395729084
"179",476636.371058731
"180",317978.700154498
"181",404137.88379047
"182",363290.531347254
"183",665801.572760542
"184",431567.401014023
"185",488818.060492957
"186",867706.591797786
"187",338760.926426893
"188",519419.997472078
"189",325664.314739495
"190",376448.275971923
"191",350305.978909259
"192",479457.220117516
"193",348302.71516867
"194",335738.519206902
"195",447766.121946825
"196",395399.186207866
"197",408322.618223362
"198",351648.559774209
"199",591632.077057905
"200",325702.079110106
"201",441520.783878759
"202",369113.751215369
"203",274877.17221939
"204",377780.83585766
"205",387617.523986758
"206",439406.036622263
"207",286723.230516378
"208",382985.039682303
"209",435804.432267604
"210",372408.999109025
"211",302882.618061266
"212",417776.107292631
"213",383360.578399968
"214",469154.390188258
"215",465472.711035619
"216",317590.068284881
"217",376413.059508094
"218",335016.298511868
"219",302920.878768122
"220",425882.48738577
"221",415112.286807565
"222",738153.039858979
"223",296221.657786635
"224",260497.563656721
"225",374207.605767015
"226",309881.988273283
"227",744295.595047673
"228",698477.925530755
"229",565616.789951102
"230",666078.224922265
"231",317740.189719143
"232",419691.426700681
"233",453352.709301089
"234",331593.176256021
"235",301907.873745692
"236",358808.581094558
"237",436399.8819698
"238",535366.186491036
"239",407583.002012891
"240",748491.500176273
"241",386867.929471088
"242",417167.457090189
"243",494095.987902176
"244",351230.146466284
"245",616114.86715869
"246",340653.395853081
"247",367791.764620361
"248",311478.764306646
"249",398466.31856993
"250",615502.573324782
"251",927278.768315052
"252",549322.784516013
"253",483035.872599263
"254",535717.027923769
"255",390639.39156772
"256",467459.857910048
"257",313729.370205679
"258",506985.023496074
"259",464644.997004689
"260",409790.214861031
"261",952949.811705678
"262",435874.728245021
"263",404888.080723498
"264",573070.933806374
"265",501881.868697114
"266",545678.50002479
"267",571551.510477519
"268",569718.47164742
"269",543172.915616231
"270",610340.267809511
"271",390614.702047696
"272",397184.984775214
"273",273818.472509931
"274",468209.362079344
"275",431899.290444531
"276",442873.831708179
"277",342270.918677746
"278",420270.271412108
"279",597352.181736997
"280",344655.559127694
"281",630711.237087631
"282",461841.087201154
"283",586164.021802125
"284",313951.292338007
"285",649398.818490616
"286",589249.219513835
"287",586241.316197431
"288",1906403.36682195
"289",276529.788748735
"290",456064.587888735
"291",365944.50580666
"292",476397.375983823
"293",489184.776723142
"294",476243.969613513
"295",511119.249189045
"296",305046.87829788
"297",631349.365187185
"298",335854.206200829
"299",402976.097908788
"300",941165.821341127
"301",318731.592693027
"302",293452.838109605
"303",669467.776599673
"304",370862.595523889
"305",391933.212283202
"306",812638.412014244
"307",292361.069974012
"308",289852.869516428
"309",622806.912903896
"310",576907.039005533
"311",529308.765902637
"312",378719.177273494
"313",290644.597813662
"314",489078.474460367
"315",505141.884700079
"316",1849543.98705933
"317",362910.653284652
"318",386561.118063106
"319",569411.689434861
"320",381528.145251302
"321",628542.328236529
"322",666939.653056857
"323",326242.295951943
"324",324868.209127469
"325",462209.752146335
"326",316121.660535919
"327",532335.598211675
"328",330707.753314219
"329",373401.026090443
"330",529130.059591179
"331",403637.55308555
"332",370610.499726684
"333",581594.673268759
"334",613290.220278022
"335",513131.065646146
"336",382035.020881904
"337",303539.583566346
"338",534968.226687013
"339",417745.553405393
"340",430809.755861009
"341",338100.228925385
"342",568481.638556257
"343",367780.361430071
"344",352424.688222629
"345",302966.657230424
"346",460229.043040108
"347",361211.611096744
"348",371849.586583553
"349",524909.114908154
"350",329757.249852099
"351",300299.442420034
"352",407868.410679267
"353",385044.70146172
"354",771165.621654633
"355",431116.136808367
"356",383629.223369525
"357",333971.582226616
"358",470375.258644773
"359",326444.02501991
"360",437440.779196049
"361",331233.250081045
"362",590123.194725329
"363",1040774.46796835
"364",437717.573000995
"365",341399.02403626
"366",452903.511303276
"367",541531.232381243
"368",427941.028334331
"369",473365.636029839
"370",479206.156844791
"371",307686.65088266
"372",512884.864625137
"373",335561.32228971
"374",493696.014942124
"375",310577.026216826
"376",816284.415270764
"377",371549.420587243
"378",415198.785770726
"379",334662.141379903
"380",527975.59538922
"381",421868.149519601
"382",591545.054986125
"383",419764.712125431
"384",419764.712125431
"385",442937.417003564
"386",420115.549906081
"387",490015.708516367
"388",526575.252840681
"389",470668.644176112
"390",635853.023139326
"391",1772155.41951604
"392",357394.20744735
"393",575992.386074384
"394",760800.719201211
"395",365527.900670975
"396",450959.499473099
"397",337393.913380403
"398",445605.124107224
"399",552417.5175214
"400",293265.224637041
"401",907595.321444893
"402",324834.607750557
"403",624019.6887941
"404",284224.670916152
"405",404269.315874408
"406",653442.414139311
"407",358083.730877813
"408",464455.57130296
"409",452129.091741546
"410",280345.887864319
"411",294773.791108859
"412",499183.562739064
"413",378133.480560189
"414",312362.282614527
"415",654673.522225864
"416",384611.217923908
"417",318808.994450759
"418",414423.934671833
"419",497552.816457041
"420",295661.683763229
"421",320714.257257527
"422",990459.170653526
"423",270438.868045403
"424",501055.330061881
"425",642292.398357418
"426",490735.640970583
"427",583314.705892052
"428",1581025.01240705
"429",843473.557172512
"430",431335.200589489
"431",792720.963691836
"432",481470.908605122
"433",596547.94448238
"434",418590.324499405
"435",423441.597430632
"436",535516.278485751
"437",373969.46932562
"438",458241.123310484
"439",507221.062817293
"440",430398.031749004
"441",379727.27881312
"442",403889.084348717
"443",345065.389276972
"444",587771.131811405
"445",356828.314963141
"446",521776.075721615
"447",484924.831154023
"448",601753.944557413
"449",395117.61333008
"450",618105.72079093
"451",1002961.71913667
"452",383542.086786108
"453",478455.084512312
"454",420057.458073642
"455",443631.933609543
"456",446860.523699556
"457",341799.106865278
"458",534133.773784766
"459",428524.165565607
"460",410222.793385372
"461",1077054.6994441
"462",287212.96178076
"463",609678.683051442
"464",467868.202122051
"465",379296.64476035
"466",688580.052260363
"467",399839.575643614
"468",256902.682482334
"469",259536.437821119
"470",540091.959534496
"471",765279.735696853
"472",342084.385164437
"473",402258.6970773
"474",454858.117290771
"475",491928.562962976
"476",475481.085155295
"477",458551.6050232
"478",468005.134246612
"479",346755.567844272
"480",447803.218275787
"481",283511.235197643
"482",435261.23879395
"483",391223.553466198
"484",901402.440220018
"485",428868.53281493
"486",381012.063209283
"487",442001.364344066
"488",702825.442248798
"489",439392.160112078
"490",318942.425674184
"491",562036.995980114
"492",441341.169764009
"493",287265.668050781
"494",363065.402930269
"495",811625.228738513
"496",300857.865884672
"497",589735.781004111
"498",952597.544101152
"499",747515.885166482
"500",428031.183791217
"501",331364.195636043
"502",362372.73715531
"503",496485.067811918
"504",392647.351638985
"505",327971.468414737
"506",382458.124916974
"507",290337.532443153
"508",358210.166507054
"509",945819.03471474
"510",806745.274390399
"511",374682.679725054
"512",377201.382961871
"513",576236.815228323
"514",540550.856439733
"515",613320.588919572
"516",1003291.74567148
"517",1003291.74567148
"518",367073.003290322
"519",321589.617440703
"520",497884.434082039
"521",344811.460301106
"522",371965.224499249
"523",567309.184880077
"524",445178.771740373
"525",452310.765009173
"526",304267.702930366
"527",295415.345274852
"528",335779.339426289
"529",865858.656105987
"530",484864.620639507
"531",384613.276340288
"532",935453.039509367
"533",835835.255772828
"534",579519.310614491
"535",455780.108219357
"536",681147.783291143
"537",629259.216085079
"538",611187.231449304
"539",393537.551844083
"540",415833.783341869
"541",470227.816972392
"542",409932.120042699
"543",492166.518547113
"544",518872.072394432
"545",554038.084023952
"546",321563.164464061
"547",386474.192781326
"548",441242.039352506
"549",781738.456008995
"550",520021.801834904
"551",347409.909321794
"552",622513.412699446
"553",694277.282742599
"554",799454.526872649
"555",425769.29804294
"556",497093.835354779
"557",411151.607839653
"558",473292.368152096
"559",351494.267289719
"560",450354.362253406
"561",564521.631762356
"562",548188.001259363
"563",361022.145569412
"564",621491.689885152
"565",303384.009323368
"566",429419.947707138
"567",483376.117201503
"568",327196.702626955
"569",754936.861760731
"570",373884.917270227
"571",337334.333821639
"572",452406.625034192
"573",403791.541692111
"574",312168.589263243
"575",409658.390405293
"576",296518.617635654
"577",401655.01955046
"578",332866.145087681
"579",932657.986723604
"580",425215.249724688
"581",519367.764242948
"582",376898.02539147
"583",522002.669250574
"584",382705.02255374
"585",377325.042279661
"586",372845.798327206
"587",326044.474532844
"588",421831.176098651
"589",299516.979769335
"590",339209.497644506
"591",274695.910365073
"592",272319.833198254
"593",471638.202786339
"594",374058.562712078
"595",422135.854839776
"596",606488.521545356
"597",500403.799505352
"598",455516.604121464
"599",445751.232315337
"600",510706.096881642
"601",508379.503853737
"602",702273.232567273
"603",458027.469320972
"604",351476.737212438
"605",337426.278962162
"606",503899.067700043
"607",278450.431967077
"608",485578.415362891
"609",355791.786420367
"610",537593.406441533
"611",1162329.06556691
"612",478840.35442142
"613",429683.699856696
"614",425528.851316221
"615",506020.051909494
"616",305431.711735426
"617",730297.697014287
"618",282563.599844936
"619",402068.325534784
"620",435051.31129156
"621",497942.456367128
"622",316786.251628637
"623",313984.49101472
"624",310823.196325724
"625",566961.964877236
"626",441825.228381363
"627",361207.376631614
"628",327024.791477814
"629",522527.7584056
"630",456044.329195791
"631",314255.094439899
"632",447177.474761816
"633",373960.052094534
"634",317995.480401771
"635",342754.853869027
"636",414283.820052758
"637",487461.79651045
"638",365039.446582415
"639",297287.092973388
"640",418412.754242024
"641",366381.910626839
"642",324471.644749012
"643",306143.137122525
"644",406670.723457125
"645",369558.421278795
"646",613658.124874506
"647",336473.583022157
"648",351630.196127945
"649",505159.730385062
"650",508812.992129775
"651",277543.704082705
"652",898527.134836259
"653",504898.303575936
"654",384235.265540029
"655",510514.583209713
"656",283857.8148834
"657",341433.962919026
"658",279750.335505863
"659",502041.338445637
"660",524603.769534601
"661",435045.60854677
"662",533610.793121194
"663",823443.829998654
"664",384513.053137448
"665",335232.916869941
"666",304428.533111931
"667",634661.558714558
"668",388603.364823914
"669",611504.878807933
"670",557897.024943955
"671",348040.457276435
"672",478936.229175092
"673",1192747.83041285
"674",421478.717640564
"675",492303.750428775
"676",665085.247686806
"677",752598.434847007
"678",276281.481467974
"679",560016.79899334
"680",335145.581750858
"681",443292.507393923
"682",329541.451800589
"683",581171.835830554
"684",412879.34970652
"685",405041.935639292
"686",471362.124618322
"687",461264.063503979
"688",378402.154271543
"689",485466.956071132
"690",388899.943556823
"691",370205.999270519
"692",1331862.33954519
"693",386881.576518998
"694",548859.667360167
"695",391859.793318594
"696",437961.056000677
"697",426408.882063317
"698",362112.96579567
"699",452340.230711386
"700",1230324.50856056
"701",462491.388919866
"702",869468.498582108
"703",468886.439372353
"704",323948.065378613
"705",397593.01505054
"706",317783.334035341
"707",481133.536716706
"708",708718.291650416
"709",304744.145366417
"710",466765.930730051
"711",605979.338262246
"712",420856.169677613
"713",486483.681049736
"714",437583.810353965
"715",369762.009647292
"716",442423.776465076
"717",307685.087183272
"718",416191.744208981
"719",321413.332839411
"720",442457.67807341
"721",554619.92201448
"722",708519.37577294
"723",570191.553010243
"724",417163.223894081
"725",444461.553309768
"726",415368.186683246
"727",420384.342676698
"728",306629.778483114
"729",1691499.73664739
"730",418948.337100511
"731",381515.846531175
"732",309235.498979461
"733",654959.169880478
"734",1274940.72721185
"735",600492.493057944
"736",336677.774200524
"737",673298.990717063
"738",330141.556572319
"739",606261.082155436
"740",417800.672161345
"741",326757.725408416
"742",868894.362736391
"743",502067.584393926
"744",564505.681536181
"745",372924.547298318
"746",574872.127524107
"747",479134.233271956
"748",272710.900472476
"749",518538.623176959
"750",551641.893322174
"751",339458.954342203
"752",1097298.58598639
"753",888586.870572301
"754",384633.266458352
"755",541965.608645625
"756",278255.727435643
"757",447453.686443126
"758",707186.350815318
"759",714237.645780962
"760",494934.72027986
"761",451603.883936711
"762",381642.056547794
"763",426973.058230987
"764",322052.684189327
"765",305921.880865559
"766",305921.880865559
"767",370266.77319076
"768",640335.87830147
"769",288428.94379282
"770",613925.636062229
"771",302841.548163098
"772",895064.745268016
"773",559983.932807626
"774",523157.029193366
"775",290749.045343298
"776",618768.57233607
"777",311011.572318159
"778",545765.573318626
"779",403801.745268302
"780",310832.521290095
"781",586134.056379611
"782",383780.294214093
"783",412909.325437805
"784",334481.316115458
"785",358890.946022143
"786",410064.741396862
"787",441581.410607946
"788",490079.427995807
"789",310759.108888231
"790",537841.861652421
"791",504722.558449226
"792",788582.287060185
"793",651691.548371262
"794",519551.713541365
"795",442730.48565052
"796",582108.462408525
"797",397503.993259668
"798",644096.149447246
"799",275110.405512158
"800",950262.713830168
"801",344586.911365279
"802",511608.412527829
"803",429553.793026901
"804",411859.853157152
"805",786123.02829913
"806",380131.55331985
"807",600806.906668333
"808",515001.199022983
"809",342579.750524992
"810",367461.069775806
"811",610290.06589446
"812",380769.023413811
"813",546270.03032642
"814",621442.199682627
"815",363620.938048427
"816",335019.271264307
"817",387243.434861222
"818",314979.257480672
"819",423297.507598979
"820",795393.086738443
"821",465982.57487637
"822",540271.501581138
"823",1010904.00411463
"824",434893.409659335
"825",397122.874397321
"826",319876.426720124
"827",328322.810396033
"828",392759.593969663
"829",709717.310349171
"830",425505.574311972
"831",712378.993074878
"832",315849.15750571
"833",400130.741367619
"834",418251.265358447
"835",452318.102160678
"836",315725.213013655
"837",318077.845355158
"838",604469.057190253
"839",379662.825959653
"840",450275.617597096
"841",340564.110900905
"842",822131.32653281
"843",856087.821309512
"844",436885.154810352
"845",428165.054588253
"846",427756.475206805
"847",635281.311839921
"848",298636.378714366
"849",1190297.94869506
"850",491060.05002604
"851",300114.127366342
"852",347022.14826201
"853",309270.353539362
"854",412147.407354157
"855",383001.99100238
"856",639065.242297413
"857",381154.627478702
"858",443257.769790881
"859",286958.44829329
"860",681707.563754277
"861",306938.959381682
"862",313416.500420344
"863",368710.420969047
"864",355342.668940971
"865",390547.724805453
"866",777174.999385887
"867",450146.693018947
"868",352372.175012227
"869",398376.646281957
"870",374334.398912816
"871",352857.532888311
"872",423712.347242682
"873",430759.536104989
"874",537419.477349869
"875",381772.49037835
"876",859247.268253643
"877",321989.710352717
"878",418102.034939443
"879",565316.270579944
"880",1259530.77340765
"881",1111933.37354341
"882",375691.615873156
"883",518713.439002501
"884",615653.842736971
"885",413751.757834508
"886",317631.740338368
"887",373721.046893139
"888",733387.63818051
"889",386421.726313178
"890",610266.796667051
"891",437432.999662481
"892",531265.986235658
"893",330220.412158066
"894",389443.908915272
"895",392947.667069975
"896",401314.044623781
"897",354340.27392229
"898",364689.154369397
"899",466585.263206266
"900",331032.476512612
"901",549209.917569031
"902",531916.064511332
"903",370244.390109073
"904",442792.005826465
"905",520207.736823156
"906",425126.390635252
"907",407409.943542745
"908",494054.747621132
"909",1210211.18617154
"910",299937.835034284
"911",425100.814982014
"912",369509.512243571
"913",374261.209905125
"914",380647.604454544
"915",282181.182227235
"916",385928.062915759
"917",623983.638039436
"918",411389.30211121
"919",755524.924791145
"920",561244.345742016
"921",380203.946808945
"922",500490.756064702
"923",565130.256212761
"924",771789.034466686
"925",395944.248344678
"926",311666.914187377
"927",335187.375924302
"928",658526.488772014
"929",295398.863454153
"930",299254.791570582
"931",668875.895540441
"932",347729.462755477
"933",747895.566546965
"934",307743.756790286
"935",572887.864377229
"936",398758.677413855
"937",355128.559798697
"938",302296.638272312
"939",339897.635640749
"940",480209.975304096
"941",424948.734488102
"942",407995.728356188
"943",447297.924918937
"944",460834.165194314
"945",420258.7253297
"946",372854.334985744
"947",331089.301030219
"948",347702.226620496
"949",425333.469071802
"950",548800.483859816
"951",416145.192398834
"952",849567.363941577
"953",360112.912706598
"954",366213.574019646
"955",671604.316803146
"956",317942.975502448
"957",423403.956595793
"958",293885.384610762
"959",523902.590179971
"960",642206.0640261
"961",437146.490536868
"962",624916.520542546
"963",357753.806448671
"964",351066.824940421
"965",362867.898855239
"966",597624.071261384
"967",737355.714034668
"968",493285.450492693
"969",493430.63459208
"970",397895.380540697
"971",679970.354186878
"972",394850.288848135
"973",337618.00195607
"974",603038.596348673
"975",541463.027140896
"976",548509.049219434
"977",701043.098251474
"978",510453.842740126
"979",511485.980441516
"980",386506.358572831
"981",730165.906595288
"982",419592.6618838
"983",395176.123715402
"984",313844.578739572
"985",439952.729929283
"986",323976.23536834
"987",315249.109817421
"988",427182.094688361
"989",343435.792555329
"990",400026.718069857
"991",317825.11851925
"992",769121.994420671
"993",2199921.00930349
"994",340609.008520132
"995",334688.96433474
"996",445662.638227915
"997",594048.012353533
"998",715640.874923013
"999",533506.027753405
"1000",384142.481396906
"1001",508882.570672017
"1002",331940.78647406
"1003",337425.231855699
"1004",1392648.02745016
"1005",304821.762391109
"1006",504561.827534869
"1007",640043.803699733
"1008",755948.204184985
"1009",1034306.75577356
"1010",651944.047793789
"1011",756724.26457853
"1012",295229.643381221
"1013",1084174.24333998
"1014",521512.590772584
"1015",532411.146500731
"1016",464580.284394673
"1017",318155.836526888
"1018",276389.797590781
"1019",358524.311641138
"1020",401644.771646996
"1021",407913.662079461
"1022",588895.264070116
"1023",719436.00764873
"1024",450542.922880029
"1025",434040.423352995
"1026",267336.134688902
"1027",410026.675377994
"1028",326774.475228015
"1029",353864.882618093
"1030",296403.931770608
"1031",415556.146302138
"1032",379609.541621252
"1033",357614.249154616
"1034",663792.292474467
"1035",541277.835287629
"1036",461935.818776753
"1037",604365.758608811
"1038",453574.050488489
"1039",325214.203436208
"1040",383361.491112015
"1041",644986.761731568
"1042",488775.611554749
"1043",263645.845325742
"1044",443695.430721281
"1045",506500.956488467
"1046",580047.831313699
"1047",641276.329584239
"1048",312164.759749017
"1049",365507.432620363
"1050",541374.517527695
"1051",460073.520609098
"1052",376326.187362522
"1053",523107.210859027
"1054",505748.875727091
"1055",341812.404173362
"1056",486177.91386831
"1057",783104.05050426
"1058",547195.05566187
"1059",521782.300737987
"1060",610734.487906951
"1061",476687.004805807
"1062",1021908.57745716
"1063",479134.460933228
"1064",416769.269839994
"1065",451886.631400225
"1066",310799.386266857
"1067",329403.280533971
"1068",475303.369275038
"1069",434701.795083939
"1070",540797.284957921
"1071",753301.089718407
"1072",444863.820573715
"1073",305454.414684893
"1074",425474.042107147
"1075",306610.197583841
"1076",426462.155340244
"1077",408342.810548267
"1078",755922.324296836
"1079",301646.434894202
"1080",377088.220497574
"1081",428086.58138186
"1082",327067.798498543
"1083",478110.321319223
"1084",400974.013024799
"1085",380047.180964863
"1086",316786.251628637
"1087",482252.856223451
"1088",459701.987707869
"1089",360814.70450706
"1090",404349.491066622
"1091",499005.692917104
"1092",396448.372976505
"1093",308655.249016733
"1094",467925.264919988
"1095",687655.088201567
"1096",602602.751747392
"1097",407042.821544231
"1098",321815.190991383
"1099",431930.323704391
"1100",289524.896554422
"1101",529688.261755517
"1102",285550.252962287
"1103",376885.665681776
"1104",575072.871073852
"1105",679000.573219361
"1106",1119979.83360778
"1107",767756.657445114
"1108",471257.250968012
"1109",304563.850229505
"1110",520339.026189146
"1111",363880.004671477
"1112",396020.176247226
"1113",469884.135668256
"1114",886210.075541931
"1115",261355.366031534
"1116",486082.899166985
"1117",517762.417265929
"1118",337212.298692408
"1119",410719.3797518
"1120",612349.77293703
"1121",915227.714637467
"1122",498101.439276387
"1123",570916.121664069
"1124",620657.380694802
"1125",461882.262843292
"1126",456502.09448296
"1127",322739.668865244
"1128",325846.220936604
"1129",460363.890868177
"1130",533882.909603819
"1131",619170.088599389
"1132",420355.212228646
"1133",475785.440935847
"1134",316103.007459743
"1135",520810.772353721
"1136",302882.06149892
"1137",569625.753461458
"1138",510106.49216757
"1139",478835.615916445
"1140",372544.365277055
"1141",379970.969970609
"1142",580450.730008242
"1143",357476.909511955
"1144",330186.287880937
"1145",466093.977360268
"1146",808826.108284778
"1147",338463.205915355
"1148",311503.244714707
"1149",464454.10005324
"1150",537197.006203646
"1151",1583831.39868142
"1152",367280.778282783
"1153",365256.704789095
"1154",419546.470755973
"1155",304344.685945291
"1156",331213.519071288
"1157",577525.44227919
"1158",281374.664117164
"1159",663334.709988381
"1160",378890.237175761
"1161",439043.53460089
"1162",300867.178342791
"1163",722741.273843666
"1164",358334.143135635
"1165",293381.978266764
"1166",445942.195778519
"1167",339109.612906846
"1168",305992.611926176
"1169",292510.550224788
"1170",384844.049410512
"1171",787295.0010067
"1172",766231.981999028
"1173",447898.70234244
"1174",528548.095515702
"1175",356234.946040386
"1176",352453.013907312
"1177",1188176.31960837
"1178",349233.832149006
"1179",250522.767349601
"1180",457062.764379544
"1181",458943.265323276
"1182",473597.128109849
"1183",438931.939819896
"1184",363194.714559529
"1185",788790.062616735
"1186",271564.718747758
"1187",334682.657879284
"1188",293380.683850584
"1189",554253.343760341
"1190",280914.360157079
"1191",372503.535747526
"1192",524062.823414994
"1193",340010.466884978
"1194",597800.18858303
"1195",964765.501971995
"1196",463114.325328341
"1197",373251.746913838
"1198",445475.646973998
"1199",339455.992541226
"1200",402407.954219513
"1201",326437.742007813
"1202",661876.398654004
"1203",302655.289538267
"1204",319145.174015856
"1205",488698.766216951
"1206",384334.157624184
"1207",754286.81766693
"1208",319715.479183948
"1209",468971.1744807
"1210",318233.65541446
"1211",797933.309122524
"1212",403233.123872868
"1213",422884.398173465
"1214",328041.943165385
"1215",435174.671381997
"1216",535412.756600434
"1217",456385.004370958
"1218",313281.686830592
"1219",495420.2167801
"1220",876779.866934563
"1221",716672.559289828
"1222",413043.277463916
"1223",429978.326601491
"1224",535904.971462709
"1225",360084.883013879
"1226",432201.579706204
"1227",351584.146025521
"1228",430376.925744829
"1229",435786.819818668
"1230",889240.608847928
"1231",360920.315042781
"1232",430525.657057257
"1233",372327.127926594
"1234",379038.382306253
"1235",288460.654524238
"1236",277055.656456245
"1237",973386.763173466
"1238",369134.735892157
"1239",375751.489756931
"1240",537401.216925857
"1241",1083658.22482576
"1242",311423.807783944
"1243",778584.778277067
"1244",261526.636112013
"1245",302627.502821201
"1246",408867.486542208
"1247",406601.483661458
"1248",268700.217056801
"1249",342786.304099352
"1250",322658.382930911
"1251",447184.406433389
"1252",412662.84851042
"1253",437359.666694507
"1254",318197.644342281
"1255",387431.643869573
"1256",412631.32893256
"1257",388637.650542664
"1258",493612.722579017
"1259",751667.087599164
"1260",395272.002068799
"1261",471549.589373924
"1262",386443.261686588
"1263",276537.979238512
"1264",593996.169229286
"1265",686027.804673381
"1266",2611718.44453384
"1267",1630109.95382791
"1268",379830.458019546
"1269",326264.027968561
"1270",477233.871373488
"1271",764010.689921297
"1272",368981.159257953
"1273",408945.647391584
"1274",729949.638609503
"1275",468812.599732629
"1276",402456.081106187
"1277",416741.541806029
"1278",392191.160577684
"1279",334026.220007937
"1280",371105.64497356
"1281",487265.967974322
"1282",501869.553125316
"1283",352337.518241391
"1284",760618.473965326
"1285",666660.448891156
"1286",294292.781909579
"1287",405282.430837278
"1288",519155.893795753
"1289",563928.564950029
"1290",373236.856689995
"1291",458195.786463043
"1292",420784.220251378
"1293",421193.375805303
"1294",430367.523561313
"1295",630784.572781388
"1296",377655.640002506
"1297",681864.413427527
"1298",275845.457752462
"1299",320265.857375789
"1300",467883.555927219
"1301",438701.550433287
"1302",438940.879853908
"1303",592496.698310732
"1304",564011.232097964
"1305",501022.220669213
"1306",609970.206785381
"1307",309022.614283384
"1308",492795.185802936
"1309",294139.786675585
"1310",489481.483232178
"1311",922684.719480423
"1312",332599.743184274
"1313",296421.155340231
"1314",647863.803890363
"1315",318151.676750298
"1316",404978.20743604
"1317",688707.89013788
"1318",430852.569545743
"1319",412715.220699594
"1320",959864.23762287
"1321",423272.899797501
"1322",500031.960471102
"1323",360607.603006842
"1324",441734.259370813
"1325",437583.273432582
"1326",581917.142305338
"1327",311002.079438557
"1328",370903.77952694
"1329",386287.713763646
"1330",505108.042366256
"1331",984319.201089362
"1332",379543.007480163
"1333",355781.891463154
"1334",412116.736948595
"1335",512693.642098958
"1336",501889.902805728
"1337",623854.726311232
"1338",274132.470571091
"1339",448235.380173896
"1340",629355.54684071
"1341",303616.636462903
"1342",537762.080702525
"1343",383846.854239255
"1344",409173.773777481
"1345",756172.206795754
"1346",294864.898741599
"1347",367077.913565543
"1348",408688.380683998
"1349",361445.714172806
"1350",345322.844024933
"1351",405842.212777078
"1352",428685.596021765
"1353",807223.119168262
"1354",437732.349740211
"1355",325283.057173283
"1356",555217.918432215
"1357",587756.327810646
"1358",1965498.62758344
"1359",422146.383564602
"1360",907035.899636251
"1361",400666.760685263
"1362",368313.179274822
"1363",653049.053857369
"1364",390073.851217678
"1365",579299.489992664
"1366",1592389.08211258
"1367",466787.297398595
"1368",391398.140072996
"1369",1224187.11296716
"1370",398501.645283106
"1371",666081.199788741
"1372",290925.162669594
"1373",628842.995782165
"1374",503617.469806579
"1375",308426.130539413
"1376",299213.582524075
"1377",427305.53552534
"1378",372343.57807352
"1379",427392.831751701
"1380",395138.557725428
"1381",695592.334937491
"1382",792799.981797354
"1383",347047.935924511
"1384",501901.060275362
"1385",377639.658852533
"1386",355453.294316555
"1387",276952.487542695
"1388",378760.895527238
"1389",346178.050979779
"1390",368244.298907572
"1391",429067.447717325
"1392",324414.517876978
"1393",315443.44906834
"1394",565463.055287074
"1395",486882.699772694
"1396",575188.433198741
"1397",343711.525803438
"1398",541047.349562686
"1399",470545.02067625
"1400",609250.215961094
"1401",461549.009924308
"1402",370587.546504586
"1403",565103.106247004
"1404",299717.793448058
"1405",547069.373359146
"1406",672885.655046735
"1407",288218.587019795
"1408",634494.671762836
"1409",423230.261827895
"1410",430411.49835599
"1411",448544.470069065
"1412",328901.803502058
"1413",472934.214653514
"1414",297208.144640617
"1415",527780.379710814
"1416",505325.750422387
"1417",373958.732182419
"1418",367725.767410425
"1419",321087.957446529
"1420",402048.881834185
"1421",396418.563405697
"1422",308953.622770574
"1423",324450.376031011
"1424",533419.232540343
"1425",708894.65792503
"1426",351392.49685385
"1427",550174.688973724
"1428",2254701.91299042
"1429",461576.168393199
"1430",465283.657312791
"1431",728875.708370515
"1432",379756.076460212
"1433",280521.535753405
"1434",400190.397976993
"1435",592346.243341427
"1436",510978.079028788
"1437",464921.766638721
"1438",536809.974799584
"1439",376909.23209102
"1440",398039.212020348
"1441",296448.051705575
"1442",291955.596791442
"1443",289591.292480584
"1444",377053.983729929
"1445",370989.853161925
"1446",404078.552454323
"1447",700539.564467963
"1448",423582.562531606
"1449",375504.074141194
"1450",716824.155222628
"1451",358770.853021843
"1452",290486.375813284
"1453",545126.283615848
"1454",358345.398175689
"1455",389525.798263803
"1456",356633.134571707
"1457",488222.443892592
"1458",313840.782024735
"1459",449550.158791033
"1460",314450.443129301
"1461",487948.953907571
"1462",277280.877362592
"1463",430734.042683735
"1464",460710.181680875
"1465",349048.696377843
"1466",414926.720965848
"1467",910197.278510342
"1468",402289.669325115
"1469",399730.724175769
"1470",571963.858692459
"1471",269098.69455398
"1472",633387.785463265
"1473",365097.471470074
"1474",341111.522663329
"1475",313421.082590848
"1476",308632.047147654
"1477",384333.842663294
"1478",330641.993765861
"1479",492164.268185613
"1480",373522.496222574
"1481",325827.486408881
"1482",642327.012850769
"1483",419112.882119374
"1484",406666.661783432
"1485",480467.643244118
"1486",309179.730318912
"1487",549306.734899611
"1488",857105.360571064
"1489",495864.24573267
"1490",780256.489194191
"1491",457420.036493338
"1492",499763.915493422
"1493",494255.625568227
"1494",297861.924837706
"1495",449916.526868707
"1496",355337.084411061
"1497",388823.382715778
"1498",411640.152896446
"1499",414423.934671833
"1500",1007577.03642396
"1501",308699.605840989
"1502",377333.674469001
"1503",895873.715033083
"1504",288655.409212597
"1505",339239.971666826
"1506",468327.753026603
"1507",646120.906812239
"1508",336994.330374523
"1509",476541.406741669
"1510",407537.191640367
"1511",491152.756841883
"1512",318059.794464894
"1513",282675.358073654
"1514",296832.729191572
"1515",826906.293833457
"1516",357448.508814272
"1517",697444.151349114
"1518",710243.373521589
"1519",472352.231841032
"1520",490667.576020216
"1521",461629.196227451
"1522",383035.353273133
"1523",323966.005220778
"1524",526162.140521767
"1525",488542.47092997
"1526",307522.150844507
"1527",327898.964810151
"1528",517839.141250085
"1529",337645.614688235
"1530",336406.556171465
"1531",351560.371981912
"1532",361744.836417425
"1533",1228451.50892961
"1534",367826.189774651
"1535",511141.267629124
"1536",532204.266606147
"1537",322422.024741625
"1538",388756.725982435
"1539",466368.193498491
"1540",584962.352830789
"1541",735031.999951714
"1542",443811.884455327
"1543",343874.881135478
"1544",360913.16254544
"1545",336363.554308295
"1546",1262198.7158831
"1547",575555.385359832
"1548",426867.797071652
"1549",517272.00794726
"1550",323609.213591312
"1551",374061.784648285
"1552",346630.183107918
"1553",298990.72793639
"1554",283706.070205373
"1555",280055.340409463
"1556",1667025.92663569
"1557",587890.578572443
"1558",340795.080555182
"1559",516356.104761589
"1560",456364.345952556
"1561",383241.984431644
"1562",326709.924775603
"1563",447179.961280035
"1564",535945.992274857
"1565",697715.148870048
"1566",777448.972615753
"1567",375461.937253583
"1568",328581.145651146
"1569",525824.610611355
"1570",1081212.99284158
"1571",784894.99558945
"1572",336350.485377511
"1573",468959.04872313
"1574",383358.257835465
"1575",679573.014153958
"1576",452079.080452368
"1577",522389.218557768
"1578",341857.024693441
"1579",324309.34522428
"1580",339104.664576292
"1581",409359.878379353
"1582",346917.950313689
"1583",363366.29283777
"1584",413801.896429789
"1585",1108252.28277952
"1586",321114.347936658
"1587",554415.014884753
"1588",1083897.36887898
"1589",449648.966079724
"1590",315575.257144433
"1591",344055.565217057
"1592",318209.942242411
"1593",415630.884329703
"1594",383243.927770766
"1595",302628.373814516
"1596",435157.473666342
"1597",285212.549742431
"1598",1672585.21912908
"1599",396632.444275839
"1600",369859.509901589
"1601",283042.580951193
"1602",396888.848030433
"1603",272953.293221717
"1604",391515.502538228
"1605",393281.377260682
"1606",462333.553866329
"1607",811846.532915306
"1608",292171.555813439
"1609",371024.109332943
"1610",318872.016125848
"1611",439141.815451422
"1612",281128.658032549
"1613",338018.044568674
"1614",422735.493052966
"1615",441369.921313157
"1616",315855.851542728
"1617",354307.440557543
"1618",592417.557082304
"1619",384784.010042476
"1620",405989.29439536
"1621",275378.751615665
"1622",390251.222330778
"1623",272029.242380782
"1624",471870.784649505
"1625",512660.59488487
"1626",346930.728636865
"1627",414347.914800928
"1628",393191.176511481
"1629",336601.939490779
"1630",507739.261175016
"1631",744476.670013023
"1632",274868.649441129
"1633",656521.856041849
"1634",1277153.82675041
"1635",293579.742262845
"1636",324528.148690245
"1637",364885.482317886
"1638",346310.50450757
"1639",479753.519939502
"1640",358578.753977392
"1641",682623.983780687
"1642",594374.109648287
"1643",432081.819413918
"1644",655668.470526916
"1645",351849.5637145
"1646",439462.429389632
"1647",306606.341443461
"1648",837957.948393495
"1649",552192.701193302
"1650",277657.079273647
"1651",332825.690544616
"1652",387325.030725408
"1653",409970.53390359
"1654",444819.631794573
"1655",461627.902027937
"1656",372931.212838239
"1657",300307.253563027
"1658",755515.695696885
"1659",463436.369731644
"1660",340617.650527181
"1661",466144.300460281
"1662",344701.903729216
"1663",253444.187990419
"1664",641181.735900708
"1665",573864.16293528
"1666",396867.230825489
"1667",535501.339918032
"1668",538077.514731831
"1669",545963.976132985
"1670",826933.344729526
"1671",321318.669125774
"1672",326147.045951464
"1673",697485.504688853
"1674",330355.999169549
"1675",352011.290339222
"1676",254664.543263007
"1677",372327.76355316
"1678",1016437.41804015
"1679",368609.572083578
"1680",378679.239211176
"1681",469710.735252387
"1682",301663.544484827
"1683",417657.123505777
"1684",342048.239667945
"1685",497942.062162153
"1686",568500.856271343
"1687",304813.50047611
"1688",376731.027410465
"1689",390424.613575431
"1690",295556.29908549
"1691",406061.194732849
"1692",406700.068303897
"1693",554949.616157491
"1694",377794.55516757
"1695",361305.211952675
"1696",376339.665605254
"1697",356287.072245291
"1698",1122221.4149124
"1699",359383.611377092
"1700",481311.459998342
"1701",652698.552549429
"1702",285809.769761467
"1703",326087.428574333
"1704",405010.083355406
"1705",391926.888722881
"1706",535105.980924243
"1707",571529.044305042
"1708",508643.863458153
"1709",381461.270380471
"1710",356848.490927872
"1711",468432.095743865
"1712",340164.586324578
"1713",413052.076496888
"1714",536091.777808061
"1715",650693.609048703
"1716",262445.681695361
"1717",635562.57381319
"1718",786662.866923727
"1719",368401.009284576
"1720",328675.144186819
"1721",473601.72766237
"1722",605378.046302403
"1723",551578.333609031
"1724",333420.177306258
"1725",1055375.6987318
"1726",369128.837958879
"1727",620141.008713639
"1728",764562.870718694
"1729",437382.394861058
"1730",438373.722852943
"1731",503484.863742795
"1732",438118.567022757
"1733",287297.49043666
"1734",352419.281777207
"1735",481482.031975055
"1736",668072.195868018
"1737",500080.002587354
"1738",594624.899749124
"1739",428647.231201707
"1740",325900.093514502
"1741",411091.018725029
"1742",437781.56655805
"1743",256277.158317363
"1744",307511.940061558
"1745",317265.230040244
"1746",406774.619218268
"1747",521884.654450325
"1748",339883.538631238
"1749",305171.153237129
"1750",389959.60007071
"1751",462154.466598432
"1752",838352.219750774
"1753",384830.08209391
"1754",510793.945053327
"1755",426824.001521671
"1756",684572.995511179
"1757",752662.319474202
"1758",408393.291022435
"1759",430837.953048845
"1760",364538.639328599
"1761",676558.954671321
"1762",552982.942610953
"1763",323555.483449623
"1764",457154.336401799
"1765",670524.927960985
"1766",628553.572677208
"1767",384555.223684585
"1768",425855.48315619
"1769",407352.201979001
"1770",322446.313661577
"1771",343004.709961472
"1772",746004.560867372
"1773",358383.704014194
"1774",558089.33508932
"1775",442625.85435512
"1776",440849.45357513
"1777",455893.874995764
"1778",409667.766121725
"1779",381855.926878615
"1780",421243.742577118
"1781",592818.09229267
"1782",555826.777859098
"1783",698225.67218664
"1784",345268.15241446
"1785",528378.702605238
"1786",834458.129916308
"1787",465666.80384015
"1788",1004605.66081634
"1789",543686.587387417
"1790",358676.184205658
"1791",514751.621509625
"1792",793511.848719971
"1793",490700.748089769
"1794",345662.862412828
"1795",719286.427635069
"1796",592182.42849321
"1797",312138.743912501
"1798",317407.325184065
"1799",370035.564324425
"1800",577098.000618991
"1801",428564.136415818
"1802",284552.623426326
"1803",368277.637975889
"1804",401920.959674289
"1805",351429.564360079
"1806",826690.69332461
"1807",710301.479816779
"1808",555317.085392216
"1809",299133.999886574
"1810",393671.716890663
"1811",497613.575209813
"1812",433860.907542345
"1813",478255.025222175
"1814",2133526.98064521
"1815",7676414.76120842
"1816",260250.149877411
"1817",614568.568988181
"1818",763537.563957605
"1819",338899.268499951
"1820",587044.123422096
"1821",423142.688383427
"1822",410090.340830206
"1823",483679.527198437
"1824",369116.200350168
"1825",1091804.54576913
"1826",375567.89331648
"1827",556830.133555721
"1828",277254.984383335
"1829",464013.094123606
"1830",568778.054644835
"1831",661197.473356408
"1832",304427.351464585
"1833",356382.919902713
"1834",463857.770761814
"1835",481742.926196027
"1836",499059.134560886
"1837",647767.072980843
"1838",373801.094937968
"1839",301259.413692006
"1840",490144.140629299
"1841",345675.062449825
"1842",326315.054786357
"1843",344398.25942069
"1844",382715.769275511
"1845",634354.978756544
"1846",339297.0805783
"1847",468478.03749261
"1848",399226.643110474
"1849",317593.406847169
"1850",300550.953950537
"1851",445349.837352515
"1852",336852.574130696
"1853",460094.763431249
"1854",523901.588055201
"1855",432732.977074387
"1856",317681.344308675
"1857",400385.175812865
"1858",397048.993056844
"1859",352412.688965656
"1860",345687.261643085
"1861",725498.128212857
"1862",731901.776937143
"1863",313599.819547575
"1864",431929.74280292
"1865",484691.200403501
"1866",507395.385787199
"1867",440804.082061819
"1868",423282.923317604
"1869",377767.401428268
"1870",386970.039526956
"1871",449528.714553506
"1872",386095.767194416
"1873",984460.903536061
"1874",288757.340857232
"1875",362519.78048852
"1876",367138.984204048
"1877",268412.483384058
"1878",294255.542863222
"1879",420220.925416537
"1880",590503.617520728
"1881",1092792.94893393
"1882",413309.829506022
"1883",496496.757355931
"1884",370525.401342121
"1885",414597.495486656
"1886",350432.56143761
"1887",316493.724958958
"1888",509832.778208848
"1889",392842.233077417
"1890",261732.430734284
"1891",336393.818415144
"1892",743795.676756923
"1893",336129.439799968
"1894",436637.650406766
"1895",685790.677012918
"1896",276798.928982103
"1897",644281.6870063
"1898",435681.547409269
"1899",297224.959900805
"1900",636317.355554556
"1901",511579.119139762
"1902",657753.667957976
"1903",438749.035146173
"1904",541587.59583216
"1905",488958.975241971
"1906",574715.912340737
"1907",757414.005735299
"1908",317078.617894759
"1909",420190.561463425
"1910",630031.231649839
"1911",615829.416566766
"1912",339367.04502488
"1913",1061608.40004972
"1914",880703.781725475
"1915",465019.241220955
"1916",312939.485261289
"1917",538398.731356502
"1918",461213.273686081
"1919",556841.991482031
"1920",584717.65426406
"1921",494372.769999125
"1922",619077.951501368
"1923",308605.757398947
"1924",434840.798060487
"1925",814970.263315465
"1926",399405.119633919
"1927",376361.045595815
"1928",421445.694963421
"1929",456199.842928997
"1930",538804.546661957
"1931",480475.945290012
"1932",350417.805763882
"1933",359871.745401797
"1934",695357.85611484
"1935",607869.491670116
"1936",745286.087377745
"1937",361494.076002579
"1938",354081.695999997
"1939",395711.954200443
"1940",286373.025554155
"1941",328631.759998017
"1942",339378.124190954
"1943",550845.972840337
"1944",364322.611940532
"1945",488578.656775475
"1946",532815.519059817
"1947",362654.667350567
"1948",924646.63699565
"1949",530939.498385403
"1950",633830.720095636
"1951",301761.012996167
"1952",710685.906674324
"1953",482438.418567191
"1954",952168.218095998
"1955",556775.577789937
"1956",588106.276604967
"1957",399014.203744914
"1958",315757.693683413
"1959",1363478.35947159
"1960",690035.17066437
"1961",374160.681557257
"1962",489985.825495843
"1963",393483.322437543
"1964",300439.56639104
"1965",586465.937929948
"1966",692574.593371278
"1967",416905.801252234
"1968",539115.186392563
"1969",478076.19007671
"1970",530125.12017303
"1971",501448.271050135
"1972",392040.242612692
"1973",379184.528901858
"1974",395980.564639356
"1975",347025.607754858
"1976",420229.371491019
"1977",312341.476249862
"1978",408845.935180521
"1979",369492.350778156
"1980",527247.238204755
"1981",489572.402050332
"1982",345538.350545861
"1983",301946.478851266
"1984",450169.682485686
"1985",488276.785879896
"1986",731136.159401113
"1987",483662.117042734
"1988",440359.319751081
"1989",411784.417951716
"1990",711383.045759998
"1991",346503.305659318
"1992",318307.588278429
"1993",1025459.90976621
"1994",472396.713180025
"1995",963327.744540072
"1996",784779.334191292
"1997",504102.543155148
"1998",524131.948540512
"1999",342449.765970962
"2000",327639.944505402
"2001",401409.619585343
"2002",374264.718684215
"2003",567644.254967511
"2004",540060.70754273
"2005",480046.419730761
"2006",324796.940580838
"2007",348856.136755083
"2008",459664.583931435
"2009",593203.758751473
"2010",426146.176647889
"2011",369621.330488369
"2012",462794.527700404
"2013",342741.849018279
"2014",353770.748138185
"2015",275010.674870396
"2016",623330.902258748
"2017",320339.58200518
"2018",719277.319042978
"2019",467478.866235307
"2020",470714.255418584
"2021",356987.484617482
"2022",292782.179086135
"2023",433674.536614361
"2024",485696.712917944
"2025",577840.537487689
"2026",306118.70907116
"2027",333865.747945604
"2028",333406.491080105
"2029",351099.61226224
"2030",312998.362440835
"2031",398254.414103807
"2032",388107.320981054
"2033",507290.539384773
"2034",654675.546214023
"2035",286645.897904717
"2036",385654.346346288
"2037",331770.81988012
"2038",494297.937503615
"2039",403691.238676334
"2040",378757.209846307
"2041",346375.790753227
"2042",372562.871151928
"2043",456407.435217386
"2044",1649855.35183996
"2045",387763.527476492
"2046",386512.857882092
"2047",1013892.67960189
"2048",380437.936255863
"2049",289994.209029063
"2050",509328.334427216
"2051",514155.576212372
"2052",646830.920526574
"2053",305676.415321831
"2054",509298.553220382
"2055",479716.548238032
"2056",464513.350941578
"2057",456713.461793242
"2058",1321100.24425779
"2059",428746.969747331
"2060",434031.570490286
"2061",547952.278650793
"2062",490229.187473848
"2063",408896.287811765
"2064",797640.237547968
"2065",430361.031184288
"2066",606632.851232182
"2067",362313.070419874
"2068",1664026.39440779
"2069",377349.358051798
"2070",785535.856057318
"2071",536570.804211393
"2072",508875.58232027
"2073",403823.540266553
"2074",425769.189644206
"2075",290210.373936874
"2076",516927.583996372
"2077",303678.589195429
"2078",302142.784825328
"2079",803698.788696482
"2080",445709.068628917
"2081",478912.392200326
"2082",727689.082799187
"2083",423125.276618652
"2084",610311.88249981
"2085",453048.293252133
"2086",797766.878565409
"2087",599263.434389323
"2088",518538.923117371
"2089",334517.009899105
"2090",319987.150444274
"2091",320246.609884468
"2092",371045.917560644
"2093",381980.251292172
"2094",580533.632468472
"2095",538496.217676447
"2096",397182.952904817
"2097",615062.489888588
"2098",556188.742010091
"2099",598190.568512535
"2100",406431.399103682
"2101",420992.009571855
"2102",442820.804879226
"2103",386857.958016586
"2104",302379.026922235
"2105",305205.221663707
"2106",395944.540833831
"2107",306470.310990536
"2108",370829.76166651
"2109",626953.71130658
"2110",304403.257900394
"2111",446170.894660123
"2112",605021.775076931
"2113",416293.251658331
"2114",398711.006258132
"2115",588442.54896396
"2116",1383072.60039547
"2117",293297.328827985
"2118",533048.159593341
"2119",798779.362427414
"2120",451334.280228451
"2121",1029492.13784233
"2122",639609.145663655
"2123",899598.672358333
"2124",473033.709810428
"2125",468662.046691232
"2126",482209.917734525
"2127",515222.886156198
"2128",311079.61937196
"2129",382528.418575533
"2130",377802.898653227
"2131",440665.84918023
"2132",481984.638043974
"2133",307104.280908639
"2134",451184.231519539
"2135",499747.182783764
"2136",508488.651946008
"2137",519432.030753519
"2138",405728.595897179
"2139",600645.780357173
"2140",265360.634880574
"2141",2325848.6419502
"2142",504787.397015938
"2143",399886.697935709
"2144",469253.27413518
"2145",561232.045768502
"2146",339780.405557879
"2147",405733.394680581
"2148",1053595.69391185
"2149",306556.801992603
"2150",429698.856091057
"2151",420755.105176973
"2152",1374595.98175073
"2153",386131.56692809
"2154",551561.922726233
"2155",657124.192406202
"2156",515531.322773822
"2157",423493.660401948
"2158",456038.681184522
"2159",299333.852525838
"2160",506214.721159676
"2161",493576.928979067
"2162",667443.125336349
"2163",505221.049976437
"2164",323491.958185903
"2165",563942.543551849
"2166",682686.365677528
"2167",307922.89455368
"2168",338860.872655355
"2169",419281.107675313
"2170",463812.58054554
"2171",711293.30308698
"2172",500425.359799209
"2173",284154.16408117
"2174",332268.983895214
"2175",507379.8641396
"2176",600650.173878097
"2177",521463.73923086
"2178",303637.935973118
"2179",336641.125466428
"2180",381509.943297139
"2181",522075.23345573
"2182",387885.018316139
"2183",568030.513836017
"2184",452479.482271814
"2185",401830.352817633
"2186",387887.60395675
"2187",809935.092166356
"2188",353867.314470416
"2189",598745.548365113
"2190",396428.530962064
"2191",338196.303342082
"2192",336973.353594871
"2193",708533.230351006
"2194",290377.481396683
"2195",501328.869390487
"2196",322606.734988664
"2197",1260009.38468087
"2198",511250.302238666
"2199",641858.394549916
"2200",505684.717926827
"2201",382458.124916974
"2202",473560.629466466
"2203",280599.825859819
"2204",565742.661614681
"2205",383091.604592662
"2206",337743.676111141
"2207",364939.817354359
"2208",346478.669619048
"2209",501021.135871764
"2210",1105174.85411448
"2211",977460.633646653
"2212",337119.597868626
"2213",383582.270178201
"2214",443648.361776188
"2215",356071.126727974
"2216",275242.69177067
"2217",540836.933239515
"2218",346355.293110745
"2219",332728.189918648
"2220",358754.813508139
"2221",363690.82709056
"2222",397803.624983925
"2223",583111.648829344
"2224",525274.099965899
"2225",585100.530926339
"2226",432924.593795004
"2227",445857.033010781
"2228",424601.762144649
"2229",325216.586780362
"2230",566399.803309781
"2231",337259.497162096
"2232",520906.777296099
"2233",363077.017666592
"2234",965881.366576613
"2235",555063.939248604
"2236",518525.693722046
"2237",410752.361781778
"2238",802232.383676244
"2239",435069.164986258
"2240",406116.916488285
"2241",278596.89848446
"2242",577098.319634594
"2243",545095.492668471
"2244",394960.643724558
"2245",325622.393335786
"2246",464258.06512826
"2247",501016.703888849
"2248",495738.932634398
"2249",615399.189092487
"2250",529768.588760628
"2251",321714.856243474
"2252",336010.405760154
"2253",1504915.63068416
"2254",409695.213444321
"2255",263904.929466721
"2256",634734.507294489
"2257",523048.178922643
"2258",441034.572025406
"2259",465352.182319196
"2260",447946.904899361
"2261",413277.454989234
"2262",408701.174377666
"2263",335967.191517307
"2264",679069.28828683
"2265",380491.406609324
"2266",301461.649707454
"2267",378378.098832858
"2268",334295.655339698
"2269",354400.174002445
"2270",347134.935046894
"2271",360943.274746795
"2272",324908.814897308
"2273",649775.773592281
"2274",464614.364908465
"2275",642975.638939623
"2276",466891.500660833
"2277",364248.778666215
"2278",591237.907291126
"2279",300405.639368227
"2280",403626.87326402
"2281",362460.362474168
"2282",339376.315636413
"2283",870901.88886826
"2284",304665.505385794
"2285",364242.613634938
"2286",345300.42448826
"2287",358615.707763337
"2288",424758.876112663
"2289",1242066.38517418
"2290",350522.924488843
"2291",268631.062082189
"2292",291316.541446356
"2293",357739.216821483
"2294",653053.191197748
"2295",435107.534485751
"2296",567522.321424559
"2297",395128.245851956
"2298",395128.245851956
"2299",291279.866165893
"2300",364169.713992312
"2301",910269.4206589
"2302",606196.233403768
"2303",567140.370338383
"2304",287673.028682569
"2305",514472.62670495
"2306",296948.254076785
"2307",340147.232695432
"2308",427673.82102806
"2309",311539.723531792
"2310",639023.568152255
"2311",455145.886744438
"2312",512629.591782186
"2313",485734.554490282
"2314",556472.086420696
"2315",327560.42550825
"2316",295346.961816016
"2317",452474.74804365
"2318",832776.346801109
"2319",363133.322492136
"2320",332012.830426456
"2321",281869.830634131
"2322",387618.038176285
"2323",406483.022549427
"2324",438944.285662103
"2325",484418.332219919
"2326",879502.588236213
"2327",806908.472232106
"2328",835842.541555089
"2329",1009642.29308625
"2330",329449.285045102
"2331",620841.562729133
"2332",684831.046942726
"2333",394850.565495749
"2334",453133.857256233
"2335",596492.12086523
"2336",466947.872015782
"2337",735536.816833136
"2338",423790.520442801
"2339",1009272.77043384
"2340",391108.383354027
"2341",423800.461114617
"2342",379191.671476102
"2343",347344.05733372
"2344",639871.667111931
"2345",343178.548768385
"2346",556072.040980336
"2347",714949.078499069
"2348",407158.813654604
"2349",302109.770385293
"2350",520490.187890174
"2351",422869.350670899
"2352",829588.68613782
"2353",418024.662001997
"2354",351328.225123184
"2355",738071.55844385
"2356",456360.231165182
"2357",516816.527374823
"2358",540607.414941516
"2359",351198.424289146
"2360",704545.931310304
"2361",631208.436924858
"2362",526053.725528429
"2363",334594.391620236
"2364",309813.194603787
"2365",572535.951838582
"2366",426469.084907693
"2367",377657.274805916
"2368",420468.687618315
"2369",317683.116543916
"2370",430313.802274745
"2371",513925.507194876
"2372",620309.370405877
"2373",537484.159455937
"2374",617618.752657762
"2375",573102.434032817
"2376",1197858.06409313
"2377",597490.086973719
"2378",873515.83748125
"2379",693609.050801417
"2380",445292.776947527
"2381",733488.833793528
"2382",379366.503641079
"2383",331297.422989428
"2384",287775.809140644
"2385",784726.807847513
"2386",424090.862914305
"2387",633452.224415649
"2388",266263.961745883
"2389",511900.200430953
"2390",322308.360875464
"2391",410695.104967459
"2392",427646.219333761
"2393",367241.757514087
"2394",349154.452573775
"2395",413130.254434403
"2396",364816.709098469
"2397",308035.986306272
"2398",1055503.04000607
"2399",455432.729839087
"2400",445633.237923533
"2401",329831.329763115
"2402",396453.386682732
"2403",391373.108822875
"2404",1214734.04963468
"2405",330159.801290318
"2406",1154930.23071617
"2407",438435.344868211
"2408",558205.835546317
"2409",540880.512170112
"2410",328450.848507788
"2411",740669.49720685
"2412",770908.292729096
"2413",318230.707567957
"2414",402068.325534784
"2415",513900.808186044
"2416",396473.268616494
"2417",400681.506287472
"2418",1567186.51572611
"2419",521709.545386525
"2420",609180.17107228
"2421",538801.733940961
"2422",278850.119773631
"2423",325151.126137836
"2424",290123.559889923
"2425",283576.717257758
"2426",409002.942612941
"2427",640366.083178387
"2428",434908.138194469
"2429",515265.026072144
"2430",522576.284230108
"2431",354518.762968658
"2432",418988.586519464
"2433",458606.109870716
"2434",671174.394881032
"2435",437064.374896022
"2436",404380.26617148
"2437",1033311.87154654
"2438",794818.44878961
"2439",540277.11812429
"2440",504983.307685647
"2441",578734.568028906
"2442",394936.256952644
"2443",296259.493307263
"2444",374120.841426178
"2445",453558.739786764
"2446",862457.050229624
"2447",401370.568686409
"2448",386315.699729492
"2449",519036.78052155
"2450",403160.182327701
"2451",397216.354659429
"2452",470080.467607722
"2453",618586.438298491
"2454",326732.277190047
"2455",364663.355248104
"2456",554250.640584412
"2457",309189.47659034
"2458",471622.355262946
"2459",436256.873643883
"2460",562574.782523604
"2461",1298458.41937687
"2462",446512.198497629
"2463",532603.208764585
"2464",411413.874911051
"2465",368375.692915508
"2466",460532.203172752
"2467",392189.083213792
"2468",518711.984852517
"2469",1031077.30232367
"2470",666327.510109954
"2471",287005.839196046
"2472",344527.565624827
"2473",348333.967108629
"2474",765582.91582923
"2475",360279.159697661
"2476",424772.383097703
"2477",402141.63913759
"2478",1064227.71757782
"2479",386904.453744463
"2480",289106.294780332
"2481",437815.930708602
"2482",336496.600148602
"2483",316254.225952281
"2484",457617.268291136
"2485",310951.008552188
"2486",345801.18351297
"2487",429065.668645297
"2488",473926.260993387
"2489",264431.391981429
"2490",404616.996739539
"2491",375954.98041171
"2492",539807.015269823
"2493",263457.081209487
"2494",322332.163537496
"2495",379563.955704095
"2496",342701.631134907
"2497",740280.567606811
"2498",773704.011957655
"2499",311979.120185986
"2500",499228.967959093
"2501",491433.841124353
"2502",868624.097951448
"2503",358441.901886232
"2504",482767.408849593
"2505",480325.66374693
"2506",900354.281683438
"2507",400658.8068592
"2508",2647954.9227464
"2509",510293.905896028
"2510",357898.643058712
"2511",297981.407340458
"2512",300668.931535257
"2513",572250.402408097
"2514",331652.688553422
"2515",527262.713885749
"2516",463356.579533696
"2517",342544.421252185
"2518",470704.052373921
"2519",519487.50822048
"2520",345252.067492047
"2521",480031.547863
"2522",368375.135300451
"2523",291363.128633396
"2524",417783.712315635
"2525",378061.164054518
"2526",400006.26499196
"2527",453580.166241207
"2528",504356.103532136
"2529",303166.611285946
"2530",413309.385830936
"2531",886566.967676576
"2532",455829.696792224
"2533",402552.354830239
"2534",874139.326587428
"2535",469135.920390528
"2536",359062.827970841
"2537",515663.332180279
"2538",672580.999194592
"2539",537442.221624963
"2540",391600.946055717
"2541",818507.178895228
"2542",1364617.92373697
"2543",566775.643198054
"2544",428795.100529299
"2545",465971.179231984
"2546",869550.385539642
"2547",414797.25865403
"2548",653079.864064809
"2549",355120.732859945
"2550",413409.990630744
"2551",316115.98006672
"2552",283024.100005171
"2553",514242.538041747
"2554",402678.460247753
"2555",422589.341374161
"2556",372064.617467962
"2557",302107.18332926
"2558",378262.623546134
"2559",380177.272732571
"2560",296286.11588124
"2561",481933.039004219
"2562",440145.215205898
"2563",296286.610737248
"2564",417119.087211876
"2565",905057.423410122
"2566",298503.798216029
"2567",719185.365816605
"2568",605631.792121473
"2569",575884.710591185
"2570",361723.900233993
"2571",599242.298064459
"2572",488902.544669818
"2573",439394.620226593
"2574",383775.900261235
"2575",1157947.13955142
"2576",440543.157762368
"2577",432527.083542775
"2578",394205.531851831
"2579",636045.054479451
"2580",362907.1803184
"2581",665760.900889878
"2582",357791.444590743
"2583",423286.511901333
"2584",365863.504937512
"2585",457682.932686915
"2586",560660.947217907
"2587",680445.214287605
"2588",496211.05737664
"2589",292644.088289647
"2590",390663.50988004
"2591",455369.899002069
"2592",354013.25379882
"2593",320518.783812337
"2594",490478.168303821
"2595",489745.636812257
"2596",632918.957636065
"2597",284997.536491775
"2598",353045.248156853
"2599",558497.635886929
"2600",499892.878447896
"2601",309840.47758486
"2602",393995.152448896
"2603",519492.087978014
"2604",327848.185465605
"2605",296087.508831105
"2606",557331.217968847
"2607",644864.491452
"2608",333052.211557547
"2609",524509.15804903
"2610",1034192.91657058
"2611",526068.032065389
"2612",266798.753810839
"2613",385266.741853505
"2614",352672.138392905
"2615",761648.007386066
"2616",558845.489450933
"2617",512227.893382831
"2618",649363.038157501
"2619",353321.846103354
"2620",387124.80566968
"2621",467836.076660583
"2622",400962.327008825
"2623",902179.66122179
"2624",397792.762990306
"2625",374428.730466911
"2626",595763.379055647
"2627",381883.708244464
"2628",679088.205772746
"2629",421685.854341367
"2630",484139.987284953
"2631",387400.114793134
"2632",461243.542527381
"2633",312395.385555869
"2634",449069.211824161
"2635",1132874.41190733
"2636",324127.084430514
"2637",799371.94008018
"2638",371828.791987946
"2639",417501.082619646
"2640",426939.687514792
"2641",987154.005673187
"2642",436151.329551954
"2643",843243.395674919
"2644",609248.159089337
"2645",404621.173432569
"2646",392198.546419585
"2647",316157.102052395
"2648",345857.16257601
"2649",483093.069888439
"2650",795578.806696029
"2651",598737.420752025
"2652",974927.038550573
"2653",311692.033812884
"2654",776007.214382671
"2655",744467.238673728
"2656",509147.203090236
"2657",402075.450677254
"2658",555225.872279172
"2659",410840.252772501
"2660",429682.414290085
"2661",553165.127129988
"2662",388297.869839742
"2663",487824.338069143
"2664",645523.781973126
"2665",475742.59626665
"2666",394391.763839131
"2667",350679.15582888
"2668",469479.478872111
"2669",336332.096889315
"2670",289365.001083548
"2671",358266.200967126
"2672",404506.177463452
"2673",797776.521312726
"2674",361130.913144264
"2675",570269.69825172
"2676",326279.368032436
"2677",800103.888782648
"2678",512117.554404295
"2679",414720.403862369
"2680",261344.952599993
"2681",264576.720229001
"2682",272267.231096574
"2683",282553.781348702
"2684",327109.401978524
"2685",1399314.64407665
"2686",473754.777930855
"2687",820992.331449682
"2688",638135.36515219
"2689",613414.809941721
"2690",582756.284384545
"2691",577535.119920902
"2692",345666.744581754
"2693",534144.427588755
"2694",650199.214485352
"2695",344844.813552319
"2696",537712.479724852
"2697",754531.108075715
"2698",523197.642484347
"2699",541001.732342559
"2700",508136.640101597
"2701",472712.726106725
"2702",536439.843643587
"2703",565392.092996819
"2704",459741.203575888
"2705",483763.470189323
"2706",529708.747909212
"2707",410635.540984342
"2708",651215.805617072
"2709",295727.69247217
"2710",390256.434827426
"2711",429625.831110103
"2712",614717.702516258
"2713",437147.70859438
"2714",427421.215036164
"2715",951694.819503334
"2716",459821.182259017
"2717",1249070.20881598
"2718",480508.95733779
"2719",334107.307531807
"2720",336461.956258308
"2721",362623.219342859
"2722",314959.318225961
"2723",2782812.82180296
"2724",567231.132917566
"2725",416989.416967
"2726",399609.561948486
"2727",294321.782046537
"2728",591162.538008601
"2729",368235.034924053
"2730",418711.532215795
"2731",353194.99096586
"2732",277591.948240614
"2733",531361.059483323
"2734",290327.70180265
"2735",303440.629978817
"2736",504318.335675029
"2737",300859.358482255
"2738",349370.925442725
"2739",551406.946267133
"2740",291781.440411666
"2741",454875.730901902
"2742",353950.46318882
"2743",362427.0859943
"2744",335915.784476124
"2745",345964.380792084
"2746",403889.579183235
"2747",379017.993195197
"2748",389871.25022537
"2749",301475.149585946
"2750",486578.761923489
"2751",304231.189530118
"2752",422048.300777744
"2753",416035.945389524
"2754",402762.61493658
"2755",402762.61493658
"2756",347685.431881325
"2757",602507.510966456
"2758",410537.766584226
"2759",1703514.57480881
"2760",420803.938459629
"2761",335651.337444337
"2762",835922.441478265
"2763",515239.115643652
"2764",317745.450740281
"2765",378705.566815497
"2766",304147.254855701
"2767",593828.6419806
"2768",495910.343493959
"2769",350567.504641315
"2770",261341.698487726
"2771",412759.752134097
"2772",360951.290644665
"2773",378202.303223678
"2774",584707.782245489
"2775",318478.747033796
"2776",569584.953687748
"2777",467107.845208797
"2778",316151.059550395
"2779",329508.517029146
"2780",732454.577032072
"2781",701773.281688306
"2782",345381.091015753
"2783",464477.963189145
"2784",311711.164998782
"2785",287613.829811878
"2786",389525.793550922
"2787",497932.993527581
"2788",1189226.17344998
"2789",537700.874588898
"2790",495561.635376414
"2791",489673.244024514
"2792",478425.85195718
"2793",397670.278018744
"2794",502813.314221577
"2795",479592.086411991
"2796",350214.567142479
"2797",310154.780346295
"2798",282495.6301744
"2799",289076.443340566
"2800",492788.138458287
"2801",265036.480502677
"2802",373420.077955038
"2803",607659.772927833
"2804",345081.428404267
"2805",395114.585847739
"2806",314393.95968644
"2807",369552.318592998
"2808",298343.065612355
"2809",720857.49645153
"2810",449217.207884588
"2811",551425.499357376
"2812",359537.832365626
"2813",472515.596047158
"2814",450031.066088351
"2815",467149.584271022
"2816",683750.946183721
"2817",471603.463840448
"2818",365104.139822808
"2819",622788.439142886
"2820",324827.21301881
"2821",783717.310583625
"2822",494840.963777978
"2823",281674.403288671
"2824",664731.404153149
"2825",587731.611735478
"2826",765394.384397667
"2827",288644.25107707
"2828",411970.287690689
"2829",942336.842208325
"2830",282757.381556834
"2831",282316.860761592
"2832",459643.708916811
"2833",465330.881070151
"2834",338315.572528422
"2835",314260.242217619
"2836",627221.645797162
"2837",360497.199502146
"2838",406479.596998248
"2839",375814.502682716
"2840",480191.878176122
"2841",598546.926410099
"2842",405378.90737881
"2843",506438.199281367
"2844",476775.963692262
"2845",432779.95712949
"2846",466673.656558545
"2847",422627.038686116
"2848",324000.432183885
"2849",400072.419758459
"2850",433353.0533345
"2851",607573.188055886
"2852",392097.678490775
"2853",415422.592851565
"2854",309326.676251956
"2855",439466.637673083
"2856",1272854.34716575
"2857",401908.031001931
"2858",919610.211960621
"2859",367598.230398094
"2860",1195937.08630039
"2861",258057.193629851
"2862",577869.017552883
"2863",371930.518033092
"2864",409091.621882556
"2865",305715.581727351
"2866",475308.409350727
"2867",337393.622333837
"2868",556800.345221178
"2869",555657.478962401
"2870",570935.432782507
"2871",694101.36034897
"2872",667166.278841849
"2873",382230.079440013
"2874",676741.983949713
"2875",712367.246637238
"2876",306796.381258259
"2877",363940.190694486
"2878",259420.313890045
"2879",542826.68523528
"2880",1622047.45352814
"2881",664248.751387047
"2882",395561.134493319
"2883",597573.125088103
"2884",338271.459425974
"2885",562395.578303308
"2886",394414.698109793
"2887",940793.348921674
"2888",309855.915184651
"2889",486863.060324718
"2890",349915.188847003
"2891",500469.831044298
"2892",338583.012963099
"2893",391376.136054893
"2894",512895.455850411
"2895",457331.527684636
"2896",326497.674215444
"2897",439217.826775099
"2898",790730.627439726
"2899",872836.214868392
"2900",502873.664428823
"2901",461770.251440689
"2902",509724.003334351
"2903",698269.737143592
"2904",491145.710130944
"2905",715516.553067965
"2906",319232.698059847
"2907",439156.665890474
"2908",445673.534350555
"2909",312658.075718242
"2910",300913.445916018
"2911",1022075.46257704
"2912",267858.498107524
"2913",814695.690218957
"2914",459362.042428688
"2915",769114.798597282
"2916",476669.760186332
"2917",407767.101335989
"2918",417960.306613827
"2919",1271255.50810741
"2920",516706.758001556
"2921",521476.877163921
"2922",362973.192740215
"2923",438429.202239017
"2924",329230.909022189
"2925",254717.19550387
"2926",720916.383569678
"2927",641177.364440137
"2928",516525.474421562
"2929",441433.065515315
"2930",483874.043361929
"2931",390897.941511542
"2932",479446.408020198
"2933",331969.379275159
"2934",402265.017354598
"2935",341197.281005948
"2936",292889.143926947
"2937",383791.118099884
"2938",399809.682792238
"2939",491405.753125932
"2940",438164.646715056
"2941",1704709.75849832
"2942",491792.211034046
"2943",369289.885566068
"2944",604454.413741913
"2945",354679.99003716
"2946",652487.925753187
"2947",469016.552695211
"2948",369040.134448881
"2949",406801.16259833
"2950",310657.401401751
"2951",417950.256049407
"2952",633144.965624847
"2953",325293.544964834
"2954",411701.671761945
"2955",848428.834320099
"2956",421707.747520365
"2957",318015.48013715
"2958",798394.784304676
"2959",342832.850821276
"2960",423834.30124968
"2961",397625.973785083
"2962",588112.41278349
"2963",413479.292432904
"2964",974644.882492064
"2965",585190.264112268
"2966",388291.372444277
"2967",643489.285584209
"2968",375232.879439977
"2969",516327.218157203
"2970",605876.572058942
"2971",315122.964773235
"2972",513582.553185434
"2973",364873.588679929
"2974",963854.202491479
"2975",522988.992976255
"2976",1144249.57584155
"2977",417361.223376832
"2978",647533.053953083
"2979",557895.06516217
"2980",492886.976752422
"2981",975843.289008794
"2982",479223.995202583
"2983",332639.732212938
"2984",463157.391640193
"2985",608683.001011017
"2986",515604.376727665
"2987",302629.332222303
"2988",514413.425313234
"2989",574443.486151209
"2990",347837.988478783
"2991",352300.450670352
"2992",526631.855446817
"2993",421187.618607172
"2994",481631.561691791
"2995",369265.027156674
"2996",326129.98342597
"2997",412972.221790995
"2998",282696.29146975
"2999",374445.253353825
"3000",352260.29636764
"3001",572324.122422391
"3002",1133131.58149279
"3003",605395.632552056
"3004",713549.917498905
"3005",813269.384239551
"3006",633875.591920755
"3007",516914.460693326
"3008",352237.108223631
"3009",356733.59598932
"3010",258107.596196231
"3011",672245.477295023
"3012",445216.728798374
"3013",566501.000621212
"3014",710588.676072463
"3015",483965.35571223
"3016",437920.048809393
"3017",395558.088106106
"3018",399299.817628398
"3019",388252.492688066
"3020",424037.383223752
"3021",534361.024047639
"3022",548303.738792392
"3023",316921.108533048
"3024",285457.0418174
"3025",354524.411210888
"3026",511354.737666566
"3027",480343.874538095
"3028",455968.997317342
"3029",327268.252017933
"3030",536717.901894576
"3031",326051.186640699
"3032",444850.831075043
"3033",603137.00906945
"3034",576976.325088188
"3035",434475.854127037
"3036",802335.063142195
"3037",484091.051361659
"3038",343675.023878147
"3039",312837.690936438
"3040",681346.108061681
"3041",406985.212471478
"3042",466780.327520634
"3043",566024.418671382
"3044",545435.567441673
"3045",359709.140568083
"3046",446154.204073055
"3047",343154.523048592
"3048",427596.126385679
"3049",338383.114687312
"3050",518110.685060459
"3051",687721.959720281
"3052",443585.322625467
"3053",282025.860727168
"3054",545497.114048071
"3055",353693.56937875
"3056",421507.563199369
"3057",360586.32485885
"3058",733687.965848009
"3059",435289.37708089
"3060",562340.352072012
"3061",307705.10893384
"3062",747217.70879815
"3063",490929.872195435
"3064",1192966.69337508
"3065",1248302.26957904
"3066",366803.340109281
"3067",300421.568699563
"3068",744734.899582489
"3069",505435.585007179
"3070",387878.489998712
"3071",527299.444374795
"3072",416146.053558025
"3073",333628.390238598
"3074",423154.502839949
"3075",838882.546823788
"3076",426342.37095286
"3077",448971.189583423
"3078",780257.698024095
"3079",344069.596377451
"3080",550369.621674562
"3081",378937.24061369
"3082",352905.531317787
"3083",554169.68918552
"3084",360937.172505849
"3085",397284.121996454
"3086",397284.121996454
"3087",358999.143782511
"3088",380992.533425514
"3089",296653.304863061
"3090",300117.14580897
"3091",522533.460734237
"3092",366621.497290524
"3093",446834.937049439
"3094",454515.537478736
"3095",1930621.52508923
"3096",401879.987744449
"3097",713106.635374691
"3098",346307.630686481
"3099",291101.888105312
"3100",375750.971315002
"3101",292309.983617949
"3102",534977.320778257
"3103",163659.712710199
"3104",304746.939291915
"3105",366142.923578918
"3106",279493.779992323
"3107",436227.689377973
"3108",335106.398923485
"3109",299085.641768359
"3110",443507.207902475
"3111",274132.470571091
"3112",370483.912071513
"3113",803589.383623458
"3114",560624.703036049
"3115",290340.856255751
"3116",426867.519360669
"3117",455735.908264075
"3118",286580.626693101
"3119",402703.352792521
"3120",533761.783144846
"3121",471030.973487526
"3122",604596.161680299
"3123",338896.404473883
"3124",434993.83444589
"3125",610962.933766181
"3126",340337.542551688
"3127",450646.795013177
"3128",376200.322295021
"3129",814052.905159993
"3130",455544.614109479
"3131",333477.13010545
"3132",505781.268284512
"3133",779531.477977371
"3134",395860.651571755
"3135",783439.507908921
"3136",372492.282242003
"3137",433066.431104823
"3138",337378.455729997
"3139",314922.249382622
"3140",400629.208245624
"3141",459589.744768583
"3142",344047.125477017
"3143",457536.740677847
"3144",385203.208008346
"3145",311813.352888313
"3146",433336.525991336
"3147",410757.130906269
"3148",708420.073442217
"3149",265112.875593455
"3150",908220.516649121
"3151",303432.371556519
"3152",643585.362891252
"3153",698582.588315944
"3154",446808.379778373
"3155",373354.506452139
"3156",426945.035305232
"3157",355161.491455152
"3158",980977.021311701
"3159",332838.390459661
"3160",452696.998164536
"3161",435617.464232157
"3162",412478.990493352
"3163",413115.847853889
"3164",695867.175116699
"3165",484082.359960089
"3166",308329.122993905
"3167",438914.525477251
"3168",290776.420098543
"3169",434954.705901592
"3170",702483.401762678
"3171",554266.917192627
"3172",667359.902934044
"3173",399624.037668033
"3174",662172.087050536
"3175",383941.051890911
"3176",454746.964198583
"3177",496644.675801112
"3178",545321.047919077
"3179",395652.608078668
"3180",504704.388515676
"3181",327182.577205911
"3182",457168.429075744
"3183",341087.246683862
"3184",592564.446881948
"3185",641330.855780396
"3186",453944.662749065
"3187",374978.230691111
"3188",339470.437574372
"3189",507148.837872895
"3190",662704.133188165
"3191",297881.524346452
"3192",438401.020508524
"3193",342097.040749674
"3194",649840.08791035
"3195",451531.374802969
"3196",334385.909988782
"3197",494435.645138959
"3198",785265.510737853
"3199",488729.9460452
"3200",301681.868063774
"3201",557277.576808917
"3202",596093.301190609
"3203",434142.271106476
"3204",304186.551437946
"3205",423147.560490182
"3206",288992.04625299
"3207",321985.214715204
"3208",334696.100218404
"3209",451998.784505139
"3210",399666.827350727
"3211",658322.345899148
"3212",524760.463435546
"3213",349774.825638425
"3214",329072.671289193
"3215",465795.618849545
"3216",583632.790908235
"3217",310936.585683639
"3218",816541.951456297
"3219",742474.832584627
"3220",389965.964828549
"3221",420564.797835771
"3222",385064.676279459
"3223",293507.323160486
"3224",393511.713738819
"3225",276834.510969626
"3226",683836.004070537
"3227",508073.736709072
"3228",419106.626813918
"3229",434726.619697727
"3230",430765.190835148
"3231",720514.224192317
"3232",399356.998288574
"3233",322784.563608287
"3234",369543.011166614
"3235",292399.773352368
"3236",462521.318830029
"3237",629609.793596222
"3238",286888.577137927
"3239",1564165.14052197
"3240",419649.801252641
"3241",720874.499471273
"3242",584681.087660071
"3243",260277.45928764
"3244",466525.140416837
"3245",487323.963087858
"3246",741071.78521226
"3247",302974.998971803
"3248",513922.395631983
"3249",715807.55266561
"3250",339009.766835505
"3251",783656.322501409
"3252",542578.723925007
"3253",532573.623236546
"3254",778654.106219225
"3255",299672.380666781
"3256",347167.877180596
"3257",530468.194780931
"3258",512129.867101028
"3259",891140.475409567
"3260",637266.789329959
"3261",312569.093654148
"3262",384746.944660033
"3263",821146.641658067
"3264",755972.250793983
"3265",444543.087567187
"3266",655882.198345229
"3267",410944.232953336
"3268",315896.354576355
"3269",351588.378862623
"3270",487070.269109044
"3271",920158.460921926
"3272",447376.0143351
"3273",547030.183375828
"3274",515046.188487069
"3275",288328.616810135
"3276",385145.030661001
"3277",339404.195969902
"3278",424438.036936186
"3279",623622.97748851
"3280",288373.008210744
"3281",284223.245628305
"3282",381850.393862185
"3283",273740.535851458
"3284",864037.13614728
"3285",339779.001395947
"3286",332762.0977904
"3287",892156.211293937
"3288",314530.861908945
"3289",523294.087785895
"3290",468585.437226203
"3291",962493.607130895
"3292",799867.868298352
"3293",333410.660904106
"3294",430129.85209184
"3295",555025.012491925
"3296",336987.43246687
"3297",557719.365462898
"3298",525150.063474214
"3299",300457.297254949
"3300",288583.27646121
"3301",550017.711168499
"3302",439721.047020814
"3303",325403.067677226
"3304",473108.654195977
"3305",328040.012092664
"3306",306869.480674019
"3307",754398.277519807
"3308",696176.905737013
"3309",319286.242360744
"3310",381210.533129322
"3311",1048465.58413228
"3312",480711.698635454
"3313",465771.427350251
"3314",321564.989206452
"3315",599767.413458253
"3316",647307.036817963
"3317",472018.357836155
"3318",288532.544850924
"3319",349714.721876289
"3320",679911.760990796
"3321",1016664.20361699
"3322",734145.882826203
"3323",343741.808488303
"3324",366132.36756134
"3325",399631.93587356
"3326",431157.050117283
"3327",758785.423797014
"3328",295530.501547767
"3329",420522.949084994
"3330",317388.17925628
"3331",404911.110222308
"3332",361668.661491338
"3333",476984.680164413
"3334",395121.758944876
"3335",390722.835679849
"3336",709998.45534928
"3337",409737.795805428
"3338",1097928.27158584
"3339",618108.325994466
"3340",400625.84457452
"3341",497519.323168308
"3342",372736.538752468
"3343",310396.527018998
"3344",423334.94980713
"3345",394738.004461757
"3346",418937.090983657
"3347",424084.829317871
"3348",508704.219667503
"3349",396647.447659693
"3350",302633.709859272
"3351",310469.432582952
"3352",345203.435664969
"3353",481139.117222817
"3354",472846.158551327
"3355",413005.317645759
"3356",500342.599434562
"3357",443211.686075141
"3358",310257.074000781
"3359",439392.240977254
"3360",527904.260641495
"3361",428407.318845467
"3362",402068.325534784
"3363",806332.697439584
"3364",325033.010257464
"3365",262948.845218584
"3366",546038.850626361
"3367",258724.56479824
"3368",813517.201781048
"3369",439079.272439263
"3370",688044.35536515
"3371",411126.93733733
"3372",934337.276425263
"3373",333840.987912466
"3374",1005542.58054274
"3375",332907.738157974
"3376",1093619.13911915
"3377",572757.744929178
"3378",620229.870336717
"3379",387206.938770899
"3380",385823.97646864
"3381",1264714.8811535
"3382",318692.226810499
"3383",422566.526179302
"3384",633364.513939885
"3385",943283.989628048
"3386",442255.311837184
"3387",443785.704389472
"3388",389040.44409202
"3389",448696.219019737
"3390",538931.120133372
"3391",444268.616673852
"3392",486020.709573805
"3393",295922.902006673
"3394",342021.414112592
"3395",405364.361324286
"3396",507749.602948927
"3397",397753.705967822
"3398",352559.358905003
"3399",360908.492917834
"3400",569007.387051077
"3401",552738.436438401
"3402",438041.446492576
"3403",533572.410618497
"3404",601289.533883604
"3405",447722.093470577
"3406",959116.872433409
"3407",288259.767263179
"3408",498499.458085982
"3409",392835.48693746
"3410",451547.089728887
"3411",775538.720612101
"3412",478838.852083314
"3413",475116.362824732
"3414",352761.26114177
"3415",687473.490847816
"3416",633725.654643991
"3417",365623.639009787
"3418",461521.726776979
"3419",274935.117631869
"3420",394328.393350034
"3421",1178528.27565091
"3422",295411.613600274
"3423",380206.345397524
"3424",470017.578981077
"3425",428968.745006847
"3426",390317.863157532
"3427",340503.482375101
"3428",360499.883658839
"3429",335176.063706346
"3430",537562.167105175
"3431",572459.663756905
"3432",289694.046775584
"3433",396433.840381009
"3434",606608.612234739
"3435",389361.639328523
"3436",296477.92665993
"3437",347796.269222637
"3438",289979.169003389
"3439",295457.609290014
"3440",415634.367967723
"3441",554374.264574673
"3442",282375.446082422
"3443",344250.158828579
"3444",289373.850348883
"3445",453573.09336517
"3446",533423.222157298
"3447",649423.251242199
"3448",386048.711618254
"3449",755019.631616769
"3450",378088.866373582
"3451",632055.462785069
"3452",812191.869558826
"3453",307102.832838282
"3454",712438.47897924
"3455",425007.117265934
"3456",273431.81086484
"3457",291051.461178559
"3458",291051.461178559
"3459",685110.748961459
"3460",497454.871604577
"3461",462155.978366762
"3462",371019.251508158
"3463",257599.561538793
"3464",431035.972554771
"3465",391117.236190322
"3466",742914.754245434
"3467",475089.911489565
"3468",271286.201903703
"3469",418778.543571723
"3470",318200.596538696
"3471",440173.394130441
"3472",286134.167233045
"3473",1081952.4745098
"3474",677676.164536028
"3475",447470.85971065
"3476",403468.172724213
"3477",282505.867652328
"3478",912144.521292003
"3479",592723.665461149
"3480",585359.381156169
"3481",354121.088728909
"3482",391189.090237703
"3483",277138.399830697
"3484",635075.633595842
"3485",400406.306622045
"3486",365694.006681674
"3487",670736.246513742
"3488",315852.320664207
"3489",434660.61083321
"3490",600458.029756199
"3491",359327.424619114
"3492",341585.228531379
"3493",394220.052526702
"3494",396331.876351024
"3495",348491.833213444
"3496",354562.980472896
"3497",321011.3237523
"3498",321515.919264811
"3499",562007.207736654
"3500",598355.885737131
"3501",373204.665345356
"3502",363566.076940102
"3503",488164.670563312
"3504",663253.476217642
"3505",506492.840493707
"3506",274600.490033789
"3507",413929.246640849
"3508",439705.954214753
"3509",485202.698450602
"3510",283084.74081124
"3511",580787.422540421
"3512",520599.157390171
"3513",298523.728404869
"3514",420736.029160844
"3515",1155603.10426573
"3516",438722.945645
"3517",722772.33538885
"3518",432841.215326606
"3519",414945.322457222
"3520",819230.206948649
"3521",347746.664523695
"3522",558289.438368706
"3523",267548.471544668
"3524",512500.956622537
"3525",964530.571501368
"3526",431733.620949608
"3527",344384.970631314
"3528",1011538.81277903
"3529",384715.643736406
"3530",476002.253359887
"3531",534331.198875116
"3532",641234.532655818
"3533",382288.564470884
"3534",676346.709877034
"3535",565682.351446996
"3536",426348.08271828
"3537",377925.934884397
"3538",510111.385350576
"3539",294148.369533837
"3540",336646.604108279
"3541",390228.639855928
"3542",582808.541014942
"3543",308820.211569057
"3544",409832.081619708
"3545",418568.83364868
"3546",429022.314708078
"3547",431119.201136808
"3548",413452.501147795
"3549",453980.474754016
"3550",408873.037214203
"3551",400294.75246126
"3552",389529.203375758
"3553",492946.363943466
"3554",305078.064110377
"3555",629696.578694548
"3556",380595.539808866
"3557",640255.841912532
"3558",378786.353874673
"3559",685008.101443975
"3560",352407.952868883
"3561",346890.273878791
"3562",325044.939112676
"3563",504098.949795093
"3564",405691.857218697
"3565",438742.708553985
"3566",429057.504841696
"3567",457430.532605869
"3568",508178.482054533
"3569",458457.786635481
"3570",271525.530341418
"3571",549851.814964054
"3572",466003.519523161
"3573",292031.587136113
"3574",702405.868298987
"3575",449287.916822584
"3576",441083.435453643
"3577",468292.978520116
"3578",340789.244793387
"3579",361653.640076392
"3580",637760.531522175
"3581",422439.162808399
"3582",368999.578199305
"3583",633941.983715151
"3584",360875.875477438
"3585",454110.443809699
"3586",596319.775362396
"3587",462546.604953422
"3588",382147.428286532
"3589",292799.082715457
"3590",404405.145683368
"3591",358577.885165668
"3592",611275.807827356
"3593",537916.507832477
"3594",301653.796198658
"3595",376539.605908121
"3596",427565.516627736
"3597",471741.549638474
"3598",499921.441775147
"3599",609587.730602648
"3600",292783.151240457
"3601",366910.732143902
"3602",383296.87542686
"3603",393865.533019517
"3604",384995.833197804
"3605",449080.513353496
"3606",318701.82545489
"3607",327632.711799177
"3608",368428.724601679
"3609",1519623.8023024
"3610",428716.949687587
"3611",293108.989579768
"3612",366274.276132286
"3613",302663.64727883
"3614",410118.231791144
"3615",1706655.5165881
"3616",333164.937397335
"3617",720501.10608153
"3618",459574.090786407
"3619",321503.854797249
"3620",553932.456849801
"3621",1064466.11537152
"3622",390779.318702401
"3623",280416.889093536
"3624",283086.900461588
"3625",424767.5494848
"3626",286851.084424085
"3627",360254.92949945
"3628",419665.714893514
"3629",366188.273685719
"3630",392200.187672513
"3631",573601.208533421
"3632",285931.928205077
"3633",306133.512523908
"3634",423774.311938526
"3635",500770.660842562
"3636",570077.564214852
"3637",366497.505961454
"3638",723377.190868947
"3639",604345.611028541
"3640",319856.604990535
"3641",820172.706667342
"3642",343338.620028841
"3643",493256.478921538
"3644",361675.054763989
"3645",523744.610735052
"3646",377637.200279685
"3647",308926.69215125
"3648",370428.468706377
"3649",550927.151433338
"3650",578035.607395479
"3651",533759.988198097
"3652",447277.985699632
"3653",355683.548474584
"3654",372643.708530921
"3655",317083.816266669
"3656",626688.862121913
"3657",433027.05946231
"3658",547953.301736519
"3659",683416.333967057
"3660",565789.520467548
"3661",338876.746472359
"3662",400365.618648208
"3663",618820.421892411
"3664",398071.287516822
"3665",391862.736464717
"3666",726753.489551156
"3667",415053.555621459
"3668",338146.396312094
"3669",344946.439445342
"3670",612732.675026618
"3671",441645.083975774
"3672",343516.30222764
"3673",290162.885147572
"3674",466593.194167089
"3675",396446.720317316
"3676",560780.237838612
"3677",428064.060265864
"3678",334030.027451707
"3679",399713.238334225
"3680",1226779.19774549
"3681",441133.105756668
"3682",549145.53927296
"3683",486876.912364965
"3684",453662.624940347
"3685",407047.602160337
"3686",530266.081116536
"3687",329092.47659385
"3688",538262.60556982
"3689",389205.75397324
"3690",509011.134184926
"3691",412331.378020723
"3692",941749.844223824
"3693",456432.854538451
"3694",348947.710935569
"3695",465272.824465771
"3696",576475.599339087
"3697",323880.940738384
"3698",499968.747285659
"3699",637721.306983946
"3700",456146.278712285
"3701",664240.484340285
"3702",717910.776729516
"3703",697202.447381771
"3704",497908.658676428
"3705",295859.140622844
"3706",360416.852205891
"3707",287693.282928983
"3708",334612.467688437
"3709",420583.415771877
"3710",373163.414320777
"3711",350752.009183092
"3712",311959.350605865
"3713",360622.764014458
"3714",376368.263524197
"3715",482102.475826986
"3716",401654.168075065
"3717",412147.155196873
"3718",364404.585416965
"3719",311570.216573014
"3720",473119.703243301
"3721",387751.596394327
"3722",279050.732820527
"3723",392844.631013203
"3724",658894.561322731
"3725",385754.939762459
"3726",470706.810973382
"3727",661702.03786022
"3728",580961.451112123
"3729",390627.718045715
"3730",648587.666472122
"3731",402969.671581215
"3732",573682.753364836
"3733",361143.607371872
"3734",549350.547116518
"3735",543808.142653816
"3736",765979.488930424
"3737",347615.360670825
"3738",364538.833777382
"3739",484844.051075126
"3740",325885.844136631
"3741",320390.804183196
"3742",493233.001714157
"3743",425371.667174214
"3744",454775.502876684
"3745",415688.333256688
"3746",337485.809363836
"3747",273942.077046796
"3748",499861.698589428
"3749",499012.039833029
"3750",309079.915934911
"3751",817540.490145565
"3752",396389.897322768
"3753",597318.332366138
"3754",390894.455225203
"3755",549839.552807885
"3756",262317.95362239
"3757",834901.36186657
"3758",340423.098402084
"3759",771162.195186158
"3760",969285.845031449
"3761",384125.415330307
"3762",709207.404737862
"3763",603544.57776514
"3764",443778.33765321
"3765",302234.940158379
"3766",670182.046010605
"3767",694634.899544857
"3768",301400.966924187
"3769",685679.568279617
"3770",322656.702278815
"3771",369368.2395642
"3772",507179.072986792
"3773",346528.182170324
"3774",538714.731786344
"3775",400046.020375612
"3776",361553.852805625
"3777",398611.392503909
"3778",445654.45777273
"3779",446924.84627318
"3780",382642.412573373
"3781",667651.777279491
"3782",456118.798328643
"3783",441872.623153456
"3784",308470.456240993
"3785",2134807.36366288
"3786",377452.204545637
"3787",1043180.04841562
"3788",849691.308917177
"3789",1125300.93860913
"3790",448516.446052303
"3791",321056.465413719
"3792",868839.404878239
"3793",742899.650608172
"3794",748850.12137783
"3795",848772.626891558
"3796",279329.923372157
"3797",301357.851055417
"3798",302175.668133774
"3799",539475.640345253
"3800",380377.191303282
"3801",279096.684819356
"3802",469596.729228265
"3803",551329.673699614
"3804",923833.680801812
"3805",672713.64082734
"3806",397763.811786631
"3807",470387.87712869
"3808",321658.4560679
"3809",590047.997052689
"3810",719349.373325951
"3811",431167.462415808
"3812",376768.64596812
"3813",1020887.30053998
"3814",803875.039618467
"3815",323508.261143871
"3816",385963.060005015
"3817",303915.62684404
"3818",410450.765071531
"3819",432040.587058813
"3820",652098.897791137
"3821",585818.655510369
"3822",425749.160134544
"3823",348288.374565322
"3824",513699.693760513
"3825",300037.755972028
"3826",310781.341077905
"3827",574837.736605864
"3828",498643.196847563
"3829",428186.056805492
"3830",1750173.25964411
"3831",356377.313425134
"3832",341335.780400645
"3833",934280.08410566
"3834",564292.642312141
"3835",611440.188880077
"3836",392588.992650427
"3837",372312.020134862
"3838",585541.386554845
"3839",971167.471065536
"3840",332817.029985818
"3841",528565.521564155
"3842",304727.172042467
"3843",469883.470285815
"3844",326180.909334003
"3845",403447.926683823
"3846",370772.916152869
"3847",291776.291755212
"3848",558553.636422389
"3849",421891.923928359
"3850",1450831.32938806
"3851",456417.672514945
"3852",293138.735818124
"3853",304207.790264998
"3854",372735.637426286
"3855",435864.663718044
"3856",1146692.77119139
"3857",368872.662094699
"3858",777465.832897643
"3859",371251.743459332
"3860",455962.182435381
"3861",711382.880495546
"3862",502760.336151309
"3863",474847.296342696
"3864",462648.923054697
"3865",355174.356423879
"3866",510235.656019837
"3867",460618.728514644
"3868",573608.829121104
"3869",912925.771384592
"3870",720370.095914802
"3871",502040.337535555
"3872",476125.171660344
"3873",659074.700980342
"3874",762134.412486692
"3875",1308119.54301028
"3876",635732.70336219
"3877",511396.976517565
"3878",285412.97305605
"3879",582352.212338954
"3880",535379.615529542
"3881",335225.188173278
"3882",2054340.50741295
"3883",292065.046271115
"3884",357223.755184362
"3885",443876.901396024
"3886",1259285.18774568
"3887",1019796.05339681
"3888",399283.832792265
"3889",314128.205147219
"3890",431059.341996348
"3891",550507.062178281
"3892",740754.584303346
"3893",835692.261000273
"3894",489885.774224857
"3895",466652.767351786
"3896",567247.005473749
"3897",717918.516669676
"3898",632642.471634
"3899",764475.837486174
"3900",671584.331716637
"3901",376210.205020712
"3902",324019.197309912
"3903",861523.320000493
"3904",459026.739858246
"3905",914592.602135025
"3906",926310.837671365
"3907",388597.634465084
"3908",479350.173667947
"3909",648075.355134616
"3910",473757.732437426
"3911",568933.7821986
"3912",370839.260227135
"3913",729149.002870539
"3914",339360.929227307
"3915",371913.28161154
"3916",502442.574298894
"3917",507131.665321929
"3918",396825.350827147
"3919",415160.967271043
"3920",838506.979098917
"3921",533381.188531611
"3922",749586.623265122
"3923",405156.974956776
"3924",552976.856852909
"3925",316654.332539512
"3926",337603.582645563
"3927",321307.449395205
"3928",392903.681477762
"3929",365929.086881196
"3930",427554.523502837
"3931",965139.683257836
"3932",325362.292746956
"3933",629721.393741117
"3934",612475.759455689
"3935",804182.310236325
"3936",449668.048748199
"3937",469583.988361391
"3938",336574.213588376
"3939",369350.10358623
"3940",1476540.08858681
"3941",1180435.95998332
"3942",898066.637180635
"3943",348475.204017858
"3944",281869.830634131
"3945",607188.002484236
"3946",341667.428844742
"3947",726957.771569012
"3948",355323.914499115
"3949",707778.599137421
"3950",929663.630902483
"3951",346689.224285404
"3952",349480.050237801
"3953",630675.95465694
"3954",775647.205625944
"3955",432910.187323105
"3956",652071.571212385
"3957",1430731.40205371
"3958",394659.374629862
"3959",529063.0121453
"3960",664045.028789341
"3961",422658.233643673
"3962",708419.134296956
"3963",708419.134296956
"3964",821212.393891637
"3965",963916.640097677
"3966",321125.324974124
"3967",378462.459422284
"3968",497941.794586594
"3969",656819.661181882
"3970",447794.561468068
"3971",374233.869248744
"3972",618770.63635277
"3973",579048.750131504
"3974",635519.133454404
"3975",763544.938771266
"3976",293374.872104234
"3977",361214.084183275
"3978",550784.683171031
"3979",1111684.1312733
"3980",388243.98199274
"3981",334490.220548365
"3982",760412.36922072
"3983",768911.885701293
"3984",593957.358849216
"3985",446323.775573054
"3986",731274.59853207
"3987",606146.162441333
"3988",547980.479615405
"3989",491326.6399814
"3990",930051.242884018
"3991",487335.174339335
"3992",356953.045573327
"3993",949289.166543575
"3994",569752.31495904
"3995",375998.028838317
"3996",319705.405431332
"3997",1076920.4968505
"3998",733859.934052525
"3999",399937.36285326
"4000",680875.997339641
"4001",348899.635297074
"4002",799907.58278516
"4003",760506.194320163
"4004",383705.831016856
"4005",1435461.37710113
"4006",592039.828612875
"4007",453272.577343349
"4008",277547.002077855
"4009",385821.013901754
"4010",708740.519729985
"4011",380861.363883883
"4012",383311.765601817
"4013",661903.726290223
"4014",1190270.11327519
"4015",388125.257076029
"4016",850591.646726305
"4017",502824.62826994
"4018",1213517.49921186
"4019",335800.898844714
"4020",394098.168843059
"4021",388753.831272323
"4022",345444.219353956
"4023",1192237.31592478
"4024",355464.168225972
"4025",1548980.05312526
"4026",528924.71885406
"4027",763855.360217182
"4028",327171.67735775
"4029",472552.489391989
"4030",795723.016378878
"4031",650845.768562195
"4032",632794.218799186
"4033",392413.398139361
"4034",677506.595686766
"4035",366049.323207837
"4036",740570.856491257
"4037",368811.594268784
"4038",323252.50407065
"4039",384307.614010833
"4040",1088500.13195111
"4041",329736.460970951
"4042",402084.727935984
"4043",340676.323995643
"4044",337586.405949705
"4045",416132.371883933
"4046",391269.045695978
"4047",353104.672149012
"4048",374237.29090413
"4049",364579.917260334
"4050",316147.318965018
"4051",355891.607576773
"4052",566121.541870333
"4053",569884.09131154
"4054",782761.866593695
"4055",328446.738561223
"4056",322028.709154232
"4057",915883.081239961
"4058",337435.312192564
"4059",982341.6949282
"4060",373393.837006941
"4061",506896.757122046
"4062",813474.584955691
"4063",704959.894015257
"4064",820175.139847908
"4065",504768.121689847
"4066",364257.039418788
"4067",865982.444281057
"4068",377171.293771216
"4069",584423.772421063
"4070",539807.123932754
"4071",696088.3263788
"4072",389916.107066298
"4073",522052.535664352
"4074",348475.204017858
"4075",487239.565442674
"4076",442067.934616762
"4077",448176.360355068
"4078",401931.336422302
"4079",375736.802183403
"4080",460338.850078131
"4081",358326.706892977
"4082",305487.896697442
"4083",525603.073870162
"4084",656206.203485892
"4085",296840.374606215
"4086",553760.600992366
"4087",415342.050149827
"4088",675623.046284225
"4089",376248.758507272
"4090",339933.251002051
"4091",716458.019750952
"4092",779951.982033248
"4093",1028986.7431809
"4094",702948.159050742
"4095",558610.482012839
"4096",424940.35053035
"4097",643596.921155668
"4098",409115.297136925
"4099",658400.664541405
"4100",1184992.12322141
"4101",591424.475511319
"4102",462588.248021512
"4103",374233.869248744
"4104",434160.152973506
"4105",762376.791065888
"4106",349078.740791714
"4107",933519.589133628
"4108",366049.323207837
"4109",441787.206276212
"4110",638932.411968797
"4111",386231.677378817
"4112",331519.129873939
"4113",688779.413926329
"4114",383339.928207734
"4115",359410.094965765
"4116",455481.8585183
"4117",614759.789472515
"4118",347088.631650585
"4119",378299.176617275
"4120",582328.123801977
"4121",360344.192991056
"4122",778998.008340235
"4123",374061.784648285
"4124",301676.41647307
"4125",647097.759322299
"4126",410989.816576218
"4127",485589.512172022
"4128",549748.88004547
"4129",591535.470886019
"4130",912602.62062473
"4131",795361.51209993
"4132",561776.812273239
"4133",679698.828220337
"4134",870691.914826435
"4135",851944.489049292
"4136",319284.993467737
"4137",346690.807113985
"4138",1034390.3946114
"4139",384398.329703541
"4140",1008776.75019976
"4141",278505.684289167
"4142",659942.605457817
"4143",334120.370898431
"4144",430866.230204088
"4145",391756.449635164
"4146",506450.258363848
"4147",404888.539315906
"4148",672449.486620692
"4149",455839.28156886
"4150",315504.159027268
"4151",489849.9176013
"4152",720366.508053014
"4153",610335.895139114
"4154",757597.598223248
"4155",395397.006255264
"4156",734404.990449584
"4157",374220.184422797
"4158",417183.11815487
"4159",644913.46720663
"4160",551641.837882605
"4161",363504.647641774
"4162",394785.374666874
"4163",656334.7875229
"4164",505023.257780657
"4165",312782.409296292
"4166",327978.588181084
"4167",392996.230887809
"4168",407583.088380004
"4169",590481.235195506
"4170",664635.269096812
"4171",599211.448621347
"4172",344594.340959982
"4173",836839.121337356
"4174",362784.352383504
"4175",576419.386267151
"4176",261994.465518903
"4177",330083.410616222
"4178",315849.535814603
"4179",394126.943646539
"4180",697915.240574621
"4181",680944.016394014
"4182",568187.502186422
"4183",561372.88438258
"4184",369089.171053418
"4185",336566.452762508
"4186",361991.216066064
"4187",970998.473591371
"4188",1015965.62082881
"4189",349396.537318517
"4190",343708.981820894
"4191",890561.361936135
"4192",494002.665847484
"4193",489384.702118899
"4194",528432.680864661
"4195",952769.841680732
"4196",808310.735480652
"4197",388020.830175193
"4198",428586.629488285
"4199",924916.507490617
"4200",603868.788183013
"4201",416890.575743565
"4202",353717.991362397
"4203",313277.724528807
"4204",524020.996506361
"4205",770116.477958258
"4206",742977.670793577
"4207",758477.928379637
"4208",658627.872190122
"4209",441763.240634804
"4210",315460.141564236
"4211",1329088.82758275
"4212",622769.06049499
"4213",1340386.78107733
"4214",697836.667241563
"4215",313633.788971764
"4216",507771.499741702
"4217",508812.320596487
"4218",398475.398083585
"4219",540486.042404411
"4220",825747.309168337
"4221",740740.304429286
"4222",432745.216738866
"4223",367004.089021599
"4224",281869.830634131
"4225",1023953.19034807
"4226",575746.447644352
"4227",572939.758435111
"4228",483142.354299278
"4229",289299.767593409
