"","x"
"1",356085.061598496
"2",784662.497836616
"3",435033.536694992
"4",607028.428869501
"5",260219.05612418
"6",691616.080758603
"7",1142750.22416715
"8",587291.310095377
"9",308152.058861338
"10",728270.729910548
"11",457590.243865419
"12",488605.716224757
"13",511162.423395184
"14",505523.246602577
"15",525260.365376701
"16",863610.972933112
"17",773384.144251403
"18",282775.763294607
"19",748007.848684672
"20",251760.290935269
"21",671878.961984479
"22",305332.470465034
"23",533719.130565612
"24",522440.776980398
"25",708533.611136424
"26",392739.71075044
"27",1046884.21869283
"28",268677.82131309
"29",423755.183109778
"30",499884.069809971
"31",209466.464990718
"32",652141.843210355
"33",640863.489625142
"34",192548.934612897
"35",446311.890280206
"36",378641.768768923
"37",437853.125091295
"38",1013049.15793719
"39",982033.685577856
"40",463229.420658026
"41",544997.484150825
"42",167172.639046167
"43",432213.948298688
"44",685976.903965997
"45",195368.523009201
"46",1032786.27671132
"47",939739.859633305
"48",635224.312832535
"49",561915.014528646
"50",508342.834998881
"51",528079.953773005
"52",573193.36811386
"53",1162487.34294128
"54",1162487.34294128
"55",367363.41518371
"56",525260.365376701
"57",361724.238391103
"58",302512.882068731
"59",530899.542169308
"60",254579.879331573
"61",654961.431606659
"62",779023.32104401
"63",353265.473202193
"64",657781.020002962
"65",680337.72717339
"66",344806.708013282
"67",110780.871120098
"68",592930.486887984
"69",232023.172161145
"70",446311.890280206
"71",810038.793403347
"72",945379.036425912
"73",542177.895754522
"74",567554.191321253
"75",415296.417920868
"76",660600.608399266
"77",550636.660943432
"78",511162.423395184
"79",404018.064335654
"80",883348.091707236
"81",719811.964721638
"82",217925.230179628
"83",466049.009054329
"84",378641.768768923
"85",626765.547643625
"86",773384.144251403
"87",573193.36811386
"88",220744.818575932
"89",615487.194058411
"90",1091997.63303369
"91",688796.4923623
"92",305332.470465034
"93",217925.230179628
"94",296873.705276124
"95",302512.882068731
"96",677518.138777086
"97",474507.77424324
"98",592930.486887984
"99",406837.652731958
"100",130517.989894222
"101",1323203.88153057
"102",398378.887543047
"103",426574.771506082
"104",547817.072547129
"105",373002.591976316
"106",733909.906703155
"107",327889.177635462
"108",327889.177635462
"109",1295007.99756754
"110",288414.940087214
"111",1658734.90069068
"112",246121.114142662
"113",406837.652731958
"114",508342.834998881
"115",1476307.53144985
"116",607028.428869501
"117",1187863.63850801
"118",164353.050649863
"119",581652.13330277
"120",285595.35169091
"121",279956.174898304
"122",468868.597450633
"123",461819.626459874
"124",553456.249339736
"125",466049.009054329
"126",347626.296409586
"127",903085.21048136
"128",855152.207744202
"129",635224.312832535
"130",826956.323781168
"131",482966.53943215
"132",869250.149725719
"133",254579.879331573
"134",530899.542169308
"135",1007409.98114459
"136",522440.776980398
"137",849513.030951595
"138",274316.998105697
"139",587291.310095377
"140",306742.264663186
"141",389920.122354137
"142",460409.832261723
"143",296873.705276124
"144",468868.597450633
"145",770564.555855099
"146",750827.437080975
"147",361724.238391103
"148",237662.348953752
"149",702894.434343817
"150",423755.183109778
"151",358904.649994799
"152",248940.702538966
"153",367363.41518371
"154",1145569.81256345
"155",508342.834998881
"156",560787.179170125
"157",494244.893017364
"158",282775.763294607
"159",519621.188584095
"160",559095.426132343
"161",1066621.33746696
"162",629585.136039928
"163",347626.296409586
"164",654961.431606659
"165",291234.528483517
"166",516801.600187791
"167",302512.882068731
"168",542177.895754522
"169",499884.069809971
"170",327889.177635462
"171",412476.829524564
"172",795940.85142183
"173",502703.658206274
"174",426574.771506082
"175",277136.586502
"176",488605.716224757
"177",333528.354428069
"178",330708.766031765
"179",626765.547643625
"180",277136.586502
"181",418116.006317171
"182",353265.473202193
"183",816805.805554476
"184",528079.953773005
"185",573193.36811386
"186",855152.207744202
"187",327889.177635462
"188",499884.069809971
"189",299693.293672427
"190",435033.536694992
"191",350445.884805889
"192",626765.547643625
"193",305332.470465034
"194",251760.290935269
"195",522440.776980398
"196",398378.887543047
"197",463229.420658026
"198",381461.357165227
"199",790301.674629223
"200",313791.235653945
"201",449131.478676509
"202",373002.591976316
"203",161533.46225356
"204",392739.71075044
"205",446311.890280206
"206",497064.481413667
"207",198188.111405504
"208",373002.591976316
"209",494244.893017364
"210",404018.064335654
"211",184090.169423987
"212",454770.655469116
"213",392739.71075044
"214",494244.893017364
"215",497064.481413667
"216",240481.937350056
"217",381461.357165227
"218",288414.940087214
"219",248940.702538966
"220",519621.188584095
"221",463229.420658026
"222",914363.564066574
"223",232023.172161145
"224",155894.285460953
"225",341987.119616979
"226",308152.058861338
"227",843873.854158988
"228",787482.08623292
"229",669059.373588176
"230",807219.205007044
"231",333528.354428069
"232",522440.776980398
"233",671878.961984479
"234",271497.409709393
"235",240481.937350056
"236",426574.771506082
"237",477327.362639543
"238",638043.901228838
"239",497064.481413667
"240",863610.972933112
"241",395559.299146744
"242",381461.357165227
"243",519621.188584095
"244",313791.235653945
"245",666239.785191873
"246",310971.647257641
"247",387100.533957834
"248",277136.586502
"249",398378.887543047
"250",654961.431606659
"251",1134291.45897824
"252",607028.428869501
"253",567554.191321253
"254",595750.075284287
"255",435033.536694992
"256",525260.365376701
"257",175631.404235077
"258",612667.605662108
"259",471688.185846936
"260",511162.423395184
"261",993312.03916307
"262",516801.600187791
"263",449131.478676509
"264",694435.669154907
"265",559095.426132343
"266",708533.611136424
"267",629585.136039928
"268",615487.194058411
"269",640863.489625142
"270",784662.497836616
"271",409657.241128261
"272",378641.768768923
"273",186909.757820291
"274",550636.660943432
"275",389920.122354137
"276",539358.307358218
"277",319430.412446551
"278",437853.125091295
"279",863610.972933112
"280",333528.354428069
"281",877708.914914629
"282",511444.382234815
"283",640863.489625142
"284",277136.586502
"285",739549.083495762
"286",649322.254814052
"287",725451.141514244
"288",1452904.94776053
"289",209466.464990718
"290",494244.893017364
"291",336347.942824372
"292",544997.484150825
"293",694435.669154907
"294",451951.067072812
"295",626765.547643625
"296",212286.053387021
"297",722631.553117941
"298",325069.589239158
"299",449131.478676509
"300",1015868.7463335
"301",237662.348953752
"302",138976.755083132
"303",804399.61661074
"304",375822.18037262
"305",485786.127828453
"306",894626.44529245
"307",184090.169423987
"308",226383.995368538
"309",711353.199532727
"310",663420.196795569
"311",576012.956510163
"312",418116.006317171
"313",226383.995368538
"314",542177.895754522
"315",553456.249339736
"316",1803379.78542104
"317",378641.768768923
"318",440672.713487599
"319",618306.782454714
"320",418116.006317171
"321",824136.735384864
"322",826956.323781168
"323",294054.116879821
"324",384280.94556153
"325",494244.893017364
"326",277136.586502
"327",607028.428869501
"328",353265.473202193
"329",389920.122354137
"330",601389.252076894
"331",457590.243865419
"332",378641.768768923
"333",657781.020002962
"334",748007.848684672
"335",666239.785191873
"336",330708.766031765
"337",175631.404235077
"338",623945.959247321
"339",485786.127828453
"340",528079.953773005
"341",378641.768768923
"342",570373.779717556
"343",319430.412446551
"344",327889.177635462
"345",240481.937350056
"346",542177.895754522
"347",404018.064335654
"348",406837.652731958
"349",578832.544906467
"350",274316.998105697
"351",215105.641783325
"352",455334.573148376
"353",443492.301883902
"354",993312.03916307
"355",466049.009054329
"356",482966.53943215
"357",285595.35169091
"358",533719.130565612
"359",347626.296409586
"360",536538.718961915
"361",220744.818575932
"362",674698.550380783
"363",1185044.0501117
"364",615487.194058411
"365",296873.705276124
"366",635224.312832535
"367",685976.903965997
"368",494244.893017364
"369",533719.130565612
"370",618306.782454714
"371",285595.35169091
"372",590110.89849168
"373",319430.412446551
"374",618306.782454714
"375",243301.525746359
"376",973574.920388946
"377",398378.887543047
"378",443492.301883902
"379",257399.467727876
"380",581652.13330277
"381",488605.716224757
"382",691616.080758603
"383",544997.484150825
"384",544997.484150825
"385",570373.779717556
"386",539358.307358218
"387",373002.591976316
"388",739549.083495762
"389",587291.310095377
"390",733909.906703155
"391",1580914.2609527
"392",361724.238391103
"393",776203.732647706
"394",852332.619347899
"395",392739.71075044
"396",508342.834998881
"397",330708.766031765
"398",522440.776980398
"399",590110.89849168
"400",144615.931875739
"401",936356.353557741
"402",308152.058861338
"403",753647.025477279
"404",237662.348953752
"405",418116.006317171
"406",731090.318306851
"407",341987.119616979
"408",511162.423395184
"409",570373.779717556
"410",181270.581027684
"411",237662.348953752
"412",663420.196795569
"413",384280.94556153
"414",291234.528483517
"415",612667.605662108
"416",437853.125091295
"417",313791.235653945
"418",429394.359902385
"419",570373.779717556
"420",302512.882068731
"421",271497.409709393
"422",1035605.86510762
"423",198188.111405504
"424",632404.724436232
"425",632404.724436232
"426",601389.252076894
"427",536538.718961915
"428",1413430.71021228
"429",920002.740859181
"430",474507.77424324
"431",810038.793403347
"432",550636.660943432
"433",739549.083495762
"434",443492.301883902
"435",460409.832261723
"436",646502.666417749
"437",350445.884805889
"438",544997.484150825
"439",587291.310095377
"440",477327.362639543
"441",364543.826787406
"442",539358.307358218
"443",347626.296409586
"444",643683.078021445
"445",361724.238391103
"446",629585.136039928
"447",592930.486887984
"448",733909.906703155
"449",404018.064335654
"450",694435.669154907
"451",1035605.86510762
"452",482966.53943215
"453",564734.602924949
"454",370183.003580013
"455",404018.064335654
"456",629585.136039928
"457",319430.412446551
"458",590110.89849168
"459",513982.011791488
"460",437853.125091295
"461",1179404.8733191
"462",240481.937350056
"463",756466.613873582
"464",561915.014528646
"465",432213.948298688
"466",815677.970195954
"467",466049.009054329
"468",161533.46225356
"469",169992.22744247
"470",598569.66368059
"471",855152.207744202
"472",392739.71075044
"473",494244.893017364
"474",578832.544906467
"475",685976.903965997
"476",536538.718961915
"477",570373.779717556
"478",629585.136039928
"479",423755.183109778
"480",592930.486887984
"481",220744.818575932
"482",499884.069809971
"483",432213.948298688
"484",1292188.40917123
"485",607028.428869501
"486",347626.296409586
"487",404018.064335654
"488",784662.497836616
"489",432213.948298688
"490",172811.815838773
"491",671878.961984479
"492",505523.246602577
"493",260219.05612418
"494",451951.067072812
"495",843873.854158988
"496",316610.824050248
"497",654961.431606659
"498",1069440.92586326
"499",852332.619347899
"500",556275.837736039
"501",325069.589239158
"502",378641.768768923
"503",629585.136039928
"504",471688.185846936
"505",296873.705276124
"506",392739.71075044
"507",237662.348953752
"508",347626.296409586
"509",993312.03916307
"510",855152.207744202
"511",358904.649994799
"512",412476.829524564
"513",646502.666417749
"514",604208.840473197
"515",781842.909440313
"516",1052523.39548544
"517",1052523.39548544
"518",370183.003580013
"519",305332.470465034
"520",598569.66368059
"521",375822.18037262
"522",358904.649994799
"523",680337.72717339
"524",482966.53943215
"525",635224.312832535
"526",206646.876594414
"527",206646.876594414
"528",254579.879331573
"529",1021507.9231261
"530",533719.130565612
"531",370183.003580013
"532",1018688.3347298
"533",1015868.7463335
"534",793121.263025527
"535",607028.428869501
"536",793121.263025527
"537",779023.32104401
"538",702894.434343817
"539",395559.299146744
"540",446311.890280206
"541",654961.431606659
"542",485786.127828453
"543",584471.721699073
"544",584471.721699073
"545",674698.550380783
"546",327889.177635462
"547",443492.301883902
"548",485786.127828453
"549",869250.149725719
"550",623945.959247321
"551",387100.533957834
"552",716992.376325334
"553",790301.674629223
"554",835415.088970078
"555",528079.953773005
"556",528079.953773005
"557",440672.713487599
"558",511162.423395184
"559",336347.942824372
"560",511162.423395184
"561",649322.254814052
"562",612667.605662108
"563",370183.003580013
"564",818497.558592258
"565",282775.763294607
"566",511162.423395184
"567",576012.956510163
"568",274316.998105697
"569",821317.146988561
"570",392739.71075044
"571",347626.296409586
"572",595750.075284287
"573",449131.478676509
"574",271497.409709393
"575",384280.94556153
"576",265858.232916786
"577",440672.713487599
"578",254579.879331573
"579",965116.155200036
"580",505523.246602577
"581",705714.022740121
"582",415296.417920868
"583",671878.961984479
"584",429394.359902385
"585",353265.473202193
"586",319430.412446551
"587",291234.528483517
"588",491425.30462106
"589",282775.763294607
"590",341987.119616979
"591",172811.815838773
"592",189729.346216594
"593",564734.602924949
"594",412476.829524564
"595",556275.837736039
"596",750827.437080975
"597",488605.716224757
"598",494244.893017364
"599",561915.014528646
"600",587291.310095377
"601",553456.249339736
"602",900265.622085057
"603",559095.426132343
"604",401198.475939351
"605",263038.644520483
"606",669059.373588176
"607",226383.995368538
"608",519621.188584095
"609",466049.009054329
"610",649322.254814052
"611",1060982.16067435
"612",530899.542169308
"613",525260.365376701
"614",542177.895754522
"615",550636.660943432
"616",257399.467727876
"617",849513.030951595
"618",223564.406972235
"619",423755.183109778
"620",604208.840473197
"621",505523.246602577
"622",279956.174898304
"623",240481.937350056
"624",268677.82131309
"625",612667.605662108
"626",581652.13330277
"627",336347.942824372
"628",279956.174898304
"629",657781.020002962
"630",485786.127828453
"631",254579.879331573
"632",499884.069809971
"633",389920.122354137
"634",243301.525746359
"635",302512.882068731
"636",420935.594713475
"637",420935.594713475
"638",398378.887543047
"639",217925.230179628
"640",392739.71075044
"641",415296.417920868
"642",240481.937350056
"643",175631.404235077
"644",522440.776980398
"645",384280.94556153
"646",779023.32104401
"647",347626.296409586
"648",347626.296409586
"649",544997.484150825
"650",671878.961984479
"651",116420.047912705
"652",967935.743596339
"653",584471.721699073
"654",477327.362639543
"655",573193.36811386
"656",248940.702538966
"657",305332.470465034
"658",133337.578290525
"659",550636.660943432
"660",581652.13330277
"661",482966.53943215
"662",618306.782454714
"663",1024327.51152241
"664",454770.655469116
"665",333528.354428069
"666",150255.108668346
"667",849513.030951595
"668",395559.299146744
"669",708533.611136424
"670",646502.666417749
"671",316610.824050248
"672",602799.046275046
"673",1049703.80708914
"674",449131.478676509
"675",638043.901228838
"676",722631.553117941
"677",818497.558592258
"678",175631.404235077
"679",714172.787929031
"680",291234.528483517
"681",491425.30462106
"682",308152.058861338
"683",573193.36811386
"684",420089.718194584
"685",426574.771506082
"686",592930.486887984
"687",443492.301883902
"688",463229.420658026
"689",615487.194058411
"690",409657.241128261
"691",381461.357165227
"692",1142750.22416715
"693",449131.478676509
"694",748007.848684672
"695",406837.652731958
"696",477327.362639543
"697",533719.130565612
"698",398378.887543047
"699",553456.249339736
"700",1227337.87605625
"701",564734.602924949
"702",982033.685577856
"703",550636.660943432
"704",201007.699801808
"705",353265.473202193
"706",310971.647257641
"707",499884.069809971
"708",807219.205007044
"709",274316.998105697
"710",640863.489625142
"711",857971.796140505
"712",480146.951035847
"713",494244.893017364
"714",502703.658206274
"715",384280.94556153
"716",643683.078021445
"717",234842.760557449
"718",522440.776980398
"719",251760.290935269
"720",471688.185846936
"721",632404.724436232
"722",790301.674629223
"723",654961.431606659
"724",426574.771506082
"725",632404.724436232
"726",466049.009054329
"727",539358.307358218
"728",237662.348953752
"729",1427528.6521938
"730",480146.951035847
"731",381461.357165227
"732",189729.346216594
"733",900265.622085057
"734",1467002.88974205
"735",711353.199532727
"736",325069.589239158
"737",677518.138777086
"738",350445.884805889
"739",691616.080758603
"740",373002.591976316
"741",274316.998105697
"742",936920.271237001
"743",657781.020002962
"744",669059.373588176
"745",381461.357165227
"746",714172.787929031
"747",592930.486887984
"748",167172.639046167
"749",657781.020002962
"750",657781.020002962
"751",336347.942824372
"752",1142750.22416715
"753",973574.920388946
"754",494244.893017364
"755",677518.138777086
"756",215105.641783325
"757",578832.544906467
"758",835415.088970078
"759",801580.028214437
"760",590110.89849168
"761",573193.36811386
"762",457590.243865419
"763",530899.542169308
"764",291234.528483517
"765",237662.348953752
"766",237662.348953752
"767",330708.766031765
"768",753647.025477279
"769",169992.22744247
"770",691616.080758603
"771",263038.644520483
"772",914363.564066574
"773",564734.602924949
"774",654961.431606659
"775",189729.346216594
"776",719811.964721638
"777",274316.998105697
"778",646502.666417749
"779",485786.127828453
"780",263038.644520483
"781",762105.790666189
"782",384280.94556153
"783",401198.475939351
"784",339167.531220675
"785",375822.18037262
"786",460409.832261723
"787",536538.718961915
"788",502703.658206274
"789",313791.235653945
"790",632404.724436232
"791",544997.484150825
"792",841054.265762685
"793",753647.025477279
"794",547817.072547129
"795",561915.014528646
"796",635224.312832535
"797",494244.893017364
"798",722631.553117941
"799",155894.285460953
"800",939739.859633305
"801",333528.354428069
"802",666239.785191873
"803",480146.951035847
"804",471688.185846936
"805",852332.619347899
"806",361724.238391103
"807",759286.202269886
"808",669059.373588176
"809",364543.826787406
"810",395559.299146744
"811",697255.25755121
"812",440672.713487599
"813",542177.895754522
"814",790301.674629223
"815",364543.826787406
"816",322250.000842855
"817",420935.594713475
"818",254579.879331573
"819",460409.832261723
"820",795940.85142183
"821",499884.069809971
"822",708533.611136424
"823",1134291.45897824
"824",513982.011791488
"825",392739.71075044
"826",302512.882068731
"827",260219.05612418
"828",426574.771506082
"829",773384.144251403
"830",415296.417920868
"831",849513.030951595
"832",291234.528483517
"833",519621.188584095
"834",497064.481413667
"835",530899.542169308
"836",237662.348953752
"837",299693.293672427
"838",784662.497836616
"839",440672.713487599
"840",488605.716224757
"841",330708.766031765
"842",866430.561329416
"843",877708.914914629
"844",440672.713487599
"845",519621.188584095
"846",482966.53943215
"847",748007.848684672
"848",217925.230179628
"849",1120193.51699672
"850",491425.30462106
"851",282775.763294607
"852",350445.884805889
"853",271497.409709393
"854",409657.241128261
"855",381461.357165227
"856",753647.025477279
"857",381461.357165227
"858",480146.951035847
"859",195368.523009201
"860",767744.967458796
"861",223564.406972235
"862",268677.82131309
"863",375822.18037262
"864",381461.357165227
"865",415296.417920868
"866",869250.149725719
"867",584471.721699073
"868",370183.003580013
"869",511162.423395184
"870",406837.652731958
"871",310971.647257641
"872",508342.834998881
"873",480146.951035847
"874",688796.4923623
"875",423755.183109778
"876",866430.561329416
"877",223564.406972235
"878",499884.069809971
"879",700074.845947514
"880",1187863.63850801
"881",1091997.63303369
"882",412476.829524564
"883",522440.776980398
"884",793121.263025527
"885",457590.243865419
"886",347626.296409586
"887",409657.241128261
"888",832595.500573775
"889",339167.531220675
"890",750827.437080975
"891",534846.965924133
"892",573193.36811386
"893",373002.591976316
"894",477327.362639543
"895",415296.417920868
"896",457590.243865419
"897",319430.412446551
"898",344806.708013282
"899",663420.196795569
"900",322250.000842855
"901",638043.901228838
"902",739549.083495762
"903",418116.006317171
"904",429394.359902385
"905",578832.544906467
"906",474507.77424324
"907",432213.948298688
"908",570373.779717556
"909",1266812.1136045
"910",169992.22744247
"911",508342.834998881
"912",406837.652731958
"913",347626.296409586
"914",274316.998105697
"915",178450.99263138
"916",451951.067072812
"917",716992.376325334
"918",499884.069809971
"919",925641.917651788
"920",601389.252076894
"921",361724.238391103
"922",687386.698164148
"923",762105.790666189
"924",826956.323781168
"925",477327.362639543
"926",268677.82131309
"927",308152.058861338
"928",736729.495099458
"929",220744.818575932
"930",164353.050649863
"931",742368.671892065
"932",327889.177635462
"933",1007409.98114459
"934",274316.998105697
"935",666239.785191873
"936",449131.478676509
"937",344806.708013282
"938",265858.232916786
"939",387100.533957834
"940",542177.895754522
"941",491425.30462106
"942",457590.243865419
"943",488605.716224757
"944",536538.718961915
"945",468868.597450633
"946",350445.884805889
"947",308152.058861338
"948",333528.354428069
"949",471688.185846936
"950",725451.141514244
"951",469714.473969524
"952",967089.867077448
"953",339167.531220675
"954",333528.354428069
"955",767744.967458796
"956",344806.708013282
"957",488605.716224757
"958",209466.464990718
"959",618306.782454714
"960",716992.376325334
"961",480146.951035847
"962",810038.793403347
"963",364543.826787406
"964",440672.713487599
"965",429394.359902385
"966",779023.32104401
"967",900265.622085057
"968",612667.605662108
"969",553456.249339736
"970",378641.768768923
"971",818497.558592258
"972",387100.533957834
"973",347626.296409586
"974",863610.972933112
"975",686258.862805627
"976",657781.020002962
"977",807219.205007044
"978",578832.544906467
"979",638043.901228838
"980",409657.241128261
"981",917183.152462877
"982",573193.36811386
"983",404018.064335654
"984",220744.818575932
"985",515391.805989639
"986",310971.647257641
"987",246121.114142662
"988",482966.53943215
"989",265858.232916786
"990",401198.475939351
"991",291234.528483517
"992",874889.326518326
"993",1641817.37031286
"994",389920.122354137
"995",246121.114142662
"996",519621.188584095
"997",685976.903965997
"998",776203.732647706
"999",592930.486887984
"1000",457590.243865419
"1001",674698.550380783
"1002",291234.528483517
"1003",347626.296409586
"1004",1292188.40917123
"1005",248940.702538966
"1006",544997.484150825
"1007",669059.373588176
"1008",911543.975670271
"1009",1156848.16614867
"1010",762105.790666189
"1011",838234.677366382
"1012",248940.702538966
"1013",994721.833361222
"1014",587291.310095377
"1015",683157.315569693
"1016",296873.705276124
"1017",263038.644520483
"1018",203827.288198111
"1019",313791.235653945
"1020",415296.417920868
"1021",474507.77424324
"1022",705714.022740121
"1023",798760.439818134
"1024",505523.246602577
"1025",539358.307358218
"1026",167172.639046167
"1027",364543.826787406
"1028",282775.763294607
"1029",381461.357165227
"1030",184090.169423987
"1031",420935.594713475
"1032",412476.829524564
"1033",381461.357165227
"1034",903085.21048136
"1035",743214.548410956
"1036",550636.660943432
"1037",719811.964721638
"1038",607028.428869501
"1039",319430.412446551
"1040",392739.71075044
"1041",705714.022740121
"1042",576012.956510163
"1043",155894.285460953
"1044",491425.30462106
"1045",527516.036093744
"1046",714172.787929031
"1047",762105.790666189
"1048",212286.053387021
"1049",336347.942824372
"1050",607028.428869501
"1051",550636.660943432
"1052",322250.000842855
"1053",573193.36811386
"1054",595750.075284287
"1055",260219.05612418
"1056",609848.017265804
"1057",874889.326518326
"1058",561915.014528646
"1059",764925.379062493
"1060",719811.964721638
"1061",652141.843210355
"1062",1060982.16067435
"1063",584471.721699073
"1064",398378.887543047
"1065",550636.660943432
"1066",291234.528483517
"1067",364543.826787406
"1068",544997.484150825
"1069",429394.359902385
"1070",609848.017265804
"1071",804399.61661074
"1072",533719.130565612
"1073",248940.702538966
"1074",426574.771506082
"1075",336347.942824372
"1076",420935.594713475
"1077",463229.420658026
"1078",750827.437080975
"1079",279956.174898304
"1080",361724.238391103
"1081",497064.481413667
"1082",308152.058861338
"1083",564734.602924949
"1084",460409.832261723
"1085",420935.594713475
"1086",279956.174898304
"1087",581652.13330277
"1088",516801.600187791
"1089",344806.708013282
"1090",463229.420658026
"1091",533719.130565612
"1092",418116.006317171
"1093",279956.174898304
"1094",519621.188584095
"1095",669059.373588176
"1096",657781.020002962
"1097",353265.473202193
"1098",291234.528483517
"1099",522440.776980398
"1100",201007.699801808
"1101",632404.724436232
"1102",234842.760557449
"1103",367363.41518371
"1104",691616.080758603
"1105",756466.613873582
"1106",1159667.75454497
"1107",865866.643650155
"1108",542177.895754522
"1109",212286.053387021
"1110",615487.194058411
"1111",401198.475939351
"1112",454770.655469116
"1113",547817.072547129
"1114",1013049.15793719
"1115",189729.346216594
"1116",578832.544906467
"1117",607028.428869501
"1118",285595.35169091
"1119",530899.542169308
"1120",618306.782454714
"1121",1032786.27671132
"1122",559095.426132343
"1123",553456.249339736
"1124",725451.141514244
"1125",595750.075284287
"1126",564734.602924949
"1127",330708.766031765
"1128",344806.708013282
"1129",530899.542169308
"1130",677518.138777086
"1131",702894.434343817
"1132",471688.185846936
"1133",553456.249339736
"1134",277136.586502
"1135",708533.611136424
"1136",271497.409709393
"1137",638043.901228838
"1138",728270.729910548
"1139",578832.544906467
"1140",432213.948298688
"1141",406837.652731958
"1142",654961.431606659
"1143",378641.768768923
"1144",319430.412446551
"1145",567554.191321253
"1146",931281.094444394
"1147",344806.708013282
"1148",248940.702538966
"1149",533719.130565612
"1150",604208.840473197
"1151",1489559.59691247
"1152",316610.824050248
"1153",333528.354428069
"1154",488605.716224757
"1155",305332.470465034
"1156",288414.940087214
"1157",584471.721699073
"1158",195368.523009201
"1159",793121.263025527
"1160",454770.655469116
"1161",474507.77424324
"1162",260219.05612418
"1163",824136.735384864
"1164",360314.444192951
"1165",237662.348953752
"1166",542177.895754522
"1167",308152.058861338
"1168",212286.053387021
"1169",254579.879331573
"1170",406837.652731958
"1171",852332.619347899
"1172",841054.265762685
"1173",528079.953773005
"1174",584471.721699073
"1175",381461.357165227
"1176",308152.058861338
"1177",1151208.98935606
"1178",336347.942824372
"1179",141796.343479436
"1180",494244.893017364
"1181",505523.246602577
"1182",543587.689952674
"1183",482966.53943215
"1184",375822.18037262
"1185",903085.21048136
"1186",251760.290935269
"1187",279956.174898304
"1188",189729.346216594
"1189",725451.141514244
"1190",155894.285460953
"1191",364543.826787406
"1192",547817.072547129
"1193",343114.9549755
"1194",815677.970195954
"1195",922822.329255484
"1196",573193.36811386
"1197",443492.301883902
"1198",505523.246602577
"1199",358904.649994799
"1200",449131.478676509
"1201",215105.641783325
"1202",781842.909440313
"1203",254579.879331573
"1204",248940.702538966
"1205",536538.718961915
"1206",457590.243865419
"1207",826956.323781168
"1208",294054.116879821
"1209",508342.834998881
"1210",336347.942824372
"1211",934100.682840698
"1212",466049.009054329
"1213",553456.249339736
"1214",282775.763294607
"1215",440672.713487599
"1216",604208.840473197
"1217",505523.246602577
"1218",313791.235653945
"1219",491425.30462106
"1220",920002.740859181
"1221",804399.61661074
"1222",423755.183109778
"1223",474507.77424324
"1224",609848.017265804
"1225",378641.768768923
"1226",508342.834998881
"1227",316610.824050248
"1228",482966.53943215
"1229",466049.009054329
"1230",945379.036425912
"1231",367363.41518371
"1232",468868.597450633
"1233",387100.533957834
"1234",440672.713487599
"1235",206646.876594414
"1236",195368.523009201
"1237",970755.331992642
"1238",356085.061598496
"1239",358904.649994799
"1240",604208.840473197
"1241",1204781.16888583
"1242",305332.470465034
"1243",832595.500573775
"1244",153074.697064649
"1245",229203.583764842
"1246",446311.890280206
"1247",420935.594713475
"1248",181270.581027684
"1249",339167.531220675
"1250",277136.586502
"1251",635224.312832535
"1252",449131.478676509
"1253",463229.420658026
"1254",330708.766031765
"1255",406837.652731958
"1256",488605.716224757
"1257",471688.185846936
"1258",609848.017265804
"1259",801580.028214437
"1260",432213.948298688
"1261",618306.782454714
"1262",392739.71075044
"1263",158713.873857256
"1264",773384.144251403
"1265",843873.854158988
"1266",1988626.74305818
"1267",1498018.36210138
"1268",401198.475939351
"1269",279956.174898304
"1270",601389.252076894
"1271",883348.091707236
"1272",350445.884805889
"1273",466049.009054329
"1274",770564.555855099
"1275",559095.426132343
"1276",454770.655469116
"1277",471688.185846936
"1278",443492.301883902
"1279",319430.412446551
"1280",384280.94556153
"1281",511162.423395184
"1282",587291.310095377
"1283",282775.763294607
"1284",846693.442555292
"1285",779023.32104401
"1286",251760.290935269
"1287",418116.006317171
"1288",649322.254814052
"1289",705714.022740121
"1290",333528.354428069
"1291",632404.724436232
"1292",415296.417920868
"1293",468868.597450633
"1294",573193.36811386
"1295",702894.434343817
"1296",404018.064335654
"1297",922822.329255484
"1298",144615.931875739
"1299",254579.879331573
"1300",598569.66368059
"1301",513982.011791488
"1302",544997.484150825
"1303",787482.08623292
"1304",640863.489625142
"1305",559095.426132343
"1306",826956.323781168
"1307",291234.528483517
"1308",638043.901228838
"1309",209466.464990718
"1310",533719.130565612
"1311",959476.978407429
"1312",294054.116879821
"1313",232023.172161145
"1314",739549.083495762
"1315",358904.649994799
"1316",296873.705276124
"1317",894626.44529245
"1318",547817.072547129
"1319",389920.122354137
"1320",1089178.04463739
"1321",550636.660943432
"1322",609848.017265804
"1323",323659.795041007
"1324",485786.127828453
"1325",491425.30462106
"1326",824136.735384864
"1327",265858.232916786
"1328",310971.647257641
"1329",415296.417920868
"1330",607028.428869501
"1331",1196322.40369692
"1332",418116.006317171
"1333",350445.884805889
"1334",435033.536694992
"1335",601389.252076894
"1336",604208.840473197
"1337",705714.022740121
"1338",150255.108668346
"1339",533719.130565612
"1340",731090.318306851
"1341",277136.586502
"1342",716992.376325334
"1343",420935.594713475
"1344",460409.832261723
"1345",942559.448029608
"1346",226383.995368538
"1347",367363.41518371
"1348",488605.716224757
"1349",302512.882068731
"1350",327889.177635462
"1351",482966.53943215
"1352",443492.301883902
"1353",843873.854158988
"1354",550636.660943432
"1355",327889.177635462
"1356",635224.312832535
"1357",685976.903965997
"1358",1413430.71021228
"1359",528079.953773005
"1360",1083538.86784478
"1361",454770.655469116
"1362",387100.533957834
"1363",812858.381799651
"1364",409657.241128261
"1365",685976.903965997
"1366",1309105.93954905
"1367",536538.718961915
"1368",457590.243865419
"1369",1292188.40917123
"1370",544997.484150825
"1371",841054.265762685
"1372",260219.05612418
"1373",705714.022740121
"1374",654961.431606659
"1375",248940.702538966
"1376",226383.995368538
"1377",437853.125091295
"1378",415296.417920868
"1379",513982.011791488
"1380",451951.067072812
"1381",810038.793403347
"1382",979214.097181553
"1383",341987.119616979
"1384",597441.828322069
"1385",364543.826787406
"1386",378641.768768923
"1387",201007.699801808
"1388",392739.71075044
"1389",310971.647257641
"1390",437853.125091295
"1391",463229.420658026
"1392",364543.826787406
"1393",209466.464990718
"1394",654961.431606659
"1395",584471.721699073
"1396",708533.611136424
"1397",330708.766031765
"1398",719811.964721638
"1399",474507.77424324
"1400",855152.207744202
"1401",530899.542169308
"1402",437853.125091295
"1403",711353.199532727
"1404",274316.998105697
"1405",674698.550380783
"1406",832595.500573775
"1407",220744.818575932
"1408",781842.909440313
"1409",466049.009054329
"1410",502703.658206274
"1411",528079.953773005
"1412",302512.882068731
"1413",573193.36811386
"1414",212286.053387021
"1415",533719.130565612
"1416",677518.138777086
"1417",384280.94556153
"1418",437853.125091295
"1419",294054.116879821
"1420",443492.301883902
"1421",437853.125091295
"1422",243301.525746359
"1423",325069.589239158
"1424",640863.489625142
"1425",903085.21048136
"1426",347626.296409586
"1427",657781.020002962
"1428",1602343.13276461
"1429",530899.542169308
"1430",561915.014528646
"1431",860791.384536809
"1432",406837.652731958
"1433",172811.815838773
"1434",412476.829524564
"1435",607028.428869501
"1436",536538.718961915
"1437",543587.689952674
"1438",530899.542169308
"1439",310971.647257641
"1440",446311.890280206
"1441",155894.285460953
"1442",240481.937350056
"1443",232023.172161145
"1444",443492.301883902
"1445",373002.591976316
"1446",488605.716224757
"1447",931281.094444394
"1448",446311.890280206
"1449",415296.417920868
"1450",821317.146988561
"1451",415296.417920868
"1452",209466.464990718
"1453",733909.906703155
"1454",384280.94556153
"1455",463229.420658026
"1456",356085.061598496
"1457",652141.843210355
"1458",296873.705276124
"1459",477327.362639543
"1460",181270.581027684
"1461",550636.660943432
"1462",226383.995368538
"1463",499884.069809971
"1464",516801.600187791
"1465",375822.18037262
"1466",437853.125091295
"1467",990492.450766766
"1468",440672.713487599
"1469",516801.600187791
"1470",677518.138777086
"1471",181270.581027684
"1472",764925.379062493
"1473",375822.18037262
"1474",316610.824050248
"1475",325069.589239158
"1476",243301.525746359
"1477",415296.417920868
"1478",279956.174898304
"1479",581652.13330277
"1480",367363.41518371
"1481",325069.589239158
"1482",773384.144251403
"1483",556275.837736039
"1484",412476.829524564
"1485",601389.252076894
"1486",251760.290935269
"1487",683157.315569693
"1488",1029966.68831501
"1489",519621.188584095
"1490",1066621.33746696
"1491",404018.064335654
"1492",607028.428869501
"1493",590110.89849168
"1494",234842.760557449
"1495",525260.365376701
"1496",387100.533957834
"1497",384280.94556153
"1498",505523.246602577
"1499",429394.359902385
"1500",931281.094444394
"1501",243301.525746359
"1502",412476.829524564
"1503",1058162.57227805
"1504",232023.172161145
"1505",291234.528483517
"1506",629585.136039928
"1507",770564.555855099
"1508",305332.470465034
"1509",530899.542169308
"1510",499884.069809971
"1511",567554.191321253
"1512",265858.232916786
"1513",175631.404235077
"1514",232023.172161145
"1515",1089178.04463739
"1516",370183.003580013
"1517",821317.146988561
"1518",798760.439818134
"1519",553456.249339736
"1520",559095.426132343
"1521",561915.014528646
"1522",389920.122354137
"1523",401198.475939351
"1524",629585.136039928
"1525",598569.66368059
"1526",291234.528483517
"1527",254579.879331573
"1528",536538.718961915
"1529",248940.702538966
"1530",347626.296409586
"1531",347626.296409586
"1532",319430.412446551
"1533",1120193.51699672
"1534",375822.18037262
"1535",685976.903965997
"1536",629585.136039928
"1537",240481.937350056
"1538",401198.475939351
"1539",508342.834998881
"1540",677518.138777086
"1541",733909.906703155
"1542",567554.191321253
"1543",398378.887543047
"1544",358904.649994799
"1545",347626.296409586
"1546",1244255.40643407
"1547",719811.964721638
"1548",336347.942824372
"1549",559095.426132343
"1550",223564.406972235
"1551",378359.809929293
"1552",341987.119616979
"1553",195368.523009201
"1554",209466.464990718
"1555",215105.641783325
"1556",1427528.6521938
"1557",640863.489625142
"1558",308152.058861338
"1559",607028.428869501
"1560",609848.017265804
"1561",423755.183109778
"1562",299693.293672427
"1563",547817.072547129
"1564",671878.961984479
"1565",965116.155200036
"1566",1029966.68831501
"1567",437853.125091295
"1568",291234.528483517
"1569",615487.194058411
"1570",1114554.34020412
"1571",934100.682840698
"1572",302512.882068731
"1573",530899.542169308
"1574",426574.771506082
"1575",914363.564066574
"1576",513982.011791488
"1577",570373.779717556
"1578",296873.705276124
"1579",291234.528483517
"1580",226383.995368538
"1581",395559.299146744
"1582",398378.887543047
"1583",437853.125091295
"1584",446311.890280206
"1585",1114554.34020412
"1586",330708.766031765
"1587",621126.370851018
"1588",1196322.40369692
"1589",578832.544906467
"1590",277136.586502
"1591",361724.238391103
"1592",282775.763294607
"1593",440672.713487599
"1594",308152.058861338
"1595",240481.937350056
"1596",508342.834998881
"1597",243301.525746359
"1598",1548770.95323484
"1599",387100.533957834
"1600",387100.533957834
"1601",141796.343479436
"1602",446875.807959466
"1603",195368.523009201
"1604",426574.771506082
"1605",466049.009054329
"1606",550636.660943432
"1607",891806.856896147
"1608",175631.404235077
"1609",426574.771506082
"1610",285595.35169091
"1611",528079.953773005
"1612",234842.760557449
"1613",313791.235653945
"1614",573193.36811386
"1615",460409.832261723
"1616",291234.528483517
"1617",316610.824050248
"1618",680337.72717339
"1619",367363.41518371
"1620",437853.125091295
"1621",195368.523009201
"1622",542177.895754522
"1623",141796.343479436
"1624",511162.423395184
"1625",561915.014528646
"1626",412476.829524564
"1627",429394.359902385
"1628",415296.417920868
"1629",316610.824050248
"1630",609848.017265804
"1631",821317.146988561
"1632",169992.22744247
"1633",773384.144251403
"1634",1438807.00577901
"1635",248940.702538966
"1636",341987.119616979
"1637",406837.652731958
"1638",381461.357165227
"1639",513982.011791488
"1640",339167.531220675
"1641",716992.376325334
"1642",688796.4923623
"1643",466049.009054329
"1644",733909.906703155
"1645",310971.647257641
"1646",466049.009054329
"1647",254579.879331573
"1648",942559.448029608
"1649",635224.312832535
"1650",189729.346216594
"1651",237662.348953752
"1652",415296.417920868
"1653",384280.94556153
"1654",581652.13330277
"1655",528079.953773005
"1656",384280.94556153
"1657",234842.760557449
"1658",849513.030951595
"1659",463229.420658026
"1660",356085.061598496
"1661",515673.76482927
"1662",384280.94556153
"1663",110780.871120098
"1664",728270.729910548
"1665",677518.138777086
"1666",491425.30462106
"1667",553456.249339736
"1668",629585.136039928
"1669",674698.550380783
"1670",804399.61661074
"1671",296873.705276124
"1672",209466.464990718
"1673",793121.263025527
"1674",164353.050649863
"1675",364543.826787406
"1676",68487.0451755467
"1677",395559.299146744
"1678",1210420.34567843
"1679",381461.357165227
"1680",420935.594713475
"1681",612667.605662108
"1682",237662.348953752
"1683",406837.652731958
"1684",364543.826787406
"1685",550636.660943432
"1686",646502.666417749
"1687",285595.35169091
"1688",263038.644520483
"1689",451951.067072812
"1690",291234.528483517
"1691",395559.299146744
"1692",406837.652731958
"1693",779023.32104401
"1694",395559.299146744
"1695",381461.357165227
"1696",406837.652731958
"1697",350445.884805889
"1698",1201961.58048952
"1699",412476.829524564
"1700",654961.431606659
"1701",745188.260288368
"1702",201007.699801808
"1703",246121.114142662
"1704",468868.597450633
"1705",423755.183109778
"1706",702894.434343817
"1707",623945.959247321
"1708",525542.324216332
"1709",423755.183109778
"1710",344806.708013282
"1711",798760.439818134
"1712",313791.235653945
"1713",468868.597450633
"1714",612667.605662108
"1715",745188.260288368
"1716",155894.285460953
"1717",818497.558592258
"1718",776203.732647706
"1719",387100.533957834
"1720",327889.177635462
"1721",652141.843210355
"1722",764925.379062493
"1723",639171.73658736
"1724",268677.82131309
"1725",1103275.9866189
"1726",392739.71075044
"1727",660600.608399266
"1728",857971.796140505
"1729",364543.826787406
"1730",544997.484150825
"1731",635224.312832535
"1732",488605.716224757
"1733",237662.348953752
"1734",375822.18037262
"1735",474507.77424324
"1736",739549.083495762
"1737",601389.252076894
"1738",660600.608399266
"1739",449131.478676509
"1740",246121.114142662
"1741",477327.362639543
"1742",499884.069809971
"1743",141796.343479436
"1744",291234.528483517
"1745",294054.116879821
"1746",466049.009054329
"1747",595750.075284287
"1748",341987.119616979
"1749",209466.464990718
"1750",460409.832261723
"1751",423755.183109778
"1752",900265.622085057
"1753",432213.948298688
"1754",595750.075284287
"1755",497064.481413667
"1756",793121.263025527
"1757",742368.671892065
"1758",435033.536694992
"1759",485786.127828453
"1760",361724.238391103
"1761",728270.729910548
"1762",680337.72717339
"1763",305332.470465034
"1764",573193.36811386
"1765",745188.260288368
"1766",657781.020002962
"1767",454770.655469116
"1768",437853.125091295
"1769",443492.301883902
"1770",285595.35169091
"1771",302512.882068731
"1772",908724.387273967
"1773",347626.296409586
"1774",666239.785191873
"1775",553456.249339736
"1776",494244.893017364
"1777",660600.608399266
"1778",418397.965156802
"1779",423755.183109778
"1780",607028.428869501
"1781",705714.022740121
"1782",669059.373588176
"1783",925641.917651788
"1784",463229.420658026
"1785",598569.66368059
"1786",877708.914914629
"1787",702894.434343817
"1788",1165306.93133758
"1789",680337.72717339
"1790",370183.003580013
"1791",674698.550380783
"1792",855152.207744202
"1793",564734.602924949
"1794",347626.296409586
"1795",821317.146988561
"1796",702894.434343817
"1797",274316.998105697
"1798",265858.232916786
"1799",375822.18037262
"1800",666239.785191873
"1801",559095.426132343
"1802",223564.406972235
"1803",313791.235653945
"1804",485786.127828453
"1805",395559.299146744
"1806",886167.68010354
"1807",866430.561329416
"1808",666239.785191873
"1809",246121.114142662
"1810",409657.241128261
"1811",499884.069809971
"1812",576012.956510163
"1813",539358.307358218
"1814",1527342.08142294
"1815",2741456.84487119
"1816",169992.22744247
"1817",725451.141514244
"1818",821317.146988561
"1819",232023.172161145
"1820",646502.666417749
"1821",477327.362639543
"1822",511162.423395184
"1823",542177.895754522
"1824",446311.890280206
"1825",1137111.04737454
"1826",370183.003580013
"1827",725451.141514244
"1828",226383.995368538
"1829",584471.721699073
"1830",745188.260288368
"1831",770564.555855099
"1832",237662.348953752
"1833",356085.061598496
"1834",581652.13330277
"1835",669059.373588176
"1836",659754.731880375
"1837",908724.387273967
"1838",367363.41518371
"1839",232023.172161145
"1840",437853.125091295
"1841",406837.652731958
"1842",310971.647257641
"1843",353265.473202193
"1844",409657.241128261
"1845",728270.729910548
"1846",302512.882068731
"1847",564734.602924949
"1848",460409.832261723
"1849",279956.174898304
"1850",203827.288198111
"1851",559095.426132343
"1852",291234.528483517
"1853",604208.840473197
"1854",700074.845947514
"1855",502703.658206274
"1856",237662.348953752
"1857",412476.829524564
"1858",401198.475939351
"1859",361724.238391103
"1860",308152.058861338
"1861",1086358.45624108
"1862",835415.088970078
"1863",296873.705276124
"1864",497064.481413667
"1865",587291.310095377
"1866",638043.901228838
"1867",451951.067072812
"1868",485786.127828453
"1869",412476.829524564
"1870",426574.771506082
"1871",516801.600187791
"1872",426574.771506082
"1873",1021507.9231261
"1874",203827.288198111
"1875",395559.299146744
"1876",370183.003580013
"1877",153074.697064649
"1878",201007.699801808
"1879",412476.829524564
"1880",742368.671892065
"1881",1134291.45897824
"1882",557685.631934191
"1883",581652.13330277
"1884",389920.122354137
"1885",547817.072547129
"1886",234842.760557449
"1887",263038.644520483
"1888",666239.785191873
"1889",319430.412446551
"1890",172811.815838773
"1891",375822.18037262
"1892",1027147.09991871
"1893",279956.174898304
"1894",499884.069809971
"1895",838234.677366382
"1896",223564.406972235
"1897",708533.611136424
"1898",466049.009054329
"1899",248940.702538966
"1900",793121.263025527
"1901",618306.782454714
"1902",745188.260288368
"1903",528079.953773005
"1904",615487.194058411
"1905",564734.602924949
"1906",683157.315569693
"1907",829775.912177471
"1908",305332.470465034
"1909",443492.301883902
"1910",714172.787929031
"1911",922822.329255484
"1912",302512.882068731
"1913",1252714.17162299
"1914",1049703.80708914
"1915",533719.130565612
"1916",291234.528483517
"1917",759286.202269886
"1918",415296.417920868
"1919",601389.252076894
"1920",883348.091707236
"1921",553456.249339736
"1922",635224.312832535
"1923",282775.763294607
"1924",378641.768768923
"1925",1052523.39548544
"1926",471688.185846936
"1927",474507.77424324
"1928",482966.53943215
"1929",418116.006317171
"1930",770564.555855099
"1931",553456.249339736
"1932",325069.589239158
"1933",406837.652731958
"1934",790301.674629223
"1935",764925.379062493
"1936",829775.912177471
"1937",302512.882068731
"1938",395559.299146744
"1939",381461.357165227
"1940",229203.583764842
"1941",310971.647257641
"1942",308152.058861338
"1943",708533.611136424
"1944",364543.826787406
"1945",646502.666417749
"1946",654961.431606659
"1947",274316.998105697
"1948",1060982.16067435
"1949",621126.370851018
"1950",725451.141514244
"1951",279956.174898304
"1952",998951.215955677
"1953",654961.431606659
"1954",1106095.57501521
"1955",640863.489625142
"1956",669059.373588176
"1957",404018.064335654
"1958",296873.705276124
"1959",1362678.11907882
"1960",787482.08623292
"1961",375822.18037262
"1962",657781.020002962
"1963",406837.652731958
"1964",248940.702538966
"1965",815677.970195954
"1966",776203.732647706
"1967",460409.832261723
"1968",564734.602924949
"1969",522440.776980398
"1970",615487.194058411
"1971",573193.36811386
"1972",482966.53943215
"1973",406837.652731958
"1974",423755.183109778
"1975",339167.531220675
"1976",471688.185846936
"1977",268677.82131309
"1978",446311.890280206
"1979",358904.649994799
"1980",663420.196795569
"1981",556275.837736039
"1982",389920.122354137
"1983",277136.586502
"1984",542177.895754522
"1985",547817.072547129
"1986",826956.323781168
"1987",485786.127828453
"1988",460409.832261723
"1989",451951.067072812
"1990",798760.439818134
"1991",335784.025145111
"1992",251760.290935269
"1993",1044064.63029653
"1994",513982.011791488
"1995",956657.390011125
"1996",1044064.63029653
"1997",522440.776980398
"1998",621126.370851018
"1999",288414.940087214
"2000",375822.18037262
"2001",446311.890280206
"2002",378641.768768923
"2003",711353.199532727
"2004",643683.078021445
"2005",519621.188584095
"2006",339167.531220675
"2007",344806.708013282
"2008",511162.423395184
"2009",654961.431606659
"2010",443492.301883902
"2011",392739.71075044
"2012",499884.069809971
"2013",319430.412446551
"2014",378641.768768923
"2015",212286.053387021
"2016",801580.028214437
"2017",313791.235653945
"2018",824136.735384864
"2019",544997.484150825
"2020",547817.072547129
"2021",257399.467727876
"2022",206646.876594414
"2023",460409.832261723
"2024",578832.544906467
"2025",700074.845947514
"2026",268677.82131309
"2027",370183.003580013
"2028",215105.641783325
"2029",449131.478676509
"2030",313791.235653945
"2031",418116.006317171
"2032",398378.887543047
"2033",657781.020002962
"2034",770564.555855099
"2035",189729.346216594
"2036",344806.708013282
"2037",229203.583764842
"2038",539358.307358218
"2039",516801.600187791
"2040",418116.006317171
"2041",350445.884805889
"2042",418116.006317171
"2043",525260.365376701
"2044",1568508.07200897
"2045",463229.420658026
"2046",401198.475939351
"2047",1145569.81256345
"2048",409657.241128261
"2049",240481.937350056
"2050",804399.61661074
"2051",595750.075284287
"2052",739549.083495762
"2053",192548.934612897
"2054",567554.191321253
"2055",550636.660943432
"2056",576012.956510163
"2057",660600.608399266
"2058",1154028.57775237
"2059",466049.009054329
"2060",499884.069809971
"2061",663420.196795569
"2062",626765.547643625
"2063",502703.658206274
"2064",824136.735384864
"2065",437853.125091295
"2066",621126.370851018
"2067",330708.766031765
"2068",1467002.88974205
"2069",384280.94556153
"2070",880528.503310933
"2071",705714.022740121
"2072",556275.837736039
"2073",412476.829524564
"2074",522440.776980398
"2075",175631.404235077
"2076",674698.550380783
"2077",217925.230179628
"2078",209466.464990718
"2079",880528.503310933
"2080",519621.188584095
"2081",533719.130565612
"2082",883348.091707236
"2083",516801.600187791
"2084",629585.136039928
"2085",494244.893017364
"2086",880528.503310933
"2087",716992.376325334
"2088",573193.36811386
"2089",302512.882068731
"2090",350445.884805889
"2091",260219.05612418
"2092",350445.884805889
"2093",415296.417920868
"2094",671878.961984479
"2095",624509.876926582
"2096",488605.716224757
"2097",753647.025477279
"2098",621126.370851018
"2099",688796.4923623
"2100",451951.067072812
"2101",392739.71075044
"2102",502703.658206274
"2103",463229.420658026
"2104",257399.467727876
"2105",248940.702538966
"2106",435033.536694992
"2107",209466.464990718
"2108",378641.768768923
"2109",826956.323781168
"2110",254015.961652312
"2111",564734.602924949
"2112",728270.729910548
"2113",457590.243865419
"2114",435033.536694992
"2115",652141.843210355
"2116",1283729.64398232
"2117",234842.760557449
"2118",629585.136039928
"2119",824136.735384864
"2120",480146.951035847
"2121",1015868.7463335
"2122",688796.4923623
"2123",1001770.80435198
"2124",663420.196795569
"2125",559095.426132343
"2126",528079.953773005
"2127",587291.310095377
"2128",268677.82131309
"2129",389920.122354137
"2130",432213.948298688
"2131",516801.600187791
"2132",612667.605662108
"2133",268677.82131309
"2134",635224.312832535
"2135",576012.956510163
"2136",671878.961984479
"2137",728270.729910548
"2138",429394.359902385
"2139",652141.843210355
"2140",181270.581027684
"2141",1668603.46007774
"2142",556275.837736039
"2143",460409.832261723
"2144",494244.893017364
"2145",612667.605662108
"2146",279956.174898304
"2147",426574.771506082
"2148",1151208.98935606
"2149",217925.230179628
"2150",522440.776980398
"2151",494244.893017364
"2152",1193502.81530061
"2153",418116.006317171
"2154",702894.434343817
"2155",725451.141514244
"2156",694435.669154907
"2157",505523.246602577
"2158",539358.307358218
"2159",274316.998105697
"2160",556275.837736039
"2161",615487.194058411
"2162",739549.083495762
"2163",804399.61661074
"2164",226383.995368538
"2165",587291.310095377
"2166",894626.44529245
"2167",251760.290935269
"2168",373002.591976316
"2169",497064.481413667
"2170",528079.953773005
"2171",841054.265762685
"2172",567554.191321253
"2173",178450.99263138
"2174",271497.409709393
"2175",601389.252076894
"2176",649322.254814052
"2177",576012.956510163
"2178",279956.174898304
"2179",291234.528483517
"2180",392739.71075044
"2181",663420.196795569
"2182",437853.125091295
"2183",708533.611136424
"2184",595750.075284287
"2185",460409.832261723
"2186",404018.064335654
"2187",874889.326518326
"2188",344806.708013282
"2189",716992.376325334
"2190",353265.473202193
"2191",327889.177635462
"2192",347626.296409586
"2193",843873.854158988
"2194",260219.05612418
"2195",581652.13330277
"2196",240481.937350056
"2197",1187863.63850801
"2198",598569.66368059
"2199",691616.080758603
"2200",516801.600187791
"2201",392739.71075044
"2202",530899.542169308
"2203",209466.464990718
"2204",691616.080758603
"2205",375822.18037262
"2206",339167.531220675
"2207",344806.708013282
"2208",336347.942824372
"2209",590110.89849168
"2210",1100456.3982226
"2211",1193502.81530061
"2212",319430.412446551
"2213",387100.533957834
"2214",519621.188584095
"2215",392739.71075044
"2216",203827.288198111
"2217",638043.901228838
"2218",389920.122354137
"2219",294054.116879821
"2220",392739.71075044
"2221",395559.299146744
"2222",457590.243865419
"2223",683157.315569693
"2224",679491.850654499
"2225",677518.138777086
"2226",553456.249339736
"2227",559095.426132343
"2228",392739.71075044
"2229",296873.705276124
"2230",638043.901228838
"2231",302512.882068731
"2232",550636.660943432
"2233",370183.003580013
"2234",1058162.57227805
"2235",764925.379062493
"2236",576012.956510163
"2237",446311.890280206
"2238",948198.624822215
"2239",511162.423395184
"2240",466049.009054329
"2241",119239.636309008
"2242",677518.138777086
"2243",530899.542169308
"2244",406837.652731958
"2245",257399.467727876
"2246",533719.130565612
"2247",539358.307358218
"2248",550636.660943432
"2249",776203.732647706
"2250",804399.61661074
"2251",302512.882068731
"2252",299693.293672427
"2253",1362678.11907882
"2254",471688.185846936
"2255",107961.282723795
"2256",897446.033688753
"2257",660600.608399266
"2258",550636.660943432
"2259",542177.895754522
"2260",509752.629197033
"2261",488605.716224757
"2262",451951.067072812
"2263",387100.533957834
"2264",787482.08623292
"2265",482966.53943215
"2266",277136.586502
"2267",415296.417920868
"2268",358904.649994799
"2269",277136.586502
"2270",356085.061598496
"2271",339167.531220675
"2272",246121.114142662
"2273",688796.4923623
"2274",513982.011791488
"2275",697255.25755121
"2276",491425.30462106
"2277",384280.94556153
"2278",742368.671892065
"2279",201007.699801808
"2280",494244.893017364
"2281",420935.594713475
"2282",310971.647257641
"2283",953837.801614822
"2284",172811.815838773
"2285",344806.708013282
"2286",308152.058861338
"2287",392739.71075044
"2288",511162.423395184
"2289",1241435.81803777
"2290",337757.737022524
"2291",124878.813101615
"2292",254579.879331573
"2293",358904.649994799
"2294",849513.030951595
"2295",570373.779717556
"2296",635224.312832535
"2297",339167.531220675
"2298",339167.531220675
"2299",260219.05612418
"2300",291234.528483517
"2301",922822.329255484
"2302",671878.961984479
"2303",764925.379062493
"2304",175631.404235077
"2305",584471.721699073
"2306",164353.050649863
"2307",296873.705276124
"2308",544997.484150825
"2309",285595.35169091
"2310",838234.677366382
"2311",607028.428869501
"2312",530899.542169308
"2313",592930.486887984
"2314",640863.489625142
"2315",265858.232916786
"2316",223564.406972235
"2317",511162.423395184
"2318",1100456.3982226
"2319",415296.417920868
"2320",285595.35169091
"2321",153074.697064649
"2322",508342.834998881
"2323",457026.326186159
"2324",482966.53943215
"2325",592930.486887984
"2326",917183.152462877
"2327",976394.508785249
"2328",962296.566803732
"2329",1094817.22142999
"2330",333528.354428069
"2331",660600.608399266
"2332",762105.790666189
"2333",423755.183109778
"2334",544997.484150825
"2335",657781.020002962
"2336",604208.840473197
"2337",872069.738122023
"2338",420935.594713475
"2339",931281.094444394
"2340",378641.768768923
"2341",480146.951035847
"2342",325069.589239158
"2343",330708.766031765
"2344",790301.674629223
"2345",347626.296409586
"2346",556275.837736039
"2347",714172.787929031
"2348",449131.478676509
"2349",203827.288198111
"2350",550636.660943432
"2351",423755.183109778
"2352",982033.685577856
"2353",508342.834998881
"2354",325069.589239158
"2355",874889.326518326
"2356",578832.544906467
"2357",649322.254814052
"2358",666239.785191873
"2359",387100.533957834
"2360",860791.384536809
"2361",795940.85142183
"2362",629585.136039928
"2363",319430.412446551
"2364",296873.705276124
"2365",621126.370851018
"2366",499884.069809971
"2367",418116.006317171
"2368",499884.069809971
"2369",296873.705276124
"2370",497064.481413667
"2371",488605.716224757
"2372",779023.32104401
"2373",542177.895754522
"2374",708533.611136424
"2375",635224.312832535
"2376",1041245.04190023
"2377",731090.318306851
"2378",925641.917651788
"2379",807219.205007044
"2380",544997.484150825
"2381",901957.375122839
"2382",426574.771506082
"2383",277136.586502
"2384",201007.699801808
"2385",1035605.86510762
"2386",401198.475939351
"2387",714172.787929031
"2388",201007.699801808
"2389",595750.075284287
"2390",288414.940087214
"2391",457590.243865419
"2392",381461.357165227
"2393",361724.238391103
"2394",294054.116879821
"2395",420935.594713475
"2396",418116.006317171
"2397",260219.05612418
"2398",1038425.45350392
"2399",536538.718961915
"2400",432213.948298688
"2401",333528.354428069
"2402",375822.18037262
"2403",511162.423395184
"2404",1221698.69926365
"2405",274316.998105697
"2406",1075080.10265587
"2407",468868.597450633
"2408",671878.961984479
"2409",671878.961984479
"2410",237662.348953752
"2411",897446.033688753
"2412",925641.917651788
"2413",251760.290935269
"2414",423755.183109778
"2415",587573.268935007
"2416",451951.067072812
"2417",435033.536694992
"2418",1441626.59417531
"2419",657781.020002962
"2420",714172.787929031
"2421",621126.370851018
"2422",201007.699801808
"2423",285595.35169091
"2424",229203.583764842
"2425",181270.581027684
"2426",536538.718961915
"2427",773384.144251403
"2428",612667.605662108
"2429",598569.66368059
"2430",601389.252076894
"2431",347626.296409586
"2432",370183.003580013
"2433",525260.365376701
"2434",872069.738122023
"2435",516801.600187791
"2436",446311.890280206
"2437",1077899.69105217
"2438",804399.61661074
"2439",691616.080758603
"2440",559095.426132343
"2441",666239.785191873
"2442",485786.127828453
"2443",232023.172161145
"2444",437853.125091295
"2445",539358.307358218
"2446",956657.390011125
"2447",429394.359902385
"2448",497064.481413667
"2449",697255.25755121
"2450",564734.602924949
"2451",398378.887543047
"2452",528079.953773005
"2453",711353.199532727
"2454",282775.763294607
"2455",347626.296409586
"2456",716992.376325334
"2457",279956.174898304
"2458",525260.365376701
"2459",522440.776980398
"2460",652141.843210355
"2461",1201961.58048952
"2462",508342.834998881
"2463",595750.075284287
"2464",384280.94556153
"2465",378641.768768923
"2466",519621.188584095
"2467",466049.009054329
"2468",829775.912177471
"2469",1207600.75728213
"2470",900265.622085057
"2471",169992.22744247
"2472",322250.000842855
"2473",356085.061598496
"2474",812858.381799651
"2475",404018.064335654
"2476",508342.834998881
"2477",485786.127828453
"2478",1204781.16888583
"2479",466049.009054329
"2480",198188.111405504
"2481",598569.66368059
"2482",358904.649994799
"2483",209466.464990718
"2484",561915.014528646
"2485",263038.644520483
"2486",299693.293672427
"2487",460409.832261723
"2488",567554.191321253
"2489",105141.694327491
"2490",468868.597450633
"2491",432213.948298688
"2492",632404.724436232
"2493",150255.108668346
"2494",279956.174898304
"2495",389920.122354137
"2496",341987.119616979
"2497",1058162.57227805
"2498",841054.265762685
"2499",288414.940087214
"2500",513982.011791488
"2501",525260.365376701
"2502",1032786.27671132
"2503",358904.649994799
"2504",623945.959247321
"2505",618306.782454714
"2506",990492.450766766
"2507",404018.064335654
"2508",1920956.6215469
"2509",607028.428869501
"2510",358904.649994799
"2511",240481.937350056
"2512",251760.290935269
"2513",702894.434343817
"2514",319430.412446551
"2515",612667.605662108
"2516",536538.718961915
"2517",319430.412446551
"2518",513982.011791488
"2519",680337.72717339
"2520",333528.354428069
"2521",536538.718961915
"2522",375822.18037262
"2523",234842.760557449
"2524",440672.713487599
"2525",457590.243865419
"2526",409657.241128261
"2527",516801.600187791
"2528",638043.901228838
"2529",167172.639046167
"2530",482966.53943215
"2531",1077899.69105217
"2532",522440.776980398
"2533",406837.652731958
"2534",917183.152462877
"2535",612667.605662108
"2536",310971.647257641
"2537",598569.66368059
"2538",742368.671892065
"2539",697255.25755121
"2540",420935.594713475
"2541",860791.384536809
"2542",1247074.99483038
"2543",784662.497836616
"2544",454770.655469116
"2545",511162.423395184
"2546",1069440.92586326
"2547",457590.243865419
"2548",801580.028214437
"2549",305332.470465034
"2550",519621.188584095
"2551",220744.818575932
"2552",223564.406972235
"2553",674698.550380783
"2554",418116.006317171
"2555",457590.243865419
"2556",373002.591976316
"2557",226383.995368538
"2558",432213.948298688
"2559",437853.125091295
"2560",257399.467727876
"2561",559095.426132343
"2562",530899.542169308
"2563",237662.348953752
"2564",488605.716224757
"2565",908724.387273967
"2566",234842.760557449
"2567",810038.793403347
"2568",776203.732647706
"2569",635224.312832535
"2570",389920.122354137
"2571",708533.611136424
"2572",553456.249339736
"2573",525260.365376701
"2574",341987.119616979
"2575",1134291.45897824
"2576",474507.77424324
"2577",494244.893017364
"2578",426574.771506082
"2579",539358.307358218
"2580",341987.119616979
"2581",798760.439818134
"2582",333528.354428069
"2583",471688.185846936
"2584",353265.473202193
"2585",528079.953773005
"2586",623945.959247321
"2587",745188.260288368
"2588",573193.36811386
"2589",203827.288198111
"2590",415296.417920868
"2591",485786.127828453
"2592",429394.359902385
"2593",254579.879331573
"2594",683157.315569693
"2595",544997.484150825
"2596",733909.906703155
"2597",167172.639046167
"2598",387100.533957834
"2599",748007.848684672
"2600",561915.014528646
"2601",232023.172161145
"2602",491425.30462106
"2603",688796.4923623
"2604",274316.998105697
"2605",240481.937350056
"2606",722631.553117941
"2607",702894.434343817
"2608",325069.589239158
"2609",640863.489625142
"2610",976394.508785249
"2611",550636.660943432
"2612",169992.22744247
"2613",361724.238391103
"2614",325069.589239158
"2615",818497.558592258
"2616",598569.66368059
"2617",598569.66368059
"2618",767744.967458796
"2619",356085.061598496
"2620",426574.771506082
"2621",595750.075284287
"2622",322250.000842855
"2623",934100.682840698
"2624",499884.069809971
"2625",429394.359902385
"2626",612667.605662108
"2627",432213.948298688
"2628",770564.555855099
"2629",564734.602924949
"2630",584471.721699073
"2631",384280.94556153
"2632",449131.478676509
"2633",305332.470465034
"2634",499884.069809971
"2635",1170946.10813019
"2636",375822.18037262
"2637",967935.743596339
"2638",358904.649994799
"2639",499884.069809971
"2640",418116.006317171
"2641",1029966.68831501
"2642",488605.716224757
"2643",917183.152462877
"2644",801580.028214437
"2645",454770.655469116
"2646",423755.183109778
"2647",296873.705276124
"2648",347626.296409586
"2649",663420.196795569
"2650",815677.970195954
"2651",733909.906703155
"2652",1004590.39274828
"2653",215105.641783325
"2654",838234.677366382
"2655",826956.323781168
"2656",592930.486887984
"2657",412476.829524564
"2658",685976.903965997
"2659",466049.009054329
"2660",477327.362639543
"2661",677518.138777086
"2662",460409.832261723
"2663",601389.252076894
"2664",866430.561329416
"2665",626765.547643625
"2666",559095.426132343
"2667",350445.884805889
"2668",595750.075284287
"2669",319430.412446551
"2670",229203.583764842
"2671",356085.061598496
"2672",516801.600187791
"2673",880528.503310933
"2674",384280.94556153
"2675",592930.486887984
"2676",285595.35169091
"2677",880528.503310933
"2678",508342.834998881
"2679",460409.832261723
"2680",189729.346216594
"2681",184090.169423987
"2682",153074.697064649
"2683",229203.583764842
"2684",263038.644520483
"2685",1467002.88974205
"2686",544997.484150825
"2687",1044064.63029653
"2688",773384.144251403
"2689",826956.323781168
"2690",748007.848684672
"2691",691616.080758603
"2692",370183.003580013
"2693",607028.428869501
"2694",781842.909440313
"2695",327889.177635462
"2696",680337.72717339
"2697",764925.379062493
"2698",547817.072547129
"2699",739549.083495762
"2700",570373.779717556
"2701",595750.075284287
"2702",677518.138777086
"2703",798760.439818134
"2704",539358.307358218
"2705",550636.660943432
"2706",573193.36811386
"2707",440672.713487599
"2708",784662.497836616
"2709",201007.699801808
"2710",384280.94556153
"2711",607028.428869501
"2712",784662.497836616
"2713",626765.547643625
"2714",466049.009054329
"2715",1046884.21869283
"2716",607028.428869501
"2717",1286549.23237863
"2718",536538.718961915
"2719",313791.235653945
"2720",310971.647257641
"2721",395559.299146744
"2722",288414.940087214
"2723",2101410.27891032
"2724",654961.431606659
"2725",418116.006317171
"2726",457590.243865419
"2727",169992.22744247
"2728",714172.787929031
"2729",367363.41518371
"2730",440672.713487599
"2731",291234.528483517
"2732",144615.931875739
"2733",691616.080758603
"2734",150255.108668346
"2735",209466.464990718
"2736",544997.484150825
"2737",212286.053387021
"2738",350445.884805889
"2739",638043.901228838
"2740",237662.348953752
"2741",530899.542169308
"2742",392739.71075044
"2743",361724.238391103
"2744",350445.884805889
"2745",344806.708013282
"2746",474507.77424324
"2747",420935.594713475
"2748",415296.417920868
"2749",220744.818575932
"2750",511162.423395184
"2751",296873.705276124
"2752",570373.779717556
"2753",502703.658206274
"2754",516801.600187791
"2755",516801.600187791
"2756",370183.003580013
"2757",742368.671892065
"2758",466049.009054329
"2759",1599523.54436831
"2760",468868.597450633
"2761",257399.467727876
"2762",1077899.69105217
"2763",542177.895754522
"2764",336347.942824372
"2765",327889.177635462
"2766",237662.348953752
"2767",646502.666417749
"2768",570373.779717556
"2769",353265.473202193
"2770",189729.346216594
"2771",463229.420658026
"2772",322250.000842855
"2773",389920.122354137
"2774",688796.4923623
"2775",313791.235653945
"2776",643683.078021445
"2777",454770.655469116
"2778",263038.644520483
"2779",288414.940087214
"2780",776203.732647706
"2781",942559.448029608
"2782",325069.589239158
"2783",564734.602924949
"2784",192548.934612897
"2785",155894.285460953
"2786",299693.293672427
"2787",570373.779717556
"2788",1117373.92860042
"2789",745188.260288368
"2790",561915.014528646
"2791",564734.602924949
"2792",561915.014528646
"2793",384280.94556153
"2794",564734.602924949
"2795",519621.188584095
"2796",356085.061598496
"2797",268677.82131309
"2798",223564.406972235
"2799",237662.348953752
"2800",559095.426132343
"2801",71306.6335718501
"2802",412476.829524564
"2803",756466.613873582
"2804",260219.05612418
"2805",313791.235653945
"2806",288414.940087214
"2807",401198.475939351
"2808",277136.586502
"2809",914363.564066574
"2810",485786.127828453
"2811",626765.547643625
"2812",350445.884805889
"2813",559095.426132343
"2814",505523.246602577
"2815",601389.252076894
"2816",838234.677366382
"2817",674698.550380783
"2818",350445.884805889
"2819",669059.373588176
"2820",268677.82131309
"2821",764925.379062493
"2822",646502.666417749
"2823",240481.937350056
"2824",880528.503310933
"2825",796786.727940721
"2826",1024327.51152241
"2827",192548.934612897
"2828",392739.71075044
"2829",959476.978407429
"2830",178450.99263138
"2831",237662.348953752
"2832",629585.136039928
"2833",547817.072547129
"2834",350445.884805889
"2835",246121.114142662
"2836",767744.967458796
"2837",361724.238391103
"2838",449131.478676509
"2839",412476.829524564
"2840",584471.721699073
"2841",638043.901228838
"2842",499884.069809971
"2843",621126.370851018
"2844",477327.362639543
"2845",547817.072547129
"2846",513982.011791488
"2847",466049.009054329
"2848",288414.940087214
"2849",544997.484150825
"2850",522440.776980398
"2851",874889.326518326
"2852",435033.536694992
"2853",443492.301883902
"2854",288414.940087214
"2855",559095.426132343
"2856",1170946.10813019
"2857",367363.41518371
"2858",956657.390011125
"2859",398378.887543047
"2860",1199141.99209322
"2861",141796.343479436
"2862",652141.843210355
"2863",398378.887543047
"2864",468868.597450633
"2865",189729.346216594
"2866",530899.542169308
"2867",319430.412446551
"2868",660600.608399266
"2869",626765.547643625
"2870",652141.843210355
"2871",815677.970195954
"2872",773384.144251403
"2873",392739.71075044
"2874",841054.265762685
"2875",781842.909440313
"2876",234842.760557449
"2877",373002.591976316
"2878",122059.224705312
"2879",607028.428869501
"2880",1495198.77370508
"2881",767744.967458796
"2882",457590.243865419
"2883",750827.437080975
"2884",229203.583764842
"2885",756466.613873582
"2886",449131.478676509
"2887",914363.564066574
"2888",305332.470465034
"2889",621126.370851018
"2890",341987.119616979
"2891",607028.428869501
"2892",294054.116879821
"2893",485786.127828453
"2894",663420.196795569
"2895",463229.420658026
"2896",274316.998105697
"2897",528079.953773005
"2898",894626.44529245
"2899",1024327.51152241
"2900",607028.428869501
"2901",618306.782454714
"2902",643683.078021445
"2903",812858.381799651
"2904",567554.191321253
"2905",787482.08623292
"2906",327889.177635462
"2907",499884.069809971
"2908",432213.948298688
"2909",237662.348953752
"2910",232023.172161145
"2911",1013049.15793719
"2912",192548.934612897
"2913",852332.619347899
"2914",561915.014528646
"2915",939739.859633305
"2916",570373.779717556
"2917",485786.127828453
"2918",477327.362639543
"2919",1145569.81256345
"2920",581652.13330277
"2921",587291.310095377
"2922",440672.713487599
"2923",485786.127828453
"2924",296873.705276124
"2925",153074.697064649
"2926",790301.674629223
"2927",725451.141514244
"2928",725451.141514244
"2929",609848.017265804
"2930",553456.249339736
"2931",488605.716224757
"2932",522440.776980398
"2933",316610.824050248
"2934",435033.536694992
"2935",370183.003580013
"2936",172811.815838773
"2937",398378.887543047
"2938",420935.594713475
"2939",584471.721699073
"2940",474507.77424324
"2941",1579786.42559418
"2942",544997.484150825
"2943",325069.589239158
"2944",663420.196795569
"2945",285595.35169091
"2946",857971.796140505
"2947",520749.023942616
"2948",358904.649994799
"2949",482966.53943215
"2950",232023.172161145
"2951",437853.125091295
"2952",911543.975670271
"2953",268677.82131309
"2954",420935.594713475
"2955",855152.207744202
"2956",471688.185846936
"2957",257399.467727876
"2958",866430.561329416
"2959",305332.470465034
"2960",480146.951035847
"2961",423755.183109778
"2962",682593.397890433
"2963",429394.359902385
"2964",1021507.9231261
"2965",683157.315569693
"2966",344806.708013282
"2967",742368.671892065
"2968",457590.243865419
"2969",578832.544906467
"2970",688796.4923623
"2971",141796.343479436
"2972",547817.072547129
"2973",373002.591976316
"2974",1111734.75180781
"2975",607028.428869501
"2976",1134291.45897824
"2977",499884.069809971
"2978",773384.144251403
"2979",705714.022740121
"2980",587291.310095377
"2981",959476.978407429
"2982",708533.611136424
"2983",325069.589239158
"2984",533719.130565612
"2985",750827.437080975
"2986",643683.078021445
"2987",201007.699801808
"2988",660600.608399266
"2989",666239.785191873
"2990",271497.409709393
"2991",353265.473202193
"2992",576012.956510163
"2993",451951.067072812
"2994",499884.069809971
"2995",358904.649994799
"2996",155894.285460953
"2997",437853.125091295
"2998",254579.879331573
"2999",409657.241128261
"3000",381461.357165227
"3001",722631.553117941
"3002",1123013.10539303
"3003",874889.326518326
"3004",1004590.39274828
"3005",877708.914914629
"3006",685976.903965997
"3007",598569.66368059
"3008",395559.299146744
"3009",356085.061598496
"3010",57208.691590333
"3011",835415.088970078
"3012",468868.597450633
"3013",784662.497836616
"3014",838234.677366382
"3015",615487.194058411
"3016",420935.594713475
"3017",440672.713487599
"3018",437853.125091295
"3019",466049.009054329
"3020",564734.602924949
"3021",595750.075284287
"3022",708533.611136424
"3023",229203.583764842
"3024",184090.169423987
"3025",350445.884805889
"3026",592930.486887984
"3027",604208.840473197
"3028",516801.600187791
"3029",302512.882068731
"3030",626765.547643625
"3031",302512.882068731
"3032",530899.542169308
"3033",821317.146988561
"3034",705714.022740121
"3035",604208.840473197
"3036",843873.854158988
"3037",556275.837736039
"3038",327889.177635462
"3039",223564.406972235
"3040",801580.028214437
"3041",513982.011791488
"3042",451951.067072812
"3043",656371.225804811
"3044",719811.964721638
"3045",341987.119616979
"3046",480146.951035847
"3047",333528.354428069
"3048",550636.660943432
"3049",246121.114142662
"3050",753647.025477279
"3051",877708.914914629
"3052",536538.718961915
"3053",223564.406972235
"3054",638043.901228838
"3055",356085.061598496
"3056",429394.359902385
"3057",409657.241128261
"3058",807219.205007044
"3059",530899.542169308
"3060",663420.196795569
"3061",291234.528483517
"3062",818497.558592258
"3063",559095.426132343
"3064",1100456.3982226
"3065",1266812.1136045
"3066",319430.412446551
"3067",192548.934612897
"3068",824136.735384864
"3069",615487.194058411
"3070",392739.71075044
"3071",629585.136039928
"3072",494244.893017364
"3073",296873.705276124
"3074",480146.951035847
"3075",996131.627559373
"3076",488605.716224757
"3077",466049.009054329
"3078",826956.323781168
"3079",291234.528483517
"3080",626765.547643625
"3081",443492.301883902
"3082",330708.766031765
"3083",671878.961984479
"3084",412476.829524564
"3085",480146.951035847
"3086",480146.951035847
"3087",356085.061598496
"3088",435033.536694992
"3089",246121.114142662
"3090",240481.937350056
"3091",680337.72717339
"3092",384280.94556153
"3093",401198.475939351
"3094",508342.834998881
"3095",1624899.83993504
"3096",437853.125091295
"3097",863610.972933112
"3098",347626.296409586
"3099",215105.641783325
"3100",412476.829524564
"3101",153074.697064649
"3102",604208.840473197
"3103",409657.241128261
"3104",274316.998105697
"3105",418116.006317171
"3106",209466.464990718
"3107",443492.301883902
"3108",387100.533957834
"3109",237662.348953752
"3110",570373.779717556
"3111",150255.108668346
"3112",432213.948298688
"3113",880528.503310933
"3114",646502.666417749
"3115",254579.879331573
"3116",508342.834998881
"3117",519621.188584095
"3118",153074.697064649
"3119",426574.771506082
"3120",567554.191321253
"3121",550636.660943432
"3122",745188.260288368
"3123",325069.589239158
"3124",502703.658206274
"3125",736729.495099458
"3126",265858.232916786
"3127",584471.721699073
"3128",384280.94556153
"3129",891806.856896147
"3130",578832.544906467
"3131",277136.586502
"3132",719811.964721638
"3133",905904.798877664
"3134",443492.301883902
"3135",1072260.51425957
"3136",387100.533957834
"3137",598569.66368059
"3138",336347.942824372
"3139",265858.232916786
"3140",392739.71075044
"3141",595750.075284287
"3142",319430.412446551
"3143",488605.716224757
"3144",390484.040033398
"3145",271497.409709393
"3146",556275.837736039
"3147",449131.478676509
"3148",801580.028214437
"3149",164353.050649863
"3150",998951.215955677
"3151",195368.523009201
"3152",731090.318306851
"3153",787482.08623292
"3154",505523.246602577
"3155",423755.183109778
"3156",437853.125091295
"3157",404018.064335654
"3158",967935.743596339
"3159",296873.705276124
"3160",440672.713487599
"3161",468868.597450633
"3162",404018.064335654
"3163",477327.362639543
"3164",793121.263025527
"3165",485786.127828453
"3166",291234.528483517
"3167",423755.183109778
"3168",206646.876594414
"3169",474507.77424324
"3170",835415.088970078
"3171",753647.025477279
"3172",700074.845947514
"3173",432213.948298688
"3174",773384.144251403
"3175",387100.533957834
"3176",544997.484150825
"3177",728270.729910548
"3178",677518.138777086
"3179",451951.067072812
"3180",547817.072547129
"3181",271497.409709393
"3182",505523.246602577
"3183",330708.766031765
"3184",669059.373588176
"3185",733909.906703155
"3186",595750.075284287
"3187",418116.006317171
"3188",347626.296409586
"3189",598569.66368059
"3190",745188.260288368
"3191",288414.940087214
"3192",494244.893017364
"3193",339167.531220675
"3194",719811.964721638
"3195",536538.718961915
"3196",327889.177635462
"3197",604208.840473197
"3198",1032786.27671132
"3199",561915.014528646
"3200",279956.174898304
"3201",722631.553117941
"3202",694435.669154907
"3203",443492.301883902
"3204",220744.818575932
"3205",519621.188584095
"3206",186909.757820291
"3207",268677.82131309
"3208",350445.884805889
"3209",559095.426132343
"3210",426574.771506082
"3211",804399.61661074
"3212",626765.547643625
"3213",361724.238391103
"3214",254579.879331573
"3215",553456.249339736
"3216",750827.437080975
"3217",251760.290935269
"3218",970755.331992642
"3219",917183.152462877
"3220",471688.185846936
"3221",516801.600187791
"3222",395559.299146744
"3223",291234.528483517
"3224",370183.003580013
"3225",189729.346216594
"3226",753647.025477279
"3227",623945.959247321
"3228",432213.948298688
"3229",525260.365376701
"3230",542177.895754522
"3231",874889.326518326
"3232",437853.125091295
"3233",296873.705276124
"3234",330708.766031765
"3235",243301.525746359
"3236",584471.721699073
"3237",886167.68010354
"3238",201007.699801808
"3239",1278090.46718972
"3240",454770.655469116
"3241",793121.263025527
"3242",736729.495099458
"3243",110780.871120098
"3244",482966.53943215
"3245",629585.136039928
"3246",835415.088970078
"3247",209466.464990718
"3248",722631.553117941
"3249",863610.972933112
"3250",285595.35169091
"3251",967935.743596339
"3252",533719.130565612
"3253",573193.36811386
"3254",866430.561329416
"3255",209466.464990718
"3256",364543.826787406
"3257",719811.964721638
"3258",595750.075284287
"3259",979214.097181553
"3260",722631.553117941
"3261",251760.290935269
"3262",460409.832261723
"3263",894626.44529245
"3264",801580.028214437
"3265",547817.072547129
"3266",660600.608399266
"3267",460409.832261723
"3268",243301.525746359
"3269",389920.122354137
"3270",629585.136039928
"3271",993312.03916307
"3272",494244.893017364
"3273",688796.4923623
"3274",638043.901228838
"3275",201007.699801808
"3276",474507.77424324
"3277",336347.942824372
"3278",516801.600187791
"3279",716992.376325334
"3280",209466.464990718
"3281",246121.114142662
"3282",384280.94556153
"3283",164353.050649863
"3284",1049703.80708914
"3285",404018.064335654
"3286",294054.116879821
"3287",869250.149725719
"3288",223564.406972235
"3289",604208.840473197
"3290",570373.779717556
"3291",990492.450766766
"3292",852332.619347899
"3293",274316.998105697
"3294",468868.597450633
"3295",657781.020002962
"3296",367363.41518371
"3297",623945.959247321
"3298",550636.660943432
"3299",268677.82131309
"3300",237662.348953752
"3301",615487.194058411
"3302",508342.834998881
"3303",305332.470465034
"3304",581652.13330277
"3305",310971.647257641
"3306",279956.174898304
"3307",826956.323781168
"3308",776203.732647706
"3309",319430.412446551
"3310",358904.649994799
"3311",1289368.82077493
"3312",561915.014528646
"3313",595750.075284287
"3314",313791.235653945
"3315",711353.199532727
"3316",776203.732647706
"3317",536538.718961915
"3318",220744.818575932
"3319",370183.003580013
"3320",866430.561329416
"3321",1159667.75454497
"3322",781842.909440313
"3323",288414.940087214
"3324",274316.998105697
"3325",477327.362639543
"3326",494244.893017364
"3327",922822.329255484
"3328",136157.166686829
"3329",463229.420658026
"3330",240481.937350056
"3331",451951.067072812
"3332",333528.354428069
"3333",466049.009054329
"3334",361724.238391103
"3335",485786.127828453
"3336",888987.268499843
"3337",466049.009054329
"3338",1148389.40095976
"3339",700074.845947514
"3340",435033.536694992
"3341",567554.191321253
"3342",375822.18037262
"3343",248940.702538966
"3344",389920.122354137
"3345",471688.185846936
"3346",401198.475939351
"3347",550636.660943432
"3348",426574.771506082
"3349",426574.771506082
"3350",268677.82131309
"3351",294054.116879821
"3352",310971.647257641
"3353",542177.895754522
"3354",536538.718961915
"3355",491425.30462106
"3356",544997.484150825
"3357",426574.771506082
"3358",198188.111405504
"3359",528079.953773005
"3360",622536.16504917
"3361",506651.081961099
"3362",423755.183109778
"3363",863610.972933112
"3364",313791.235653945
"3365",150255.108668346
"3366",595750.075284287
"3367",164353.050649863
"3368",956657.390011125
"3369",559095.426132343
"3370",860791.384536809
"3371",426574.771506082
"3372",1100456.3982226
"3373",333528.354428069
"3374",1156848.16614867
"3375",285595.35169091
"3376",1094817.22142999
"3377",700074.845947514
"3378",748007.848684672
"3379",429394.359902385
"3380",457590.243865419
"3381",1204781.16888583
"3382",339167.531220675
"3383",466049.009054329
"3384",736729.495099458
"3385",1100456.3982226
"3386",567554.191321253
"3387",485786.127828453
"3388",423755.183109778
"3389",544997.484150825
"3390",669059.373588176
"3391",508342.834998881
"3392",587291.310095377
"3393",178450.99263138
"3394",310971.647257641
"3395",373002.591976316
"3396",550636.660943432
"3397",463229.420658026
"3398",353265.473202193
"3399",420935.594713475
"3400",671878.961984479
"3401",635224.312832535
"3402",488605.716224757
"3403",716992.376325334
"3404",700074.845947514
"3405",485786.127828453
"3406",939739.859633305
"3407",246121.114142662
"3408",570373.779717556
"3409",418116.006317171
"3410",508342.834998881
"3411",748007.848684672
"3412",533719.130565612
"3413",485786.127828453
"3414",367363.41518371
"3415",894626.44529245
"3416",674698.550380783
"3417",404018.064335654
"3418",561915.014528646
"3419",88224.1639496707
"3420",418116.006317171
"3421",1351399.7654936
"3422",217925.230179628
"3423",404018.064335654
"3424",460409.832261723
"3425",491425.30462106
"3426",395559.299146744
"3427",344806.708013282
"3428",296873.705276124
"3429",308152.058861338
"3430",595750.075284287
"3431",638043.901228838
"3432",169992.22744247
"3433",477327.362639543
"3434",728270.729910548
"3435",373002.591976316
"3436",260219.05612418
"3437",387100.533957834
"3438",271497.409709393
"3439",167172.639046167
"3440",468868.597450633
"3441",756466.613873582
"3442",175631.404235077
"3443",310971.647257641
"3444",240481.937350056
"3445",530899.542169308
"3446",618306.782454714
"3447",807219.205007044
"3448",454770.655469116
"3449",855152.207744202
"3450",412476.829524564
"3451",807219.205007044
"3452",934100.682840698
"3453",271497.409709393
"3454",860791.384536809
"3455",466049.009054329
"3456",178450.99263138
"3457",257399.467727876
"3458",257399.467727876
"3459",967935.743596339
"3460",530899.542169308
"3461",584471.721699073
"3462",339167.531220675
"3463",147435.520272043
"3464",513982.011791488
"3465",480146.951035847
"3466",810038.793403347
"3467",618306.782454714
"3468",150255.108668346
"3469",471688.185846936
"3470",215105.641783325
"3471",505523.246602577
"3472",186909.757820291
"3473",1058162.57227805
"3474",956657.390011125
"3475",516801.600187791
"3476",556275.837736039
"3477",186909.757820291
"3478",976394.508785249
"3479",654961.431606659
"3480",618306.782454714
"3481",330708.766031765
"3482",435033.536694992
"3483",186909.757820291
"3484",739549.083495762
"3485",454770.655469116
"3486",364543.826787406
"3487",798760.439818134
"3488",387100.533957834
"3489",460409.832261723
"3490",759286.202269886
"3491",373002.591976316
"3492",347626.296409586
"3493",435033.536694992
"3494",398378.887543047
"3495",398378.887543047
"3496",381461.357165227
"3497",274316.998105697
"3498",325069.589239158
"3499",725451.141514244
"3500",714172.787929031
"3501",401198.475939351
"3502",336347.942824372
"3503",640863.489625142
"3504",776203.732647706
"3505",564734.602924949
"3506",206646.876594414
"3507",449131.478676509
"3508",466049.009054329
"3509",511162.423395184
"3510",209466.464990718
"3511",635224.312832535
"3512",621126.370851018
"3513",215105.641783325
"3514",449131.478676509
"3515",1089178.04463739
"3516",488605.716224757
"3517",739549.083495762
"3518",592930.486887984
"3519",426574.771506082
"3520",905904.798877664
"3521",378641.768768923
"3522",671878.961984479
"3523",150255.108668346
"3524",612667.605662108
"3525",931281.094444394
"3526",525260.365376701
"3527",367363.41518371
"3528",1131471.87058194
"3529",429394.359902385
"3530",559095.426132343
"3531",609848.017265804
"3532",891806.856896147
"3533",395559.299146744
"3534",753647.025477279
"3535",598569.66368059
"3536",542177.895754522
"3537",367363.41518371
"3538",592930.486887984
"3539",195368.523009201
"3540",322250.000842855
"3541",406837.652731958
"3542",632404.724436232
"3543",302512.882068731
"3544",477327.362639543
"3545",429394.359902385
"3546",488605.716224757
"3547",494244.893017364
"3548",601389.252076894
"3549",553456.249339736
"3550",482966.53943215
"3551",420935.594713475
"3552",426574.771506082
"3553",581652.13330277
"3554",246121.114142662
"3555",748007.848684672
"3556",288414.940087214
"3557",733909.906703155
"3558",491425.30462106
"3559",776203.732647706
"3560",325069.589239158
"3561",313791.235653945
"3562",319430.412446551
"3563",640863.489625142
"3564",398378.887543047
"3565",443492.301883902
"3566",499884.069809971
"3567",635224.312832535
"3568",671878.961984479
"3569",613795.441020629
"3570",119239.636309008
"3571",685976.903965997
"3572",528079.953773005
"3573",198188.111405504
"3574",987672.862370463
"3575",511162.423395184
"3576",508342.834998881
"3577",592930.486887984
"3578",288414.940087214
"3579",265858.232916786
"3580",716992.376325334
"3581",429394.359902385
"3582",367363.41518371
"3583",652141.843210355
"3584",432213.948298688
"3585",468868.597450633
"3586",798760.439818134
"3587",516801.600187791
"3588",361724.238391103
"3589",223564.406972235
"3590",477327.362639543
"3591",392739.71075044
"3592",764925.379062493
"3593",660600.608399266
"3594",257399.467727876
"3595",404018.064335654
"3596",291234.528483517
"3597",652141.843210355
"3598",584471.721699073
"3599",638043.901228838
"3600",206646.876594414
"3601",375822.18037262
"3602",432213.948298688
"3603",511162.423395184
"3604",423755.183109778
"3605",480146.951035847
"3606",220744.818575932
"3607",316610.824050248
"3608",375822.18037262
"3609",1514935.8924792
"3610",466049.009054329
"3611",254579.879331573
"3612",392739.71075044
"3613",234842.760557449
"3614",432213.948298688
"3615",1269631.70200081
"3616",237662.348953752
"3617",793121.263025527
"3618",584471.721699073
"3619",294054.116879821
"3620",671878.961984479
"3621",1199141.99209322
"3622",378641.768768923
"3623",203827.288198111
"3624",189729.346216594
"3625",516801.600187791
"3626",150255.108668346
"3627",341987.119616979
"3628",457590.243865419
"3629",381461.357165227
"3630",367363.41518371
"3631",657781.020002962
"3632",212286.053387021
"3633",223564.406972235
"3634",412476.829524564
"3635",590110.89849168
"3636",629585.136039928
"3637",432213.948298688
"3638",888987.268499843
"3639",697537.216390841
"3640",299693.293672427
"3641",880528.503310933
"3642",341987.119616979
"3643",536538.718961915
"3644",350445.884805889
"3645",590110.89849168
"3646",378641.768768923
"3647",285595.35169091
"3648",406837.652731958
"3649",733909.906703155
"3650",759286.202269886
"3651",592930.486887984
"3652",519621.188584095
"3653",429394.359902385
"3654",381461.357165227
"3655",296873.705276124
"3656",739549.083495762
"3657",544997.484150825
"3658",643683.078021445
"3659",756466.613873582
"3660",694435.669154907
"3661",291234.528483517
"3662",429394.359902385
"3663",714172.787929031
"3664",499884.069809971
"3665",480146.951035847
"3666",818497.558592258
"3667",437853.125091295
"3668",294054.116879821
"3669",370183.003580013
"3670",756466.613873582
"3671",533719.130565612
"3672",398378.887543047
"3673",240481.937350056
"3674",511162.423395184
"3675",440672.713487599
"3676",663420.196795569
"3677",550636.660943432
"3678",308152.058861338
"3679",468868.597450633
"3680",1266812.1136045
"3681",482966.53943215
"3682",635224.312832535
"3683",581652.13330277
"3684",544997.484150825
"3685",533719.130565612
"3686",623945.959247321
"3687",243301.525746359
"3688",632404.724436232
"3689",482966.53943215
"3690",629585.136039928
"3691",474507.77424324
"3692",1091997.63303369
"3693",499884.069809971
"3694",333528.354428069
"3695",511162.423395184
"3696",719811.964721638
"3697",313791.235653945
"3698",561915.014528646
"3699",835415.088970078
"3700",576012.956510163
"3701",711353.199532727
"3702",838234.677366382
"3703",773384.144251403
"3704",491425.30462106
"3705",237662.348953752
"3706",370183.003580013
"3707",248940.702538966
"3708",240481.937350056
"3709",466049.009054329
"3710",347626.296409586
"3711",387100.533957834
"3712",325069.589239158
"3713",367363.41518371
"3714",370183.003580013
"3715",576012.956510163
"3716",491425.30462106
"3717",449131.478676509
"3718",346498.461051064
"3719",274316.998105697
"3720",581652.13330277
"3721",392739.71075044
"3722",229203.583764842
"3723",409657.241128261
"3724",719811.964721638
"3725",497064.481413667
"3726",587291.310095377
"3727",781842.909440313
"3728",652141.843210355
"3729",435033.536694992
"3730",787482.08623292
"3731",443492.301883902
"3732",750827.437080975
"3733",302512.882068731
"3734",660600.608399266
"3735",601389.252076894
"3736",900265.622085057
"3737",333528.354428069
"3738",423755.183109778
"3739",587291.310095377
"3740",237662.348953752
"3741",186909.757820291
"3742",542177.895754522
"3743",494244.893017364
"3744",570373.779717556
"3745",440672.713487599
"3746",277136.586502
"3747",136157.166686829
"3748",736729.495099458
"3749",632404.724436232
"3750",285595.35169091
"3751",877708.914914629
"3752",373002.591976316
"3753",702894.434343817
"3754",494244.893017364
"3755",700074.845947514
"3756",178450.99263138
"3757",948198.624822215
"3758",341987.119616979
"3759",900265.622085057
"3760",1283729.64398232
"3761",319430.412446551
"3762",852332.619347899
"3763",677518.138777086
"3764",559095.426132343
"3765",195368.523009201
"3766",745188.260288368
"3767",708533.611136424
"3768",198188.111405504
"3769",764925.379062493
"3770",274316.998105697
"3771",387100.533957834
"3772",573193.36811386
"3773",347626.296409586
"3774",629585.136039928
"3775",426574.771506082
"3776",466049.009054329
"3777",485786.127828453
"3778",567554.191321253
"3779",578832.544906467
"3780",358904.649994799
"3781",731090.318306851
"3782",570373.779717556
"3783",499884.069809971
"3784",223564.406972235
"3785",1782796.79012803
"3786",477327.362639543
"3787",1077899.69105217
"3788",982033.685577856
"3789",1154028.57775237
"3790",494244.893017364
"3791",257399.467727876
"3792",888987.268499843
"3793",880528.503310933
"3794",982033.685577856
"3795",922822.329255484
"3796",201007.699801808
"3797",195368.523009201
"3798",223564.406972235
"3799",716992.376325334
"3800",440672.713487599
"3801",223564.406972235
"3802",480146.951035847
"3803",671878.961984479
"3804",821317.146988561
"3805",798760.439818134
"3806",423755.183109778
"3807",477327.362639543
"3808",257399.467727876
"3809",669059.373588176
"3810",790301.674629223
"3811",460409.832261723
"3812",384280.94556153
"3813",1120193.51699672
"3814",888987.268499843
"3815",285595.35169091
"3816",457590.243865419
"3817",308152.058861338
"3818",544997.484150825
"3819",468868.597450633
"3820",911543.975670271
"3821",810038.793403347
"3822",511162.423395184
"3823",277136.586502
"3824",615487.194058411
"3825",268677.82131309
"3826",240481.937350056
"3827",584471.721699073
"3828",728270.729910548
"3829",513982.011791488
"3830",1385234.82624925
"3831",333528.354428069
"3832",322250.000842855
"3833",798760.439818134
"3834",635224.312832535
"3835",723195.470797202
"3836",491425.30462106
"3837",398378.887543047
"3838",700074.845947514
"3839",1120193.51699672
"3840",323095.877361746
"3841",669059.373588176
"3842",268677.82131309
"3843",635224.312832535
"3844",217925.230179628
"3845",474507.77424324
"3846",401198.475939351
"3847",138976.755083132
"3848",607028.428869501
"3849",474507.77424324
"3850",1483920.42011987
"3851",533719.130565612
"3852",206646.876594414
"3853",254579.879331573
"3854",370183.003580013
"3855",528079.953773005
"3856",1038425.45350392
"3857",277136.586502
"3858",1052523.39548544
"3859",370183.003580013
"3860",480146.951035847
"3861",936920.271237001
"3862",612667.605662108
"3863",494244.893017364
"3864",443492.301883902
"3865",353265.473202193
"3866",607028.428869501
"3867",525260.365376701
"3868",716992.376325334
"3869",1168126.51973388
"3870",801580.028214437
"3871",564734.602924949
"3872",680337.72717339
"3873",891806.856896147
"3874",860791.384536809
"3875",1128088.36450637
"3876",739549.083495762
"3877",595750.075284287
"3878",186909.757820291
"3879",669059.373588176
"3880",626765.547643625
"3881",333528.354428069
"3882",1534673.01125333
"3883",224128.324651496
"3884",356085.061598496
"3885",474507.77424324
"3886",1266812.1136045
"3887",1061264.11951398
"3888",460409.832261723
"3889",279956.174898304
"3890",457590.243865419
"3891",621126.370851018
"3892",832595.500573775
"3893",894626.44529245
"3894",683157.315569693
"3895",635224.312832535
"3896",640017.613106251
"3897",818497.558592258
"3898",688796.4923623
"3899",841054.265762685
"3900",826956.323781168
"3901",384280.94556153
"3902",310971.647257641
"3903",953837.801614822
"3904",528079.953773005
"3905",956657.390011125
"3906",942559.448029608
"3907",449131.478676509
"3908",592930.486887984
"3909",764925.379062493
"3910",502703.658206274
"3911",621126.370851018
"3912",370183.003580013
"3913",846693.442555292
"3914",300539.170191318
"3915",412476.829524564
"3916",725451.141514244
"3917",595750.075284287
"3918",454770.655469116
"3919",426574.771506082
"3920",880528.503310933
"3921",705714.022740121
"3922",891806.856896147
"3923",406837.652731958
"3924",742368.671892065
"3925",296873.705276124
"3926",308152.058861338
"3927",288414.940087214
"3928",415296.417920868
"3929",370464.962419643
"3930",440672.713487599
"3931",1058162.57227805
"3932",288414.940087214
"3933",681465.562531911
"3934",688796.4923623
"3935",959195.019567798
"3936",499884.069809971
"3937",576012.956510163
"3938",299693.293672427
"3939",370183.003580013
"3940",1269631.70200081
"3941",1142750.22416715
"3942",928461.506048091
"3943",333528.354428069
"3944",153074.697064649
"3945",812858.381799651
"3946",339167.531220675
"3947",951018.213218518
"3948",339167.531220675
"3949",795940.85142183
"3950",967935.743596339
"3951",313791.235653945
"3952",339167.531220675
"3953",795940.85142183
"3954",973574.920388946
"3955",440672.713487599
"3956",843873.854158988
"3957",1424709.06379749
"3958",409657.241128261
"3959",595750.075284287
"3960",763797.543703971
"3961",454770.655469116
"3962",773384.144251403
"3963",773384.144251403
"3964",1089178.04463739
"3965",1024327.51152241
"3966",288414.940087214
"3967",387100.533957834
"3968",581652.13330277
"3969",779023.32104401
"3970",598569.66368059
"3971",387100.533957834
"3972",722631.553117941
"3973",640863.489625142
"3974",748007.848684672
"3975",866430.561329416
"3976",229767.501444103
"3977",341987.119616979
"3978",609848.017265804
"3979",1080719.27944848
"3980",384280.94556153
"3981",319430.412446551
"3982",965116.155200036
"3983",900265.622085057
"3984",835415.088970078
"3985",491425.30462106
"3986",886167.68010354
"3987",741804.754212804
"3988",635224.312832535
"3989",547817.072547129
"3990",1069440.92586326
"3991",544715.525311195
"3992",322250.000842855
"3993",967935.743596339
"3994",612667.605662108
"3995",387100.533957834
"3996",279956.174898304
"3997",1083538.86784478
"3998",801580.028214437
"3999",420371.677034214
"4000",917183.152462877
"4001",356085.061598496
"4002",934100.682840698
"4003",905904.798877664
"4004",384280.94556153
"4005",1199141.99209322
"4006",705714.022740121
"4007",553456.249339736
"4008",189729.346216594
"4009",375822.18037262
"4010",832595.500573775
"4011",412476.829524564
"4012",399506.722901569
"4013",753647.025477279
"4014",1055342.98388175
"4015",440672.713487599
"4016",1089178.04463739
"4017",533719.130565612
"4018",1159667.75454497
"4019",310971.647257641
"4020",398378.887543047
"4021",395841.257986374
"4022",353265.473202193
"4023",1794075.14371324
"4024",370183.003580013
"4025",1261172.9368119
"4026",669059.373588176
"4027",843873.854158988
"4028",294054.116879821
"4029",570373.779717556
"4030",1075080.10265587
"4031",888987.268499843
"4032",705714.022740121
"4033",415296.417920868
"4034",866430.561329416
"4035",325069.589239158
"4036",836824.88316823
"4037",370183.003580013
"4038",251760.290935269
"4039",497064.481413667
"4040",1213239.93407474
"4041",316610.824050248
"4042",351291.76132478
"4043",319430.412446551
"4044",319430.412446551
"4045",435033.536694992
"4046",412476.829524564
"4047",341987.119616979
"4048",373002.591976316
"4049",347626.296409586
"4050",279956.174898304
"4051",347626.296409586
"4052",714172.787929031
"4053",671878.961984479
"4054",872069.738122023
"4055",330708.766031765
"4056",234842.760557449
"4057",1001770.80435198
"4058",336347.942824372
"4059",1046884.21869283
"4060",372720.633136686
"4061",671878.961984479
"4062",1032222.35903206
"4063",814550.134837433
"4064",860791.384536809
"4065",567554.191321253
"4066",364543.826787406
"4067",1120193.51699672
"4068",378641.768768923
"4069",694435.669154907
"4070",598569.66368059
"4071",829775.912177471
"4072",401198.475939351
"4073",688796.4923623
"4074",333528.354428069
"4075",547817.072547129
"4076",604208.840473197
"4077",497064.481413667
"4078",397814.969863787
"4079",364543.826787406
"4080",497064.481413667
"4081",360314.444192951
"4082",258527.303086398
"4083",660600.608399266
"4084",731090.318306851
"4085",291234.528483517
"4086",711353.199532727
"4087",466049.009054329
"4088",773384.144251403
"4089",364543.826787406
"4090",322250.000842855
"4091",849513.030951595
"4092",883348.091707236
"4093",1060982.16067435
"4094",959476.978407429
"4095",635224.312832535
"4096",457590.243865419
"4097",750263.519401715
"4098",429394.359902385
"4099",856843.960781984
"4100",1117373.92860042
"4101",728270.729910548
"4102",443492.301883902
"4103",387100.533957834
"4104",488605.716224757
"4105",818497.558592258
"4106",333528.354428069
"4107",1018688.3347298
"4108",325069.589239158
"4109",418116.006317171
"4110",953837.801614822
"4111",398378.887543047
"4112",313791.235653945
"4113",762105.790666189
"4114",398378.887543047
"4115",350445.884805889
"4116",519339.229744464
"4117",807219.205007044
"4118",313791.235653945
"4119",367363.41518371
"4120",638043.901228838
"4121",360314.444192951
"4122",917183.152462877
"4123",378359.809929293
"4124",237662.348953752
"4125",728270.729910548
"4126",485786.127828453
"4127",559095.426132343
"4128",635224.312832535
"4129",657781.020002962
"4130",1054215.14852322
"4131",863610.972933112
"4132",669059.373588176
"4133",810038.793403347
"4134",917183.152462877
"4135",922822.329255484
"4136",279956.174898304
"4137",313791.235653945
"4138",1190683.22690431
"4139",395559.299146744
"4140",1044064.63029653
"4141",178450.99263138
"4142",798760.439818134
"4143",319430.412446551
"4144",482966.53943215
"4145",389920.122354137
"4146",660600.608399266
"4147",426574.771506082
"4148",824136.735384864
"4149",502703.658206274
"4150",265294.315237526
"4151",570373.779717556
"4152",801580.028214437
"4153",718684.129363116
"4154",914363.564066574
"4155",243301.525746359
"4156",979214.097181553
"4157",367363.41518371
"4158",451951.067072812
"4159",731090.318306851
"4160",615487.194058411
"4161",398378.887543047
"4162",446311.890280206
"4163",804399.61661074
"4164",573193.36811386
"4165",240481.937350056
"4166",265858.232916786
"4167",392739.71075044
"4168",420935.594713475
"4169",649322.254814052
"4170",702894.434343817
"4171",677518.138777086
"4172",279956.174898304
"4173",1066621.33746696
"4174",358904.649994799
"4175",753647.025477279
"4176",62847.8683829399
"4177",305332.470465034
"4178",285595.35169091
"4179",381461.357165227
"4180",812858.381799651
"4181",784662.497836616
"4182",595750.075284287
"4183",776203.732647706
"4184",375822.18037262
"4185",347626.296409586
"4186",344806.708013282
"4187",1179404.8733191
"4188",1210420.34567843
"4189",322250.000842855
"4190",302512.882068731
"4191",1075080.10265587
"4192",570373.779717556
"4193",524132.53001818
"4194",573193.36811386
"4195",942559.448029608
"4196",838234.677366382
"4197",392739.71075044
"4198",443492.301883902
"4199",984853.27397416
"4200",716428.458646074
"4201",511162.423395184
"4202",330708.766031765
"4203",240481.937350056
"4204",609848.017265804
"4205",1049703.80708914
"4206",860791.384536809
"4207",846693.442555292
"4208",714172.787929031
"4209",468868.597450633
"4210",265858.232916786
"4211",1404971.94502337
"4212",646502.666417749
"4213",1165306.93133758
"4214",886167.68010354
"4215",279956.174898304
"4216",556275.837736039
"4217",572629.450434599
"4218",401198.475939351
"4219",649322.254814052
"4220",1032786.27671132
"4221",823290.858865973
"4222",488605.716224757
"4223",375822.18037262
"4224",153074.697064649
"4225",1128652.28218563
"4226",657781.020002962
"4227",663420.196795569
"4228",604208.840473197
"4229",240481.937350056
