"","s1"
"1",435851.740644693
"2",1203139.74104721
"3",156354.018761999
"4",570864.989492265
"5",436104.541406101
"6",556081.001911325
"7",564034.744817064
"8",376580.639260752
"9",179037.27180278
"10",654036.028605627
"11",225437.827022942
"12",226916.399281768
"13",189538.095435664
"14",204439.998059741
"15",683479.44123255
"16",539383.90645981
"17",1081276.00891791
"18",493332.568944172
"19",887749.19625301
"20",289086.275664089
"21",1212899.1596736
"22",153749.434642976
"23",262753.64128051
"24",324447.083649002
"25",1060023.71825604
"26",255593.509570858
"27",1885150.28387101
"28",495135.014210801
"29",184104.20382235
"30",268066.887428545
"31",140636.9656805
"32",1043407.02747768
"33",713441.148595623
"34",109691.187674661
"35",208090.88254149
"36",444001.875571741
"37",172420.515186584
"38",2061291.69685249
"39",2662964.16717778
"40",195889.486755521
"41",858488.666197371
"42",271195.784410646
"43",190927.877052336
"44",272462.515931943
"45",127728.850858914
"46",2100269.91128661
"47",1351112.73516481
"48",557050.839600139
"49",350723.886151231
"50",848857.897892949
"51",299455.391426594
"52",327988.075758061
"53",2292236.38926901
"54",2292236.38926901
"55",595269.05513408
"56",489879.041878063
"57",161432.954365841
"58",187813.060751074
"59",1397379.94686232
"60",446221.327727364
"61",1348238.686695
"62",749669.139403466
"63",287029.792708711
"64",570400.873707158
"65",561306.691758636
"66",179000.582931161
"67",125191.898064225
"68",1115172.59890895
"69",524320.293694752
"70",533453.785323896
"71",1026102.03375732
"72",1455932.18465119
"73",304816.401104638
"74",385959.77764293
"75",401805.720809436
"76",910631.885490477
"77",374850.378567919
"78",921802.511881602
"79",297669.540138661
"80",1847753.62022358
"81",716924.199107707
"82",382346.130005088
"83",233211.71061331
"84",740241.524398994
"85",403289.169432529
"86",681275.144463144
"87",435356.124819293
"88",346962.401684038
"89",1550792.49623378
"90",1761009.11177988
"91",1106197.66997768
"92",200221.699348306
"93",119058.463889548
"94",238889.637753062
"95",172762.131974052
"96",347910.352934388
"97",251412.751162994
"98",290523.276300306
"99",187411.894804978
"100",158396.556421989
"101",2030380.67983679
"102",478430.260950843
"103",262451.289829477
"104",966874.69072521
"105",587105.407930966
"106",1327297.61954911
"107",179375.892223042
"108",267391.477975091
"109",2719963.77032232
"110",156705.067496574
"111",4893445.31138606
"112",128943.840307344
"113",219167.084838783
"114",291333.8165344
"115",3253928.78974377
"116",291104.493876309
"117",2871260.06941335
"118",109207.231295176
"119",399748.823575122
"120",665359.92167501
"121",212224.748598533
"122",225840.186972556
"123",207954.148626842
"124",866910.031528682
"125",228730.263960356
"126",423296.744130771
"127",956924.790619996
"128",1432516.83157432
"129",382808.129236838
"130",596405.798824435
"131",618579.815850403
"132",518940.828600245
"133",307479.273571178
"134",249015.849493278
"135",632628.610713969
"136",463315.519326771
"137",1662034.52951257
"138",200312.831095827
"139",444074.754887238
"140",293717.390987825
"141",574335.262497745
"142",1167559.98058318
"143",340502.333086613
"144",326984.194109397
"145",1136859.35272775
"146",947297.290183193
"147",187925.883324972
"148",259033.415321358
"149",568183.943054245
"150",225853.416050605
"151",212204.025155504
"152",252716.534126923
"153",235372.917672801
"154",1653363.77652802
"155",447125.873856797
"156",339710.994878761
"157",644764.1823048
"158",341566.760964412
"159",693796.034283558
"160",1022476.42769296
"161",2238837.33488002
"162",1204239.97509249
"163",317731.730165432
"164",1311560.73680134
"165",404969.545745533
"166",740321.249559284
"167",342150.083576456
"168",380171.446530043
"169",202480.356116931
"170",146549.661493352
"171",441676.908230845
"172",836529.721957512
"173",291856.244372975
"174",259802.5470847
"175",321678.720234945
"176",246135.40426099
"177",372171.085534246
"178",267449.389495867
"179",403032.752669702
"180",153089.716140499
"181",590419.067606961
"182",189539.015997426
"183",1166570.30247478
"184",818726.471382091
"185",1179091.36397876
"186",1570851.37779447
"187",288577.326032209
"188",520078.815616442
"189",218951.844809203
"190",485608.720257283
"191",169359.922753144
"192",526946.176029589
"193",164290.618080691
"194",209979.757861556
"195",219864.735782513
"196",377894.381995206
"197",183913.749875623
"198",160951.478670422
"199",355411.956003249
"200",154619.575296914
"201",372858.342240372
"202",170912.985550634
"203",122954.452078929
"204",211071.066567808
"205",644523.08537617
"206",249340.279437579
"207",230613.913888901
"208",192646.339091457
"209",525491.344893425
"210",171633.356457167
"211",106113.563795201
"212",518147.241672934
"213",640738.055665827
"214",631713.507228093
"215",1147175.90270011
"216",246905.349191519
"217",824746.512545103
"218",278038.449135309
"219",284389.527417038
"220",301215.739126525
"221",204916.866049684
"222",500006.794866782
"223",215551.57403651
"224",107404.499971711
"225",346634.345210865
"226",118339.813455751
"227",1569549.857497
"228",517652.485525777
"229",411824.566403863
"230",1028749.17850286
"231",290204.683402214
"232",322501.175265355
"233",350429.825496448
"234",418601.919288416
"235",114440.711927361
"236",397893.201858136
"237",592839.160680156
"238",548359.678987642
"239",397797.91246301
"240",861460.910832637
"241",338379.118516854
"242",365437.664310137
"243",722006.463688821
"244",335878.129488646
"245",1071914.36306687
"246",612004.646115888
"247",288557.57008776
"248",278852.604026269
"249",541939.178917711
"250",1114608.78502031
"251",464644.723150391
"252",435454.285356403
"253",403853.0777793
"254",313516.579011824
"255",199314.569208771
"256",361319.168052351
"257",130165.242224848
"258",571025.965319336
"259",323677.784841695
"260",493630.695434559
"261",1600532.38479188
"262",679993.611247609
"263",256550.896192981
"264",602885.887701834
"265",714998.710383199
"266",350698.307599177
"267",487508.018387079
"268",676471.089670383
"269",313430.43135704
"270",410887.562520348
"271",956317.031785635
"272",302618.716977818
"273",115968.537458481
"274",1422660.30694006
"275",679859.880953107
"276",613086.813631843
"277",335916.17891802
"278",223423.63551921
"279",782356.656835206
"280",297803.374416903
"281",1225974.33814879
"282",265998.304035979
"283",1040059.76011284
"284",232404.676876336
"285",591297.293741704
"286",632793.494843564
"287",837406.890951945
"288",2893188.45974224
"289",163729.672560177
"290",714130.384067075
"291",216224.946858411
"292",291658.338911124
"293",383119.959158325
"294",992178.701629021
"295",797025.255572858
"296",247579.814909918
"297",1216630.10852364
"298",154454.405005401
"299",728888.66386301
"300",1651800.82110742
"301",179341.392582633
"302",206483.503402655
"303",1092109.51621872
"304",766636.071305147
"305",494554.309109751
"306",1549200.37332361
"307",291794.208036733
"308",324387.037149738
"309",371393.864082707
"310",642541.614997989
"311",429532.625172843
"312",887540.953339489
"313",114146.243823656
"314",707288.4471359
"315",1217898.47359772
"316",3003973.35224949
"317",388631.78134697
"318",203046.140145087
"319",1064557.61173584
"320",379050.900818411
"321",576216.693654253
"322",557899.684452042
"323",318248.703193185
"324",267912.752903197
"325",494770.349302535
"326",253308.044108731
"327",715937.103688477
"328",471858.78228306
"329",250150.671356051
"330",1477211.1765945
"331",340915.538846503
"332",581641.412704747
"333",1682893.61462465
"334",303137.641014215
"335",386796.199059103
"336",175587.665693027
"337",531323.967048058
"338",522120.738972244
"339",277208.242372768
"340",618420.451420538
"341",187076.13807312
"342",326023.776799963
"343",285606.805726076
"344",182087.090295862
"345",251660.080284171
"346",287551.405058979
"347",173907.820539938
"348",285750.954450501
"349",467778.624705088
"350",483125.217788499
"351",235542.531546062
"352",409701.721562879
"353",265628.504361161
"354",466015.084363605
"355",295741.714488656
"356",380044.033852716
"357",283596.32000554
"358",262424.202241947
"359",255034.535359818
"360",281890.151909637
"361",358798.619080799
"362",1451335.24945611
"363",2387422.87289433
"364",362696.482103835
"365",118075.150867295
"366",898555.43524525
"367",311828.472324988
"368",311860.30033908
"369",857781.505109385
"370",564589.757984311
"371",209666.67878004
"372",413536.235346656
"373",487905.127568216
"374",768230.405296112
"375",406626.108045972
"376",3136990.02914189
"377",164543.892336402
"378",753331.034746687
"379",494078.773987792
"380",413716.473454227
"381",659115.665972341
"382",1093646.30961153
"383",245467.445720304
"384",245467.445720304
"385",448143.112775152
"386",574758.975248117
"387",655157.698312246
"388",1218611.28907543
"389",269547.435629722
"390",1152573.29026272
"391",1379059.45051034
"392",678271.083507222
"393",1108400.21511052
"394",1674632.91497952
"395",520666.682437592
"396",301213.168116822
"397",142794.869531631
"398",363946.745898361
"399",1019569.6711402
"400",207337.72905872
"401",1394104.23972884
"402",146842.317387946
"403",678918.502119354
"404",102220.95616566
"405",187549.217351514
"406",911244.761979496
"407",170233.184519562
"408",847503.439695599
"409",803897.700363574
"410",213600.958342337
"411",269496.919540521
"412",819484.355038
"413",292124.196235421
"414",145125.686246566
"415",1808336.70809774
"416",326686.10204432
"417",250665.455644988
"418",213574.543748538
"419",247995.111762338
"420",120108.739404297
"421",479643.75402411
"422",1518895.5896723
"423",163409.47721275
"424",1183386.74467076
"425",1027105.03509168
"426",512876.034918753
"427",1482174.0376941
"428",2197577.7233582
"429",1695082.28843173
"430",690586.600383601
"431",1338910.24661477
"432",311607.17637387
"433",756927.318803695
"434",722534.538951895
"435",203945.847718304
"436",716206.991094775
"437",451529.345959492
"438",1111345.76035963
"439",515627.747793974
"440",178847.656532964
"441",629068.1145105
"442",251315.640125906
"443",781597.986944611
"444",1897117.94825252
"445",218791.206643975
"446",264391.865003166
"447",229878.857342985
"448",347005.469100432
"449",246475.424365443
"450",938673.850793632
"451",1432095.70481042
"452",247212.101544509
"453",675757.247583237
"454",577092.229127206
"455",588181.26270304
"456",537929.175529893
"457",158323.317304777
"458",877539.01991156
"459",883025.83678814
"460",206177.078677457
"461",1866838.75017574
"462",210395.645577064
"463",1456008.36433399
"464",624906.971627827
"465",480729.781063696
"466",546055.344473714
"467",228207.461878876
"468",162686.299117604
"469",127490.257007341
"470",782805.659806341
"471",884911.987561275
"472",201265.149788723
"473",214092.523058031
"474",1219375.8656881
"475",407851.587916935
"476",407754.092589973
"477",389384.425255254
"478",475710.43906883
"479",278704.673720349
"480",436251.339968847
"481",178951.002729056
"482",247193.994700064
"483",622493.296849396
"484",635141.941017093
"485",376616.630788942
"486",650006.555340556
"487",466059.641436348
"488",1486389.71452885
"489",229813.061443313
"490",226071.596364149
"491",313040.64888995
"492",393756.000810174
"493",107406.808902763
"494",311508.930940978
"495",2480044.99264168
"496",200269.619535159
"497",274597.976671506
"498",2273974.52510387
"499",703380.096302234
"500",353119.924050294
"501",178218.635280682
"502",197798.160178724
"503",235618.211020655
"504",380398.254338191
"505",297413.242465758
"506",206479.214903067
"507",110685.428033235
"508",516320.306727085
"509",1466904.4865112
"510",565995.482388568
"511",402284.925201745
"512",181948.901443085
"513",663379.835339535
"514",902832.209593978
"515",1593654.63507532
"516",2030690.43381814
"517",2030690.43381814
"518",278198.113388157
"519",140493.132168972
"520",330943.267773078
"521",534396.102645283
"522",347177.928490191
"523",806917.056771462
"524",608462.351260709
"525",396974.56894614
"526",183303.27328706
"527",400366.388753598
"528",268152.670151966
"529",1604636.4538475
"530",533795.515294939
"531",421357.492616004
"532",1945533.19963418
"533",1186253.5819418
"534",1015304.40916918
"535",686527.865723401
"536",383462.906446171
"537",1546186.92535802
"538",574722.726875054
"539",312043.903476807
"540",375998.209643304
"541",607345.458605408
"542",264568.263740327
"543",406548.120882419
"544",979947.591049929
"545",1408554.53283354
"546",265209.600930959
"547",422073.997113128
"548",210444.14410792
"549",1125324.18321212
"550",691763.743177844
"551",185578.941138935
"552",620314.445156013
"553",1159561.87044253
"554",1244097.58901042
"555",621701.197816731
"556",241683.503896396
"557",199048.969770274
"558",590198.038387483
"559",152894.357049317
"560",665248.939811607
"561",481023.868800481
"562",449092.902928569
"563",212871.730196731
"564",1227867.77055208
"565",138102.969260341
"566",460581.740916206
"567",793006.090692863
"568",488913.988228406
"569",1576276.06563771
"570",301678.509616385
"571",334433.690633416
"572",706128.027597167
"573",247707.989527953
"574",378162.436903889
"575",291818.56564761
"576",187988.645925736
"577",535468.507994724
"578",287440.913191637
"579",1530145.34097011
"580",216357.521481434
"581",721157.661762276
"582",287008.870831613
"583",678379.289579589
"584",548516.018604129
"585",588834.26747403
"586",496204.053100012
"587",203520.383481486
"588",1358139.56905692
"589",224061.819335341
"590",192047.941187398
"591",114485.194996455
"592",100950.348934814
"593",593988.012584625
"594",486537.397801217
"595",259918.92111922
"596",1169811.09750432
"597",463897.856534477
"598",703566.162981679
"599",559578.893012373
"600",1166692.45610919
"601",830000.520871212
"602",972686.706161525
"603",560593.579522144
"604",253472.196209485
"605",451116.001874789
"606",1053953.68655058
"607",107499.461778924
"608",405703.494634141
"609",234458.073877494
"610",515057.481980563
"611",2829133.67524819
"612",560129.556039108
"613",587780.842159779
"614",271662.860043774
"615",272190.015044157
"616",208081.881507688
"617",1721321.30758216
"618",140670.371598815
"619",432316.92937261
"620",616491.712213868
"621",1153037.25226763
"622",209057.219771213
"623",377618.05316065
"624",179417.644677311
"625",399826.959031885
"626",778637.615647862
"627",308328.692497945
"628",337109.607741978
"629",430083.041089501
"630",629478.320830942
"631",441726.363740888
"632",223956.087628716
"633",569718.090961318
"634",141431.515557977
"635",345677.289079858
"636",635801.36884091
"637",547139.273193219
"638",388492.630918251
"639",153695.552035251
"640",386776.635409298
"641",185311.889952129
"642",343157.413665204
"643",364507.858781809
"644",384388.872974523
"645",294774.027557964
"646",1817221.04710146
"647",412210.15487737
"648",397186.337425762
"649",834027.722213679
"650",951875.041104136
"651",138951.988703759
"652",1610615.05610852
"653",854327.296812953
"654",200236.802418483
"655",1091994.10544296
"656",129308.350640059
"657",165428.390513193
"658",266788.418841435
"659",328324.324944266
"660",311813.446392371
"661",348602.376471803
"662",318340.353392098
"663",584899.314124607
"664",249560.376257452
"665",154163.101650804
"666",83924.2801960351
"667",314479.239107383
"668",751701.623638307
"669",495599.440730061
"670",459841.063018663
"671",524735.391827187
"672",580801.526755974
"673",2072425.74949472
"674",476348.368779539
"675",399864.030036652
"676",928056.624030798
"677",2119964.84737563
"678",99524.9504886804
"679",407430.109674287
"680",350235.723311252
"681",239598.151299316
"682",140566.831920541
"683",1034110.84377076
"684",539580.972857791
"685",313904.55265369
"686",993409.605632462
"687",403723.512245651
"688",285086.802467789
"689",651400.254176245
"690",284929.346854268
"691",371969.34171756
"692",2266103.27897276
"693",736678.164783086
"694",917036.720164528
"695",738464.665431428
"696",999793.092725144
"697",431907.68167881
"698",546150.660723818
"699",364707.835855519
"700",2769501.97730587
"701",761024.479147146
"702",2586368.53308623
"703",441127.720113774
"704",212541.698760466
"705",522249.705395544
"706",423479.08501871
"707",757140.110988848
"708",1448464.2886628
"709",147974.136878876
"710",609121.668967173
"711",894438.914934937
"712",926984.199736455
"713",699288.400224229
"714",382428.310735731
"715",502245.298385107
"716",720926.354925435
"717",187808.935829987
"718",309767.72647695
"719",258694.962518402
"720",532491.672837918
"721",891555.909921842
"722",1181995.59437829
"723",821803.198211131
"724",553925.774073081
"725",1142066.92324893
"726",306093.130798926
"727",407893.620927413
"728",125860.889432454
"729",1478762.18304453
"730",458115.113160867
"731",550201.124723636
"732",310041.332453275
"733",747362.28987751
"734",1620645.14444919
"735",631616.501056351
"736",473666.757831665
"737",760012.915286707
"738",317454.798832819
"739",768061.363221482
"740",273144.565367636
"741",669346.110737387
"742",1315152.85945473
"743",509493.220650022
"744",506228.434670327
"745",358051.709822573
"746",668134.408373694
"747",215111.751014843
"748",75989.9582550354
"749",649478.689161829
"750",489837.744378516
"751",342345.198303211
"752",3721624.42067667
"753",1300623.25012918
"754",345575.913231205
"755",1104585.1300439
"756",171763.536325841
"757",658519.018031035
"758",935331.958676705
"759",376500.636793293
"760",259142.902383833
"761",434795.484367304
"762",207312.680253494
"763",408965.26691703
"764",138923.274354772
"765",205211.375854714
"766",205211.375854714
"767",204720.190340399
"768",693472.081412155
"769",187457.374319568
"770",1467256.32776848
"771",452573.552559744
"772",1992181.02098513
"773",1374186.26280189
"774",298691.515230549
"775",126558.803584096
"776",420015.022739249
"777",545566.560119972
"778",1284685.20493725
"779",764853.628563288
"780",192389.106366964
"781",353866.170957733
"782",555615.772918027
"783",335995.01360359
"784",171441.882399252
"785",172848.480965265
"786",308491.02415315
"787",610769.322392988
"788",462171.323723109
"789",221872.425271846
"790",985044.077243959
"791",308753.824998645
"792",1247129.04568012
"793",1607725.28264715
"794",429702.762907734
"795",821267.394357884
"796",678822.377933812
"797",418822.02863638
"798",372501.879975764
"799",125247.98454743
"800",1357407.05650651
"801",184629.07851806
"802",1257328.52284802
"803",490748.609500239
"804",692861.721430449
"805",1220591.97865926
"806",744045.351608779
"807",1327727.58997436
"808",859150.815744991
"809",506324.944949807
"810",346260.833841362
"811",943900.507261127
"812",492604.197652528
"813",993727.938984864
"814",419469.209458411
"815",206779.152054002
"816",306764.632386355
"817",314686.18469793
"818",184729.019340059
"819",212866.662543844
"820",1117187.16838895
"821",331116.493301345
"822",923198.517934632
"823",1769208.25639375
"824",711250.343229699
"825",780850.510485174
"826",414177.723774515
"827",289055.979247372
"828",545066.965027444
"829",796035.324362863
"830",335469.369885172
"831",723967.589251405
"832",135465.334248812
"833",208380.317816456
"834",185127.399879462
"835",889262.810521709
"836",443315.78820133
"837",418136.580067179
"838",1050026.05286625
"839",506924.397080938
"840",652737.124428243
"841",486273.177954877
"842",1824361.84073584
"843",4604865.74255297
"844",218338.78541312
"845",699193.662784446
"846",961662.060241786
"847",805008.640210025
"848",250262.334134426
"849",3483918.4720542
"850",235319.265445757
"851",108075.047968525
"852",308992.269872012
"853",217861.396895635
"854",340717.187475027
"855",507878.727103665
"856",349475.838266669
"857",261383.113335672
"858",490364.952178509
"859",176029.738302928
"860",1086789.11744169
"861",367222.482828076
"862",147652.892497008
"863",487452.908593527
"864",347609.390443133
"865",290280.215347059
"866",974729.914358727
"867",491000.373527784
"868",286168.96063756
"869",971267.940453558
"870",514377.267479845
"871",527404.096933444
"872",288924.887120416
"873",213981.026854235
"874",379536.589068786
"875",353487.300950845
"876",1350705.71991616
"877",271918.897870445
"878",824769.270216479
"879",956906.788694039
"880",2211747.09804964
"881",1723223.03964129
"882",301157.766662087
"883",298399.088215095
"884",842616.957636395
"885",395959.604229455
"886",253081.769068515
"887",223406.716548002
"888",489741.043139615
"889",585792.570224264
"890",291559.892355627
"891",383002.155362887
"892",265224.251343016
"893",223582.67467067
"894",378827.061897774
"895",621979.269260396
"896",701473.643722598
"897",368381.493670707
"898",286522.713216868
"899",240687.855403964
"900",392050.9992903
"901",320845.747683268
"902",644524.085850736
"903",156979.072042451
"904",206970.954439176
"905",813008.153797591
"906",183395.102660084
"907",487130.352249287
"908",401885.376386281
"909",1096996.45592539
"910",222407.404829575
"911",284554.156590277
"912",636277.430251051
"913",297788.254263234
"914",291158.205435436
"915",115964.112859513
"916",296816.42253094
"917",1003265.89000645
"918",465834.702899092
"919",887931.662575067
"920",825732.085743059
"921",421514.711827112
"922",386796.342212608
"923",832145.548720199
"924",2899598.01149561
"925",665292.813833152
"926",196497.733752797
"927",459290.39672716
"928",892151.184322226
"929",227211.895619807
"930",244194.094898675
"931",2174907.38942983
"932",143254.737020249
"933",1368875.86970897
"934",278062.100741407
"935",345509.866201265
"936",741454.311348572
"937",173079.137808933
"938",264124.940259195
"939",178399.483646334
"940",310279.341924585
"941",801395.515894892
"942",422850.950841114
"943",780242.83312566
"944",271350.402894778
"945",225718.379401437
"946",756803.471618387
"947",147870.374365339
"948",182149.13532775
"949",247258.743803041
"950",486760.927764739
"951",841912.539500253
"952",354451.992260459
"953",175537.265699319
"954",402789.531264721
"955",1065821.40425438
"956",159211.297769582
"957",605304.705369493
"958",281791.559926041
"959",500227.279418777
"960",940034.672409152
"961",823912.690305714
"962",930602.9969631
"963",225941.712679662
"964",198715.517600377
"965",461051.789655965
"966",547068.126201915
"967",320815.919353569
"968",817354.044637511
"969",902494.149603206
"970",706358.715164404
"971",534587.164810276
"972",544796.409629834
"973",233840.455546782
"974",915217.055831844
"975",731586.252802743
"976",469517.627309294
"977",1374082.01429641
"978",648975.943154906
"979",405292.297742479
"980",335540.506818713
"981",810027.027569814
"982",721762.709691976
"983",382651.447519066
"984",349520.905859899
"985",232189.206923398
"986",324244.817164889
"987",390566.947893633
"988",207440.541012002
"989",460379.402867415
"990",349710.410295005
"991",243061.875307266
"992",750646.921542142
"993",3935672.9124827
"994",209289.570187513
"995",468070.730753602
"996",541232.871380945
"997",1070693.64060624
"998",655788.348554806
"999",607207.68624801
"1000",783431.012356351
"1001",474336.663548813
"1002",493891.83301848
"1003",290382.8829212
"1004",1480139.84294725
"1005",276868.721423528
"1006",483694.580820832
"1007",1103251.88008165
"1008",1496523.71811426
"1009",971220.990719869
"1010",857754.104012115
"1011",558015.581553838
"1012",134421.532133925
"1013",1484003.24281446
"1014",343264.013310568
"1015",358579.045488804
"1016",739731.177105259
"1017",136790.681383488
"1018",116154.869886223
"1019",172586.507150786
"1020",526896.737411894
"1021",353904.781200734
"1022",1046926.31937213
"1023",975104.548058758
"1024",947377.395639526
"1025",279155.859391424
"1026",119666.019951851
"1027",708969.518384132
"1028",146954.040469736
"1029",228331.20863397
"1030",350923.681108288
"1031",653122.061815464
"1032",412191.644238888
"1033",260613.551035112
"1034",702676.182278169
"1035",333914.518928502
"1036",654495.9222334
"1037",896486.990404045
"1038",370640.853940536
"1039",213736.948061729
"1040",347199.432129918
"1041",818330.511961791
"1042",662374.84187121
"1043",77357.7723228737
"1044",363386.149603735
"1045",275459.358656522
"1046",895406.930180401
"1047",401260.150606588
"1048",197766.893840072
"1049",172583.042049182
"1050",1145462.44379265
"1051",548340.877653503
"1052",295753.120365271
"1053",358176.167857035
"1054",505937.415339345
"1055",221982.771521792
"1056",402468.458102214
"1057",1017768.07122201
"1058",456891.357785396
"1059",751615.426857176
"1060",717865.576343959
"1061",742884.917913834
"1062",2076123.3399536
"1063",527995.535101699
"1064",204647.002357496
"1065",547471.070308089
"1066",202142.109728402
"1067",190854.280123587
"1068",484564.216176623
"1069",802372.75907565
"1070",830962.166063794
"1071",1681412.63585361
"1072",187463.842116082
"1073",222103.825551647
"1074",168027.174463446
"1075",268257.201560394
"1076",766475.34003458
"1077",199170.633423828
"1078",1002545.43670703
"1079",238606.683055111
"1080",194628.934195241
"1081",345092.919476481
"1082",277640.870923624
"1083",235737.089348583
"1084",274504.123465619
"1085",532817.890877376
"1086",213748.24894963
"1087",794495.443946234
"1088",656313.079350235
"1089",196373.017879004
"1090",431432.908811681
"1091",237425.954799312
"1092",371208.617388701
"1093",274402.564459252
"1094",501186.849174336
"1095",983310.60312396
"1096",441157.072297367
"1097",363641.648066988
"1098",170132.013807056
"1099",734766.058502935
"1100",164962.985449021
"1101",514614.052695238
"1102",305867.976705069
"1103",566360.267900595
"1104",431885.957056494
"1105",2352723.75891174
"1106",1930325.7678934
"1107",456369.129119982
"1108",303743.716417453
"1109",120636.36110322
"1110",1218864.31696687
"1111",366811.019675765
"1112",569108.802425932
"1113",652191.950662119
"1114",610635.511065042
"1115",82696.5195674508
"1116",645832.266738122
"1117",736381.508310684
"1118",238306.888284499
"1119",647995.558075493
"1120",1428736.75297478
"1121",2647002.50226182
"1122",687715.413427504
"1123",245037.170365696
"1124",1016884.95225169
"1125",253735.63596047
"1126",889247.434176985
"1127",158229.829974094
"1128",362284.961011587
"1129",651657.883289599
"1130",630031.404342369
"1131",757283.583995448
"1132",654492.934719325
"1133",260750.194557501
"1134",402432.677568217
"1135",471604.710732778
"1136",141549.782393941
"1137",904049.045964775
"1138",992231.028450276
"1139",387231.595514493
"1140",738335.653929171
"1141",180992.192602056
"1142",687581.751224263
"1143",298101.748016928
"1144",432714.070424657
"1145",539252.713402451
"1146",1772006.76296046
"1147",299478.587545267
"1148",150141.345312521
"1149",638693.507413358
"1150",946514.095128493
"1151",6132439.043566
"1152",489212.930734908
"1153",390206.224117634
"1154",437190.601332517
"1155",209241.9750619
"1156",362395.430968002
"1157",649881.360209334
"1158",142137.920394215
"1159",1078761.84991856
"1160",223795.506410189
"1161",433858.481104439
"1162",369127.013301729
"1163",1137934.68533331
"1164",328064.65300261
"1165",148337.966759914
"1166",428303.908844121
"1167",233602.56218419
"1168",155241.699790618
"1169",159719.851119961
"1170",377642.417113161
"1171",807602.642896924
"1172",897114.74426617
"1173",238711.085932672
"1174",1142592.19572659
"1175",483384.170852586
"1176",136656.572043925
"1177",2656999.81307823
"1178",516448.819760506
"1179",185868.916140488
"1180",249994.52152721
"1181",427445.452498329
"1182",931878.643646234
"1183",288065.084596709
"1184",156527.589884307
"1185",853141.398984295
"1186",296632.058108172
"1187",284750.502588153
"1188",314604.770268818
"1189",751549.490882692
"1190",163725.499599703
"1191",336982.252072757
"1192",902481.066809119
"1193",253517.845317319
"1194",322366.259756258
"1195",667482.264523375
"1196",236621.410613923
"1197",595275.818313704
"1198",775248.860854293
"1199",214663.919749392
"1200",532342.665081221
"1201",181984.85258203
"1202",1043509.74866969
"1203",345748.371332388
"1204",122382.987216665
"1205",390399.248711096
"1206",280184.62663893
"1207",1288152.75054479
"1208",131071.011889506
"1209",712700.494509547
"1210",150669.315365906
"1211",1339625.87733834
"1212",218113.368407151
"1213",241292.429731701
"1214",166372.073123782
"1215",1030205.54488957
"1216",293765.604338145
"1217",230829.248345045
"1218",154718.931843804
"1219",856412.5013383
"1220",1938686.43814384
"1221",531471.920169467
"1222",678489.03092936
"1223",503749.482645105
"1224",652039.359273813
"1225",288552.810905197
"1226",231514.115474256
"1227",173153.423928394
"1228",380667.412207215
"1229",416891.869935775
"1230",1381164.4861301
"1231",463227.5470066
"1232",459468.147843386
"1233",483629.14468766
"1234",278269.171993036
"1235",196423.950460217
"1236",155469.341221821
"1237",1408992.01278891
"1238",746349.586375571
"1239",409726.138792252
"1240",1445826.68539173
"1241",746171.132552091
"1242",145846.205012815
"1243",1581427.71331678
"1244",153286.189051594
"1245",294420.053818088
"1246",202625.802343638
"1247",199776.714420456
"1248",102157.689529036
"1249",166547.097792734
"1250",255602.741510991
"1251",248759.267986819
"1252",410930.921254564
"1253",472500.195012798
"1254",410354.636376734
"1255",433384.915277392
"1256",249871.808289888
"1257",536130.841360025
"1258",262297.063063588
"1259",1360406.89823885
"1260",675692.779608459
"1261",493120.116479617
"1262",501983.837851703
"1263",84757.2407807098
"1264",590141.649503533
"1265",536828.502224783
"1266",4880003.42357395
"1267",9273451.01611356
"1268",193527.087884436
"1269",152452.960192527
"1270",828139.813129354
"1271",1578623.1007399
"1272",488432.185957653
"1273",231263.092404223
"1274",2012583.559872
"1275",686626.428514142
"1276",550440.948455586
"1277",238590.097700424
"1278",633494.040801098
"1279",184293.310930112
"1280",519608.595952944
"1281",848546.06467713
"1282",424168.811858225
"1283",125813.968677316
"1284",1749246.77640641
"1285",800282.387307335
"1286",336618.357632968
"1287",542637.066176155
"1288",694919.696158473
"1289",693826.839168286
"1290",315018.756588316
"1291",773198.773576214
"1292",361391.922863397
"1293",356912.347362717
"1294",515997.433719233
"1295",617928.186843317
"1296",352047.651362646
"1297",543631.468763023
"1298",86122.5011467221
"1299",371773.112015023
"1300",276643.04209501
"1301",293456.460375871
"1302",773824.3521128
"1303",382454.080806951
"1304",994855.931857667
"1305",494698.337758016
"1306",449817.982527755
"1307",267317.231566102
"1308",718883.241774925
"1309",147615.474389602
"1310",371130.552172851
"1311",849878.874648151
"1312",231587.398602722
"1313",363568.665336045
"1314",749867.81005729
"1315",222895.227026325
"1316",240911.230112998
"1317",359829.715461666
"1318",357932.607251195
"1319",642747.122229722
"1320",1724149.65149935
"1321",316583.651602113
"1322",678487.770828721
"1323",307610.712582179
"1324",1312376.18804451
"1325",803103.597937963
"1326",1027157.82245264
"1327",169730.802139964
"1328",476799.337999409
"1329",819713.522313412
"1330",437876.800906666
"1331",1805498.55216206
"1332",608113.196360672
"1333",501611.470751774
"1334",239412.419324277
"1335",636354.463119859
"1336",302023.29468281
"1337",1323848.00581971
"1338",157423.362715493
"1339",638463.814868903
"1340",388813.04903064
"1341",255872.422464285
"1342",556815.95094566
"1343",404648.919946994
"1344",650660.435666826
"1345",1450364.44751829
"1346",478580.293184961
"1347",504891.392365824
"1348",333253.140459746
"1349",429485.03974412
"1350",513970.168955651
"1351",339347.264011488
"1352",650198.179014655
"1353",615963.481834789
"1354",719616.440386962
"1355",165825.434944656
"1356",987270.331829733
"1357",478453.600198827
"1358",3156086.57903291
"1359",165660.30885157
"1360",2210382.05392848
"1361",336804.486358083
"1362",172613.57782675
"1363",847460.393668837
"1364",210945.687338241
"1365",537890.435007299
"1366",2655296.79314411
"1367",298537.759498355
"1368",685164.257797792
"1369",4862188.00717934
"1370",366065.736368922
"1371",860054.544053277
"1372",102814.048085531
"1373",949303.448128392
"1374",274017.230472737
"1375",144560.825701858
"1376",131171.570133607
"1377",767147.92364576
"1378",195552.93775819
"1379",300909.182007035
"1380",203809.982896061
"1381",895859.23899883
"1382",1132976.74994942
"1383",199865.144996904
"1384",452253.962966957
"1385",189151.024078554
"1386",454858.281080873
"1387",266432.449393326
"1388",394274.735765768
"1389",166056.386085345
"1390",386527.128025458
"1391",775117.967966331
"1392",128508.480647537
"1393",515254.121126895
"1394",1046681.37171726
"1395",344522.068976446
"1396",840184.27419529
"1397",313728.338616949
"1398",565538.065184222
"1399",242493.601839006
"1400",1575635.5979454
"1401",576455.67896492
"1402",672460.398660265
"1403",738670.23347177
"1404",236442.770787338
"1405",575569.303986807
"1406",570739.900236356
"1407",320151.84069874
"1408",550946.78159453
"1409",557523.024358325
"1410",361901.59898603
"1411",403498.755132261
"1412",494767.065496586
"1413",289631.331354199
"1414",340393.306543992
"1415",736045.301928736
"1416",857459.307274199
"1417",433731.031811442
"1418",603502.684314578
"1419",460955.586326925
"1420",200626.568891696
"1421",570795.178014419
"1422",502009.149265476
"1423",240689.795784004
"1424",807822.883059953
"1425",1853056.67031623
"1426",469434.153397087
"1427",794880.711817569
"1428",2972184.55084294
"1429",791121.556224958
"1430",838910.670640736
"1431",474917.121992397
"1432",553672.927413905
"1433",352862.737443318
"1434",741542.621064035
"1435",1232173.31863973
"1436",753712.403597393
"1437",227658.002644867
"1438",621461.549850417
"1439",192937.513256511
"1440",257470.325842231
"1441",154831.828978927
"1442",367808.856396528
"1443",94892.4991862801
"1444",440720.583732092
"1445",876340.922438456
"1446",571530.242142351
"1447",969174.5940992
"1448",336119.779606941
"1449",270345.716401851
"1450",1396265.65840013
"1451",287982.633679108
"1452",352357.853182737
"1453",570443.105023923
"1454",222027.211169352
"1455",230120.15666773
"1456",333396.138872685
"1457",586574.493961678
"1458",478203.313150062
"1459",317483.265035045
"1460",269444.183886834
"1461",1399921.88879335
"1462",98755.8763236865
"1463",325088.662936199
"1464",231403.968409586
"1465",494802.07147751
"1466",551440.687183056
"1467",652065.380723394
"1468",478545.649056901
"1469",790396.562762094
"1470",1044502.36254565
"1471",230406.345416844
"1472",913724.950431405
"1473",314947.880847002
"1474",153149.444038725
"1475",476926.568375967
"1476",407212.85193008
"1477",327145.994320628
"1478",254761.464370842
"1479",492914.088679371
"1480",179370.574980028
"1481",344504.922085257
"1482",952732.448980707
"1483",597056.294000437
"1484",854448.323857432
"1485",619137.304235482
"1486",154670.72214546
"1487",296272.691132403
"1488",892501.660035419
"1489",1333694.48396539
"1490",2329169.76320116
"1491",201284.600445755
"1492",580309.042404801
"1493",943397.44538712
"1494",382601.285211707
"1495",659865.195946695
"1496",194216.540506125
"1497",501474.173500562
"1498",365666.356537309
"1499",213396.044620244
"1500",3232467.34096887
"1501",207872.808344631
"1502",414984.98938204
"1503",2061243.30878632
"1504",238487.394417952
"1505",167123.14870999
"1506",367161.95260545
"1507",1103400.44543311
"1508",336720.727565195
"1509",642873.622168368
"1510",529482.279047389
"1511",425946.25018593
"1512",298495.300087125
"1513",231485.457852138
"1514",207090.525588696
"1515",1336936.4892238
"1516",338213.617617448
"1517",490669.054274449
"1518",493456.254461125
"1519",391404.626850687
"1520",562396.306117024
"1521",1022224.09623582
"1522",208818.713255971
"1523",157765.489338278
"1524",909302.700665644
"1525",849992.425726102
"1526",120735.583973176
"1527",261597.500850657
"1528",739392.361321865
"1529",290860.827857306
"1530",221484.944992562
"1531",165239.210752852
"1532",394722.596936935
"1533",1592106.61550083
"1534",402993.953961713
"1535",241130.939410092
"1536",652132.18183682
"1537",331451.908229392
"1538",366785.453830465
"1539",320469.991887998
"1540",517416.972602188
"1541",1198412.69064618
"1542",860664.26255274
"1543",573989.452105414
"1544",141666.354308906
"1545",241821.317877496
"1546",3985484.30391558
"1547",722634.758386205
"1548",401795.368712164
"1549",345212.658016188
"1550",527662.988901175
"1551",413762.747709631
"1552",244989.602833325
"1553",100186.502971789
"1554",373104.019943513
"1555",128935.444543801
"1556",4347698.08776573
"1557",1043376.90573789
"1558",446192.334975565
"1559",242816.276605422
"1560",311686.970460133
"1561",380068.763894218
"1562",230160.09618594
"1563",372382.223930557
"1564",426934.294475272
"1565",1444424.25769432
"1566",1491894.23617125
"1567",749962.759154553
"1568",462668.585615123
"1569",1388973.66945286
"1570",2191101.75513694
"1571",586850.913107556
"1572",216130.717578229
"1573",470936.090500302
"1574",352125.768972617
"1575",674824.837341687
"1576",500681.058166744
"1577",413226.701373742
"1578",600432.770620209
"1579",500855.32236348
"1580",183672.770792984
"1581",279822.240758154
"1582",356953.063302912
"1583",182207.300522474
"1584",356298.81100143
"1585",1860220.44316398
"1586",110581.146942873
"1587",376789.857280808
"1588",3023925.73873232
"1589",251510.480893831
"1590",187858.03522367
"1591",323313.636908267
"1592",413405.315125341
"1593",202270.158303737
"1594",466005.516874388
"1595",167581.019624931
"1596",222903.984060659
"1597",186735.364555071
"1598",1779232.40643392
"1599",555604.466662424
"1600",494966.053555649
"1601",130974.735853758
"1602",243214.942773308
"1603",130162.02331492
"1604",220469.736964484
"1605",260028.488300355
"1606",897379.439883475
"1607",692211.590155141
"1608",191084.017843037
"1609",522725.362716958
"1610",237656.551203955
"1611",829939.65401304
"1612",278335.003315619
"1613",146218.616654886
"1614",257154.367099716
"1615",669528.245147927
"1616",130474.747686049
"1617",275456.222803636
"1618",1253803.07326444
"1619",621356.154898519
"1620",222581.858759773
"1621",129141.6075533
"1622",579925.871900133
"1623",237013.989348542
"1624",233662.339906862
"1625",354516.04333836
"1626",257090.923455385
"1627",214437.064301806
"1628",429372.897824062
"1629",653103.087406294
"1630",1037085.08596773
"1631",2107041.06809313
"1632",156921.931014854
"1633",1160482.04816846
"1634",800995.55699471
"1635",349675.793548122
"1636",180614.475769154
"1637",186744.395700302
"1638",369320.240698995
"1639",542069.022717053
"1640",551395.693444619
"1641",1687616.17741486
"1642",305962.552756897
"1643",590660.142684172
"1644",1095351.12509926
"1645",267780.738199153
"1646",486746.264647084
"1647",171284.095560191
"1648",1728280.45926959
"1649",297484.489414808
"1650",212748.218620075
"1651",213556.91532939
"1652",571600.688559277
"1653",156719.006663796
"1654",591511.666919087
"1655",366735.998233835
"1656",467221.716827205
"1657",243699.726438357
"1658",1825241.12227731
"1659",230416.092529656
"1660",326595.263304088
"1661",217271.499304873
"1662",263405.201388918
"1663",132355.085267714
"1664",427587.93078298
"1665",881549.182320381
"1666",614491.640648216
"1667",580479.388661099
"1668",435285.123772166
"1669",440486.215328533
"1670",1646508.44407022
"1671",178420.64019185
"1672",122819.965272966
"1673",729534.113271126
"1674",128069.519644131
"1675",298648.634781939
"1676",75739.1573918534
"1677",245527.57993815
"1678",1420516.0169069
"1679",252306.303462968
"1680",634046.278237096
"1681",340977.780738549
"1682",162000.660070516
"1683",443293.522308117
"1684",180752.347692158
"1685",272845.071586721
"1686",1193914.03139789
"1687",143561.885449583
"1688",536311.695888418
"1689",227097.030140336
"1690",167473.151734226
"1691",232523.425105201
"1692",244090.44737138
"1693",717686.720115534
"1694",180537.135954206
"1695",444839.337178587
"1696",310896.752913483
"1697",253585.687329115
"1698",1470604.78060839
"1699",227614.722084539
"1700",370185.101767619
"1701",466126.844343653
"1702",340390.415614282
"1703",228477.730593592
"1704",509725.842731459
"1705",319730.499070228
"1706",584834.289018924
"1707",811730.109182645
"1708",303956.900577825
"1709",576652.337210081
"1710",183542.649151642
"1711",524400.335855995
"1712",530303.083466157
"1713",535331.168248518
"1714",742894.01109792
"1715",880120.935946917
"1716",131572.62464299
"1717",569343.850352492
"1718",2031639.32525001
"1719",674340.798416921
"1720",146087.336624953
"1721",690010.987887144
"1722",1386659.73756434
"1723",291406.895708582
"1724",219951.655134994
"1725",1395808.80166916
"1726",602034.08226554
"1727",1250491.88051636
"1728",533550.236154945
"1729",640861.385653301
"1730",483820.79381005
"1731",304250.218474201
"1732",353111.335051008
"1733",246656.498339158
"1734",544662.751746927
"1735",802838.085831933
"1736",1114304.88217319
"1737",357864.051743151
"1738",1100004.10439855
"1739",207294.09258097
"1740",201625.910198466
"1741",233573.263684051
"1742",228305.46027198
"1743",161167.267907685
"1744",126830.776252245
"1745",373582.082339672
"1746",304900.491356881
"1747",1709712.52875818
"1748",415438.653628669
"1749",213573.263187398
"1750",198999.40924432
"1751",266041.371246686
"1752",1688153.59142233
"1753",231489.419196263
"1754",748468.587269332
"1755",324710.375468044
"1756",907355.957709958
"1757",414777.302002643
"1758",367115.042142186
"1759",732387.694913069
"1760",511709.554353176
"1761",1002714.22065829
"1762",1372017.81546188
"1763",426237.893431178
"1764",260134.195337298
"1765",485132.430888826
"1766",1398833.78342419
"1767",610921.92256928
"1768",1010088.37565518
"1769",315206.669288086
"1770",350864.349647183
"1771",163098.044209865
"1772",349291.45458219
"1773",273960.198837385
"1774",301341.735956596
"1775",937400.570535845
"1776",202147.268315945
"1777",669795.451325764
"1778",461010.555121746
"1779",198062.565753639
"1780",416123.562730618
"1781",689590.649225854
"1782",345535.844190089
"1783",992871.777462307
"1784",345445.299310657
"1785",1411693.00080484
"1786",1173207.19133237
"1787",349666.716809866
"1788",2031294.57322832
"1789",357398.669297079
"1790",503295.296986343
"1791",934172.556681379
"1792",1206395.9248066
"1793",354379.781675882
"1794",161487.182629184
"1795",533961.336683215
"1796",1384050.36729694
"1797",308414.341713929
"1798",244875.837486359
"1799",185076.652583091
"1800",1313641.60333587
"1801",238357.006893856
"1802",131547.580641745
"1803",674809.268250408
"1804",408643.672928379
"1805",354760.304387353
"1806",1523002.5298617
"1807",955670.046405504
"1808",797712.12320789
"1809",173141.019994962
"1810",594029.136874944
"1811",827250.993706517
"1812",248881.728717767
"1813",1282756.79600573
"1814",2780407.39556589
"1815",9053711.31651093
"1816",167882.813582401
"1817",680100.29172376
"1818",689103.493186482
"1819",136161.217192716
"1820",695921.003981298
"1821",525802.356814272
"1822",568278.264943131
"1823",288949.722479073
"1824",226608.735083517
"1825",1772960.86694107
"1826",339784.727433517
"1827",1060550.01003059
"1828",92725.9418754227
"1829",443335.06957305
"1830",289511.356625311
"1831",963008.629499544
"1832",149264.100376532
"1833",184841.981529528
"1834",284901.835051863
"1835",321870.751009978
"1836",282804.844950624
"1837",942673.216591539
"1838",585509.345859174
"1839",179240.453089014
"1840",842681.24844111
"1841",157649.469549784
"1842",219214.664097267
"1843",297200.099222498
"1844",388023.709527989
"1845",1277446.00652572
"1846",415711.12810724
"1847",788168.675467261
"1848",275835.211271195
"1849",142688.081484549
"1850",259410.112040375
"1851",255373.519011036
"1852",255123.59238376
"1853",393796.165603382
"1854",1146008.67936009
"1855",671466.707179101
"1856",323594.109759013
"1857",209311.396426002
"1858",178365.112530178
"1859",205930.173048202
"1860",443447.070777943
"1861",1152059.21928984
"1862",1248357.00016759
"1863",151897.070868816
"1864",206756.925796227
"1865",322063.698604925
"1866",502676.448245071
"1867",232307.3044173
"1868",405400.832720936
"1869",176852.564873943
"1870",534852.038107639
"1871",755943.351030427
"1872",304130.685951437
"1873",1283216.18208098
"1874",150312.80781217
"1875",529280.985747
"1876",265734.474062823
"1877",148783.457749942
"1878",362361.127329685
"1879",382267.298388841
"1880",559038.452535889
"1881",2209493.6173156
"1882",880799.294812788
"1883",565786.621174372
"1884",396438.694448537
"1885",408464.690706799
"1886",134558.427917128
"1887",228445.220740985
"1888",1063558.57223529
"1889",932508.257447667
"1890",128899.095281239
"1891",268432.969011788
"1892",1185176.59538187
"1893",377571.58920345
"1894",226194.848429821
"1895",646997.228300836
"1896",229051.805243462
"1897",1031625.62802197
"1898",210184.183842105
"1899",449333.11906599
"1900",754395.635468802
"1901",336354.196307222
"1902",2068693.31595376
"1903",237854.533106789
"1904",1151818.23551197
"1905",426405.033937006
"1906",375692.187618744
"1907",1117024.68637028
"1908",287524.57981608
"1909",270105.831090349
"1910",630976.337995292
"1911",843803.746414856
"1912",181817.806778682
"1913",3286670.8768991
"1914",902857.362977764
"1915",258495.899275798
"1916",131630.230050477
"1917",517603.823867562
"1918",580092.818817586
"1919",527277.581354475
"1920",1038201.40322057
"1921",921212.284556224
"1922",804769.813633324
"1923",124331.519383098
"1924",661530.270946539
"1925",1112137.66128713
"1926",746152.582828706
"1927",205848.929383241
"1928",217061.199284807
"1929",584048.152070108
"1930",298935.918691803
"1931",699511.662769774
"1932",308578.526543861
"1933",271358.679037334
"1934",1151912.02745158
"1935",1620524.27824732
"1936",1563016.97745286
"1937",580891.51636647
"1938",236444.241824109
"1939",503635.214471142
"1940",101905.599127958
"1941",474421.087531029
"1942",234195.990323066
"1943",515594.274118692
"1944",498729.680539953
"1945",222607.519169063
"1946",1003364.65712103
"1947",195670.208220439
"1948",887728.841373869
"1949",463437.090451071
"1950",1039924.38901636
"1951",239531.433937939
"1952",894635.21998857
"1953",853756.086816221
"1954",1752136.63299172
"1955",466246.305746852
"1956",385633.319365513
"1957",206320.903910606
"1958",155146.085376475
"1959",2064012.06283599
"1960",473396.765236193
"1961",188185.796844272
"1962",1110905.5806573
"1963",233372.737683371
"1964",146654.571640649
"1965",985664.545660613
"1966",1133296.00041443
"1967",859663.5209424
"1968",403643.216982162
"1969",608143.241997142
"1970",448763.518573147
"1971",442491.477769525
"1972",320335.025495572
"1973",303563.754606567
"1974",732160.383811882
"1975",185726.95503661
"1976",220019.014217834
"1977",213401.92375253
"1978",525663.961803605
"1979",678453.587498214
"1980",1351414.30873457
"1981",722629.414283553
"1982",591562.517053744
"1983",131205.569340045
"1984",381342.736260813
"1985",252205.922017185
"1986",837571.419594303
"1987",720221.993839772
"1988",583888.150641689
"1989",553279.981648889
"1990",837390.182742944
"1991",315380.714932162
"1992",213861.548102925
"1993",1549548.53585313
"1994",446563.239104203
"1995",1401444.89084701
"1996",671524.0273388
"1997",1474906.24232216
"1998",549269.881288701
"1999",219499.036694156
"2000",260854.090236148
"2001",605706.431347021
"2002",196702.754166428
"2003",790999.562202445
"2004",717016.742266932
"2005",511221.6705713
"2006",477440.935414042
"2007",537590.68243954
"2008",735530.26258588
"2009",1345790.3700331
"2010",495285.345147823
"2011",177638.284921367
"2012",436433.960759666
"2013",519360.903401673
"2014",408142.896200234
"2015",83571.8313831137
"2016",860803.407708479
"2017",374789.289089776
"2018",514097.324605301
"2019",226884.380031924
"2020",311307.337280207
"2021",384769.27337748
"2022",332710.771896504
"2023",278625.265559753
"2024",630939.438040945
"2025",302680.02606773
"2026",287607.183261921
"2027",322279.925619015
"2028",437128.797645962
"2029",194180.814412889
"2030",506626.07198818
"2031",446531.836674846
"2032",341218.894467474
"2033",607716.889132534
"2034",1090539.56568016
"2035",300853.021473468
"2036",779794.413302627
"2037",378819.648111188
"2038",330022.704903373
"2039",563465.290926107
"2040",329171.261080264
"2041",509406.479289235
"2042",652613.154281472
"2043",889196.436831651
"2044",3252307.42809257
"2045",748468.902278411
"2046",180715.791480706
"2047",1407466.46553574
"2048",352419.303949457
"2049",188373.295727661
"2050",891067.231375552
"2051",983781.46136277
"2052",1054063.30634145
"2053",388995.213513041
"2054",870783.748935251
"2055",841874.963829471
"2056",275608.57082772
"2057",437973.659399156
"2058",3786600.20610247
"2059",806527.866465644
"2060",747896.643099135
"2061",315580.399202082
"2062",415895.514924153
"2063",193480.541721517
"2064",1327941.17253691
"2065",270770.635476296
"2066",706458.716921237
"2067",326425.497080013
"2068",2569677.3819565
"2069",575087.085767789
"2070",1762854.02230897
"2071",298199.077631008
"2072",707563.528730481
"2073",307421.907168952
"2074",279839.711215543
"2075",122765.604449523
"2076",537568.467623569
"2077",246216.632966662
"2078",289659.863369425
"2079",1269500.84012868
"2080",540409.972027592
"2081",222435.265830357
"2082",1011501.63931921
"2083",317557.927970786
"2084",630097.3814264
"2085",770268.373798443
"2086",628123.810190154
"2087",988208.690662734
"2088",462040.750923362
"2089",492128.950352304
"2090",186016.63433775
"2091",315312.959776691
"2092",634145.443100078
"2093",372871.047498514
"2094",296561.754464469
"2095",275830.105297487
"2096",345590.175096049
"2097",449251.904330305
"2098",453768.295867139
"2099",566893.443002678
"2100",215471.418813273
"2101",341147.704743029
"2102",489244.906483934
"2103",709245.902861485
"2104",134783.904169125
"2105",113099.253863941
"2106",440271.763787921
"2107",110882.078791169
"2108",476941.018346695
"2109",1229326.30401409
"2110",204062.290153621
"2111",636351.797532234
"2112",554087.554511395
"2113",576024.645341276
"2114",407644.661603259
"2115",888753.081925111
"2116",2482894.66789061
"2117",241435.536252133
"2118",294725.112745025
"2119",437837.986863511
"2120",424250.78684208
"2121",1455492.15732765
"2122",1019129.26934882
"2123",1530914.91510162
"2124",685029.760078804
"2125",412750.220575139
"2126",398650.701893095
"2127",323331.758354171
"2128",493819.904667428
"2129",461814.556120562
"2130",188573.386446576
"2131",412328.047895033
"2132",827564.350456543
"2133",258336.896001164
"2134",298559.961984443
"2135",273311.241266784
"2136",461481.770058222
"2137",338488.175917544
"2138",462251.589109163
"2139",1908404.23736773
"2140",85254.0118841231
"2141",3004444.30314194
"2142",960954.153900824
"2143",805864.91858539
"2144",567476.295111124
"2145",483612.109141441
"2146",150535.199764164
"2147",340165.300729416
"2148",707331.0317997
"2149",261636.374403385
"2150",1141032.64449496
"2151",456691.855444794
"2152",2301878.27989198
"2153",786923.783196684
"2154",441578.871701226
"2155",1391084.5042064
"2156",282769.690273864
"2157",636502.418638422
"2158",248780.692081057
"2159",176977.125292747
"2160",1153454.4432871
"2161",387472.745398728
"2162",895993.68802718
"2163",360659.054312421
"2164",257351.930985986
"2165",1125321.85349872
"2166",1282013.29610856
"2167",377020.423015913
"2168",283078.437857347
"2169",233546.78203934
"2170",252997.162372116
"2171",910522.689398346
"2172",409361.572732635
"2173",257378.530117872
"2174",505356.057693525
"2175",718581.343884948
"2176",382541.336610181
"2177",585413.357731503
"2178",134698.434925089
"2179",129818.30113666
"2180",217525.60618155
"2181",1202133.67367188
"2182",721769.161648334
"2183",589183.824672985
"2184",591055.777539067
"2185",187554.968562257
"2186",170192.248338161
"2187",967030.366244394
"2188",425565.803796395
"2189",562742.363623718
"2190",172486.087937031
"2191",307205.503958141
"2192",490899.277122283
"2193",1527261.43878284
"2194",215256.66052763
"2195",1654871.74948343
"2196",282179.11497026
"2197",1884616.8340181
"2198",697905.34500884
"2199",961275.511562471
"2200",281035.39773957
"2201",206479.214903067
"2202",338002.06577581
"2203",134438.700813924
"2204",285018.375974712
"2205",231844.331686474
"2206",172398.372845784
"2207",702156.415964481
"2208",144664.85781074
"2209",418509.278109655
"2210",925344.99774605
"2211",3529652.81505271
"2212",153940.058853811
"2213",546779.20696692
"2214",916157.43397184
"2215",199149.767094495
"2216",248155.730296529
"2217",744423.613676039
"2218",184491.70291347
"2219",273485.08784014
"2220",538127.297442041
"2221",556604.763961597
"2222",322715.638826184
"2223",524242.686810594
"2224",330313.987741589
"2225",1638576.41889516
"2226",216739.457051668
"2227",319998.703702238
"2228",648269.122158871
"2229",136550.831520255
"2230",675308.383614313
"2231",452666.232855951
"2232",730785.999580523
"2233",417961.32154046
"2234",1179036.26437518
"2235",1131979.1582121
"2236",642553.524222421
"2237",219118.259073746
"2238",1400390.78309008
"2239",643201.511980218
"2240",385914.358867202
"2241",116380.291710186
"2242",270236.055764389
"2243",770531.861218022
"2244",185278.658043387
"2245",130671.628003492
"2246",210509.826338304
"2247",304023.591985887
"2248",711103.930498613
"2249",971769.599160658
"2250",540366.688287061
"2251",129302.258633455
"2252",654994.850911217
"2253",2156813.2345345
"2254",192785.877217966
"2255",101985.051571413
"2256",1284580.26611064
"2257",1008534.26055001
"2258",897056.507546902
"2259",670827.058618239
"2260",243619.738352754
"2261",165087.331216254
"2262",478812.903697142
"2263",627396.855818505
"2264",1088379.50840376
"2265",394619.756888897
"2266",519633.872343358
"2267",243242.922986899
"2268",397828.952191655
"2269",315346.662235953
"2270",139142.538024561
"2271",180524.123514552
"2272",176425.675911438
"2273",858712.944071673
"2274",550266.848888655
"2275",1293410.03316256
"2276",667225.350105737
"2277",641993.316115311
"2278",798726.386039149
"2279",252285.60300519
"2280",238825.93653155
"2281",334734.526917097
"2282",384347.455463955
"2283",945595.07453924
"2284",175969.763874782
"2285",149758.595058778
"2286",505600.930108468
"2287",192977.000058989
"2288",228534.905287344
"2289",3157432.70020707
"2290",462654.846808776
"2291",87985.8238459853
"2292",338528.966269911
"2293",185528.310255209
"2294",1554991.36751926
"2295",293362.272014789
"2296",1083413.0710478
"2297",170288.884936296
"2298",170288.884936296
"2299",196791.198239693
"2300",348776.246755711
"2301",1554039.49892628
"2302",575449.613292707
"2303",343564.203203758
"2304",216404.171041511
"2305",255606.484320269
"2306",365130.021053284
"2307",167790.382698748
"2308",768201.455511457
"2309",266718.724559268
"2310",850011.459421143
"2311",299954.397271954
"2312",1040314.71468866
"2313",436517.169140723
"2314",988841.898598076
"2315",504045.293716647
"2316",218693.565099549
"2317",709243.872648872
"2318",1243554.6400917
"2319",327427.16512755
"2320",127829.539464039
"2321",376279.322030596
"2322",405953.548593615
"2323",181446.782766968
"2324",666301.581005444
"2325",378198.654238283
"2326",693145.94509329
"2327",446799.747077278
"2328",1300235.76072441
"2329",1837077.57734814
"2330",535208.423684038
"2331",889306.533228112
"2332",1128478.15354703
"2333",164630.016028058
"2334",873456.172924032
"2335",402886.963597346
"2336",297043.219857024
"2337",1007134.63026932
"2338",592872.391169849
"2339",1394660.00934295
"2340",183114.44311222
"2341",693473.131043678
"2342",490470.757532331
"2343",366577.915969233
"2344",1955256.71724836
"2345",156732.125118345
"2346",649346.756972255
"2347",1783875.4621326
"2348",790670.966808447
"2349",267055.590772991
"2350",636324.085070856
"2351",758311.026304635
"2352",1545360.96280551
"2353",770984.464467239
"2354",323013.304096925
"2355",873579.485192296
"2356",327332.496240131
"2357",743591.766672556
"2358",294944.403502107
"2359",181733.893376195
"2360",954183.231256028
"2361",1070766.71896244
"2362",466527.20344127
"2363",444515.495228402
"2364",213604.94273675
"2365",307400.688947538
"2366",400013.856958381
"2367",175357.931003663
"2368",387558.062049011
"2369",129561.831527245
"2370",789881.839571179
"2371",719484.343494508
"2372",967557.092937996
"2373",294653.227355777
"2374",661879.855929004
"2375",436030.568592892
"2376",3958550.65934132
"2377",471098.289434201
"2378",2265864.76885079
"2379",1115278.19568518
"2380",261636.273269021
"2381",1441095.82335774
"2382",498862.297443967
"2383",142539.330215679
"2384",196368.506193263
"2385",1611043.00461511
"2386",251397.193499903
"2387",776583.640337445
"2388",73838.9968721481
"2389",695648.121971631
"2390",414948.878972799
"2391",382427.467753552
"2392",659548.98994471
"2393",632760.364456828
"2394",163830.539636794
"2395",282635.003907931
"2396",543258.179795993
"2397",269365.469493121
"2398",1581630.51979508
"2399",719095.757007941
"2400",253898.144338697
"2401",514191.758346287
"2402",281225.030414334
"2403",249270.207408852
"2404",2020653.82138063
"2405",418173.280280393
"2406",1752780.00413104
"2407",214790.951663445
"2408",1850212.7134561
"2409",1161955.08135549
"2410",393585.140773795
"2411",1356795.94412205
"2412",1172821.44887957
"2413",214036.500164649
"2414",433083.84977054
"2415",310332.093988964
"2416",592584.7660893
"2417",532156.27807732
"2418",2852259.55976655
"2419",302381.394831122
"2420",454603.638189516
"2421",903155.777955249
"2422",225372.028254242
"2423",154323.324632704
"2424",115763.211545283
"2425",197453.698464207
"2426",219285.59404151
"2427",1408639.22330134
"2428",797742.383464995
"2429",815159.041086027
"2430",758913.867799143
"2431",153223.355372679
"2432",1013647.34763559
"2433",493158.234246927
"2434",669518.234415525
"2435",242315.212762294
"2436",212264.14981257
"2437",1403256.34914331
"2438",2370653.84886084
"2439",1064039.76050913
"2440",276656.409690648
"2441",508662.411798945
"2442",194716.724022968
"2443",120127.323757047
"2444",426314.981613819
"2445",634304.624670948
"2446",1236530.7865154
"2447",204723.2016833
"2448",817145.92479691
"2449",344479.941331562
"2450",247462.01869859
"2451",514507.801675412
"2452",315148.37485246
"2453",348764.445359581
"2454",732660.529230694
"2455",198090.35532001
"2456",724781.187627938
"2457",228437.748110489
"2458",644947.733253365
"2459",429854.86082249
"2460",847715.065707049
"2461",3067909.11167888
"2462",378912.278456267
"2463",626983.722325477
"2464",613271.012801904
"2465",299503.727049558
"2466",493889.336208321
"2467",209393.172722016
"2468",1094170.05731347
"2469",1991956.06225949
"2470",1289979.76724622
"2471",215974.062397141
"2472",429876.864162817
"2473",438842.6001007
"2474",647812.56273262
"2475",288345.18379907
"2476",347990.407289578
"2477",445115.672860619
"2478",2137163.67444574
"2479",769180.21834175
"2480",209863.324412091
"2481",253602.998287454
"2482",550115.863199718
"2483",360905.897632872
"2484",288720.53393574
"2485",222685.86423699
"2486",451729.6572257
"2487",205315.832738483
"2488",283238.67796027
"2489",214367.066271635
"2490",561687.200095181
"2491",420348.351174213
"2492",1151136.28378532
"2493",109677.628128373
"2494",200706.883443738
"2495",592361.355669274
"2496",315205.999595333
"2497",969842.763637583
"2498",1229360.54193677
"2499",145272.362495606
"2500",769900.74836129
"2501",244734.106072467
"2502",1450560.33060316
"2503",174306.003306835
"2504",429287.658054732
"2505",373422.18922373
"2506",633026.284109145
"2507",216006.066620914
"2508",6095906.65778811
"2509",395910.47834573
"2510",535902.500200768
"2511",126909.512753258
"2512",289744.602402983
"2513",678937.572846374
"2514",276197.464120754
"2515",307543.676382155
"2516",345614.106111315
"2517",151795.82668748
"2518",272797.851751196
"2519",504381.036767062
"2520",503039.457935411
"2521",254059.371994205
"2522",794605.459737156
"2523",148851.854828906
"2524",530998.451430188
"2525",693846.061589283
"2526",369163.140752133
"2527",284466.017150976
"2528",513072.290327713
"2529",252581.158518843
"2530",366069.073703873
"2531",499970.478210672
"2532",602129.471179258
"2533",201181.944319205
"2534",2142759.64934991
"2535",840242.102297119
"2536",488627.411197141
"2537",328319.698034605
"2538",1243925.80513135
"2539",643665.798532899
"2540",341021.908168947
"2541",2046794.9764271
"2542",1873033.57595851
"2543",875173.471368471
"2544",368416.950581811
"2545",255944.386830685
"2546",744619.219414362
"2547",209547.731542925
"2548",1178566.49498179
"2549",449014.851819608
"2550",390305.591553586
"2551",337650.029079621
"2552",184277.598932736
"2553",761697.802042069
"2554",313093.20682382
"2555",356615.18859197
"2556",347319.628517071
"2557",406709.139878064
"2558",194907.968577289
"2559",371851.126081442
"2560",265782.75943981
"2561",437687.69221005
"2562",192431.275449718
"2563",514784.707473372
"2564",689115.295089221
"2565",1151821.14639033
"2566",360883.476232574
"2567",1136287.63443373
"2568",853221.808969047
"2569",505189.508360647
"2570",417381.171631508
"2571",504839.515637746
"2572",271687.971759051
"2573",580124.857713421
"2574",477595.172028283
"2575",3011457.87928782
"2576",239291.822975457
"2577",902809.685589148
"2578",495848.506162379
"2579",937364.283297128
"2580",330390.370041456
"2581",1733178.94716877
"2582",182185.777180158
"2583",226097.775311295
"2584",328420.014877878
"2585",332285.894758005
"2586",529422.329005941
"2587",993410.034673366
"2588",232583.922571187
"2589",310860.673394761
"2590",336587.32510641
"2591",607637.566832056
"2592",206230.032144556
"2593",230880.145518205
"2594",740498.755713209
"2595",535889.875205866
"2596",1129575.24160255
"2597",293445.643170638
"2598",471677.899492946
"2599",1104043.82522862
"2600",512541.210848004
"2601",156895.800316583
"2602",234387.482368113
"2603",800863.550974265
"2604",227983.40899384
"2605",149980.005945682
"2606",858006.357211226
"2607",1008631.61876338
"2608",223757.754591428
"2609",684376.37046605
"2610",950116.987773101
"2611",689739.655170142
"2612",136628.876790711
"2613",339311.890370632
"2614",298669.040180319
"2615",991405.47511773
"2616",829622.843006985
"2617",572237.258896134
"2618",1928513.8969155
"2619",540090.25280415
"2620",415193.94301912
"2621",754079.799479202
"2622",513375.006327145
"2623",1257893.43448705
"2624",701770.108481034
"2625",195568.791789804
"2626",897516.879032174
"2627",252284.136596604
"2628",1035753.57935139
"2629",462045.037301704
"2630",224543.479149419
"2631",298264.800243597
"2632",470074.201468134
"2633",221484.241036858
"2634",428167.480516737
"2635",2846985.43861425
"2636",217462.104784445
"2637",992719.210972532
"2638",333455.389876435
"2639",646787.876330397
"2640",356546.95277748
"2641",2496492.76629137
"2642",239874.308615715
"2643",1620435.26577548
"2644",1565504.49243756
"2645",717298.639477803
"2646",650992.564892667
"2647",276907.038467088
"2648",206548.316013281
"2649",1133085.54342521
"2650",2645668.971421
"2651",488256.911617943
"2652",663153.280042332
"2653",117225.278333973
"2654",2488868.20366567
"2655",1762070.89457118
"2656",447016.011386961
"2657",449038.156224616
"2658",312385.307917127
"2659",895161.400169473
"2660",209026.971045754
"2661",280844.49021401
"2662",396279.404629326
"2663",673171.116378585
"2664",514805.186954252
"2665",389414.755389273
"2666",547873.202305289
"2667",246114.814722394
"2668",974003.763137752
"2669",157542.364490798
"2670",257128.512508943
"2671",488831.879878178
"2672",558938.120990227
"2673",1091748.55874392
"2674",147879.087679848
"2675",1018162.20118695
"2676",246305.594352619
"2677",1195261.21384514
"2678",465899.08396855
"2679",675588.769252572
"2680",82393.5360602833
"2681",115820.439515972
"2682",131085.599577275
"2683",217798.203605369
"2684",472250.313682033
"2685",1518554.06872381
"2686",813104.289393866
"2687",647298.908229525
"2688",1572372.72654086
"2689",303029.789944693
"2690",325926.141893806
"2691",676612.865580097
"2692",459929.759045835
"2693",435042.811665828
"2694",509480.440215946
"2695",289780.039348141
"2696",336856.926126077
"2697",2615597.86090991
"2698",619883.431194278
"2699",405615.539067726
"2700",311098.784303923
"2701",729053.064105593
"2702",772438.007670969
"2703",719219.459039422
"2704",558054.240883601
"2705",392643.823762101
"2706",452913.892837779
"2707",324280.378265543
"2708",802407.336475361
"2709",349266.096031804
"2710",540032.317594924
"2711",314316.165133159
"2712",660882.244570286
"2713",227385.453166894
"2714",886520.457682445
"2715",1545417.26276089
"2716",979207.764749272
"2717",3914003.85571579
"2718",832387.108640188
"2719",117896.884643389
"2720",255689.118047854
"2721",186694.364280677
"2722",302668.404682603
"2723",5353738.39667175
"2724",356052.535420586
"2725",671354.489616262
"2726",434895.488688503
"2727",156572.772044354
"2728",1028275.71727168
"2729",146804.044348084
"2730",237786.72807329
"2731",347751.446457518
"2732",246730.747770516
"2733",714267.898526952
"2734",88676.471083199
"2735",303002.134049994
"2736",640254.94321669
"2737",127462.022556887
"2738",178455.28326462
"2739",363210.841579817
"2740",225412.103823083
"2741",251044.308415235
"2742",387662.324390308
"2743",325979.345833342
"2744",150797.940546438
"2745",204135.51354245
"2746",442728.698167079
"2747",562424.861459335
"2748",160103.797175229
"2749",154879.690340798
"2750",252188.998729009
"2751",149029.361437994
"2752",203047.058890498
"2753",650376.803029485
"2754",473000.972117552
"2755",473000.972117552
"2756",179245.039010343
"2757",1016112.53926476
"2758",928686.774688946
"2759",4480021.30429171
"2760",508515.71412103
"2761",146409.104208418
"2762",919165.145566943
"2763",496114.274248944
"2764",156515.191631493
"2765",229075.083758624
"2766",131567.867450906
"2767",1093686.45839172
"2768",913446.736978579
"2769",453212.209488403
"2770",82384.5885737867
"2771",303293.868855224
"2772",192572.951538773
"2773",749816.594454064
"2774",354186.512103177
"2775",118686.865457232
"2776",530208.638588047
"2777",806033.328120728
"2778",138685.649150018
"2779",187511.779516929
"2780",986851.753055758
"2781",1399396.99819417
"2782",538265.871225655
"2783",395011.601603313
"2784",176329.910525496
"2785",276222.565914037
"2786",285036.890125227
"2787",708202.643889356
"2788",1603959.64967234
"2789",1362245.81402515
"2790",537690.020302732
"2791",425905.78993513
"2792",235623.412882301
"2793",651903.457243192
"2794",695495.213769311
"2795",439625.386027451
"2796",591646.828516682
"2797",406305.628970916
"2798",176647.641026692
"2799",117508.919932654
"2800",788804.343923154
"2801",103063.168176465
"2802",302876.282230441
"2803",763777.571307711
"2804",390962.082880183
"2805",254741.587996438
"2806",314300.997290542
"2807",169870.680701424
"2808",95791.4149670046
"2809",1097244.34240205
"2810",269462.784322022
"2811",343318.883224989
"2812",172079.420440855
"2813",250084.65245091
"2814",220910.927477633
"2815",219737.298237542
"2816",512550.978466178
"2817",746952.056131637
"2818",347537.98238738
"2819",740192.280287107
"2820",273264.226033979
"2821",2376347.92062769
"2822",830350.684444283
"2823",274690.586102174
"2824",644000.507901198
"2825",421343.230083306
"2826",327222.244838735
"2827",139675.467934293
"2828",319895.051229272
"2829",1780980.19898166
"2830",101485.83978321
"2831",128008.196748532
"2832",299432.336246616
"2833",841829.753809331
"2834",387063.506769673
"2835",190625.588894326
"2836",768618.220939097
"2837",492112.732726264
"2838",209049.300722974
"2839",673927.363328228
"2840",212551.126612724
"2841",628145.141824197
"2842",656378.119693488
"2843",224167.331426954
"2844",513266.833504564
"2845",549194.857395253
"2846",632690.911783801
"2847",361065.793664899
"2848",171674.741168092
"2849",298709.900247476
"2850",735617.910353994
"2851",556115.733849429
"2852",626539.989942487
"2853",854497.587608851
"2854",156492.171237908
"2855",276854.277566848
"2856",1528973.60274075
"2857",271012.540109065
"2858",1737257.00511655
"2859",237911.208764133
"2860",1110834.20210882
"2861",118388.503417618
"2862",660840.914634488
"2863",652358.590187493
"2864",187206.550982628
"2865",193835.50071633
"2866",273198.733155748
"2867",230143.364445327
"2868",920490.668257022
"2869",531613.226193129
"2870",948802.501711054
"2871",641579.56676756
"2872",322298.961887053
"2873",606829.397034074
"2874",947236.016910952
"2875",1205688.96308903
"2876",234065.2906158
"2877",570968.163623534
"2878",78862.1579512417
"2879",922379.390527633
"2880",3626059.17761024
"2881",842339.311093218
"2882",376942.879014728
"2883",1241302.5870037
"2884",309506.191522505
"2885",886361.86862712
"2886",565504.137923657
"2887",3819969.90459674
"2888",417719.559399069
"2889",1313842.78971696
"2890",132711.133733783
"2891",689820.718828836
"2892",173029.005613122
"2893",650742.971145505
"2894",996046.454636496
"2895",287504.925708615
"2896",391405.496503288
"2897",224332.186312584
"2898",1359165.33758038
"2899",1039852.20632034
"2900",429649.463463151
"2901",250926.499355119
"2902",458331.996109621
"2903",1165103.45978507
"2904",824563.384054429
"2905",1550743.8224759
"2906",143045.671037149
"2907",303174.291567063
"2908",510031.881251414
"2909",282801.943200165
"2910",266209.954922755
"2911",2377618.78351724
"2912",220945.089144686
"2913",1202401.87458124
"2914",208964.494973305
"2915",1139481.74847338
"2916",292138.32901657
"2917",691136.049621752
"2918",199672.49401198
"2919",1600736.97071646
"2920",287140.271637536
"2921",699009.354097659
"2922",162531.197459155
"2923",224542.192153706
"2924",407868.00066953
"2925",140270.065638906
"2926",1143603.06239768
"2927",574167.920404385
"2928",1647578.01249025
"2929",426336.664296917
"2930",241122.622380457
"2931",400734.195315867
"2932",666540.822979995
"2933",300262.055555067
"2934",465945.66220729
"2935",182853.88907992
"2936",110845.022858595
"2937",213507.427111878
"2938",674001.457641608
"2939",896162.455988751
"2940",284726.418965368
"2941",3192207.54824719
"2942",1098303.88164068
"2943",201732.387346753
"2944",1466018.56205497
"2945",137289.955017197
"2946",361834.126024404
"2947",230809.516133384
"2948",177141.231027143
"2949",416047.730222884
"2950",316317.973046224
"2951",727110.787336732
"2952",1230942.55399506
"2953",255558.647830289
"2954",352260.464117018
"2955",965735.707181444
"2956",308173.736822812
"2957",159577.059171835
"2958",1671158.945663
"2959",152682.212571492
"2960",559013.867900886
"2961",688518.947137218
"2962",325168.693405148
"2963",515147.290844451
"2964",2269154.25242539
"2965",708158.085756655
"2966",338197.864874927
"2967",748000.311566868
"2968",538281.043422572
"2969",595410.364453759
"2970",1645774.72005084
"2971",116961.84826315
"2972",878571.660103992
"2973",455808.338272403
"2974",1262997.16794203
"2975",323893.150024759
"2976",1676379.01386037
"2977",214751.012759127
"2978",1891051.9793058
"2979",376993.438801122
"2980",403058.842308232
"2981",1648566.96603582
"2982",343448.41037974
"2983",276918.520768639
"2984",517082.133719547
"2985",541789.128694684
"2986",793898.546472253
"2987",278044.578584055
"2988",496486.420461319
"2989",1611916.62879977
"2990",315550.298400713
"2991",270482.52557451
"2992",1277511.77641053
"2993",417466.751994406
"2994",1234364.30780321
"2995",208399.624940031
"2996",126604.407930633
"2997",654048.082924185
"2998",157944.998067232
"2999",219002.455737969
"3000",546040.835778539
"3001",718781.254927255
"3002",684939.755163621
"3003",1311916.0004539
"3004",774050.026859261
"3005",1223148.66331998
"3006",443661.803787817
"3007",1013630.59841515
"3008",278969.761257749
"3009",273784.260152064
"3010",187588.94326555
"3011",678829.944360745
"3012",456883.675620137
"3013",498696.389091537
"3014",1895555.05641741
"3015",722528.038436111
"3016",229685.285853859
"3017",437555.648531277
"3018",292172.165253371
"3019",320975.708879116
"3020",253194.024669251
"3021",671198.863523956
"3022",405303.163239087
"3023",540197.793650136
"3024",286475.757927667
"3025",211840.798753816
"3026",764800.292035348
"3027",434016.553364949
"3028",771211.212910632
"3029",385024.507514589
"3030",291251.107814729
"3031",249019.790556522
"3032",235108.270435608
"3033",395604.370798492
"3034",327344.017453058
"3035",834961.172374103
"3036",1639791.09377991
"3037",218037.065086556
"3038",230393.17969696
"3039",127521.009618421
"3040",1062272.6219534
"3041",209440.738900367
"3042",285561.050377393
"3043",449712.41260225
"3044",911262.820560009
"3045",323490.795863191
"3046",187816.883865779
"3047",271311.148925721
"3048",332532.402224768
"3049",255241.08656365
"3050",505824.087411325
"3051",776273.22875905
"3052",230019.076811907
"3053",221329.948464998
"3054",918637.920998186
"3055",370935.034929951
"3056",715676.921093464
"3057",577118.758132627
"3058",1005252.71751919
"3059",195250.830312337
"3060",407962.092591885
"3061",333984.378911395
"3062",2127801.92144179
"3063",269758.390992907
"3064",1584295.87905952
"3065",2659550.04540762
"3066",166955.103732217
"3067",82136.3939962991
"3068",1213542.04675457
"3069",696409.743490278
"3070",648790.928082388
"3071",262680.03214359
"3072",230913.494215811
"3073",232657.37803022
"3074",462391.853704893
"3075",884379.204556619
"3076",314699.211078642
"3077",771311.022129054
"3078",1261890.23806424
"3079",259093.162853349
"3080",609711.443981503
"3081",513465.670629712
"3082",451091.877048737
"3083",281509.417583281
"3084",380630.346770259
"3085",435290.182915502
"3086",435290.182915502
"3087",228974.965103431
"3088",335271.090085035
"3089",121276.25057046
"3090",252439.419660058
"3091",343569.084081028
"3092",394064.539427252
"3093",780778.399038268
"3094",425150.047963636
"3095",2917399.41843912
"3096",478096.588560973
"3097",398620.98063204
"3098",454658.986323963
"3099",361081.153152839
"3100",446891.293938451
"3101",202077.96011541
"3102",340508.760589501
"3103",423487.684612808
"3104",124680.904579495
"3105",291563.722801088
"3106",250800.810280988
"3107",805005.309083614
"3108",378041.973499388
"3109",183461.830433537
"3110",223950.654242651
"3111",141224.843062519
"3112",330863.044925819
"3113",1272084.48132355
"3114",462729.834500673
"3115",183585.364581354
"3116",690167.888127458
"3117",295832.996535789
"3118",115375.708797516
"3119",463733.839056128
"3120",782786.835518754
"3121",770664.743500479
"3122",821743.590979901
"3123",376070.813794206
"3124",498621.961836868
"3125",530828.486754443
"3126",390553.652745229
"3127",701583.716484209
"3128",138429.418623041
"3129",1945711.98609711
"3130",777370.295223064
"3131",137680.485681784
"3132",440727.959819845
"3133",1762716.33259332
"3134",328410.90804331
"3135",815655.951138262
"3136",290279.717465893
"3137",628253.475927926
"3138",497535.586421364
"3139",394612.240913503
"3140",445124.001652847
"3141",416264.808045487
"3142",264986.488536492
"3143",517578.479355908
"3144",174851.406705014
"3145",228829.786205262
"3146",448945.484240468
"3147",491006.043278106
"3148",747516.305352928
"3149",217152.908462773
"3150",1641872.69581326
"3151",315544.26257565
"3152",542923.851564291
"3153",516906.14228268
"3154",329999.298117206
"3155",182249.465638903
"3156",324108.144535689
"3157",364065.84822349
"3158",2447380.5388981
"3159",360020.520807394
"3160",434851.800454626
"3161",307060.185612663
"3162",196756.129464926
"3163",401871.553239141
"3164",859518.662797273
"3165",596942.663324093
"3166",183308.59274722
"3167",471324.471007187
"3168",369138.833606603
"3169",744570.676178585
"3170",685743.205770407
"3171",459915.845522133
"3172",715470.915360791
"3173",452224.970350546
"3174",842854.334417767
"3175",433777.755898405
"3176",606986.070522191
"3177",1178055.37704432
"3178",280766.145049982
"3179",218534.496594051
"3180",751964.656898477
"3181",353784.129532082
"3182",267874.696525997
"3183",147670.15560635
"3184",1053464.46039309
"3185",696373.166049583
"3186",813688.439275569
"3187",188191.625301292
"3188",251277.369833236
"3189",1253748.41028266
"3190",509661.325776423
"3191",247814.061353622
"3192",223616.923565146
"3193",165547.093202045
"3194",819552.579572533
"3195",238097.493658807
"3196",177614.805022762
"3197",604802.501842889
"3198",1519029.02535695
"3199",936033.565320038
"3200",238680.063153954
"3201",1477290.81022284
"3202",550685.364716295
"3203",227519.495769075
"3204",522642.540581172
"3205",775646.39878413
"3206",234290.80570943
"3207",321481.566012268
"3208",175988.401172995
"3209",1462328.47091229
"3210",1012516.76918854
"3211",661864.218961341
"3212",1092618.13674879
"3213",234232.191008804
"3214",334932.170516456
"3215",472490.178068879
"3216",823193.734657659
"3217",357601.339400883
"3218",1827314.23650614
"3219",783478.316597572
"3220",393101.077394012
"3221",744855.70174232
"3222",755525.067860744
"3223",139377.675813409
"3224",458610.088548436
"3225",88468.9782039348
"3226",942953.481514779
"3227",934108.125545996
"3228",694455.690837287
"3229",760624.10393167
"3230",451638.903594255
"3231",1332822.92981129
"3232",440853.834665482
"3233",213983.737356178
"3234",174991.618405254
"3235",133471.144268353
"3236",430658.469126389
"3237",975189.993964977
"3238",215322.289457985
"3239",2315142.66896062
"3240",237460.357706085
"3241",1217315.28744721
"3242",615568.823135662
"3243",110833.313632938
"3244",1099263.44345244
"3245",257357.162250036
"3246",350346.449702764
"3247",120464.808709384
"3248",341427.654228628
"3249",1460975.13858047
"3250",183865.787343794
"3251",2025155.45005315
"3252",991685.086249215
"3253",510114.792838175
"3254",1185445.99007118
"3255",141751.316727454
"3256",211156.486687554
"3257",939962.039822146
"3258",537227.73856082
"3259",1338888.373239
"3260",770315.088350109
"3261",244854.99707794
"3262",193329.153266743
"3263",1143840.0770755
"3264",1567718.80798213
"3265",330838.419731429
"3266",530150.556608342
"3267",391903.223321737
"3268",300355.615963212
"3269",354847.813454729
"3270",356222.513552028
"3271",1918718.22824548
"3272",400782.79956984
"3273",1099735.18760696
"3274",659910.73607295
"3275",122272.632332857
"3276",739852.513559582
"3277",222120.991239293
"3278",656048.445837413
"3279",485443.724000516
"3280",84917.4335912024
"3281",97666.2727152764
"3282",315298.915602288
"3283",188100.235950468
"3284",1760148.28791642
"3285",343101.936403586
"3286",151085.77427896
"3287",1111797.27979662
"3288",134640.580145578
"3289",964351.662889239
"3290",612194.102159696
"3291",1180494.38055959
"3292",592149.860204021
"3293",485680.095437608
"3294",237103.099452977
"3295",333206.715026219
"3296",293580.069027537
"3297",530920.358901643
"3298",426009.52841162
"3299",323112.247114745
"3300",106720.200568404
"3301",951435.729266219
"3302",396689.853403762
"3303",423753.083805674
"3304",460130.616413259
"3305",293800.186804847
"3306",145063.483919656
"3307",1283929.86829867
"3308",1040166.29586182
"3309",156614.866135441
"3310",313650.765515647
"3311",2364324.45838157
"3312",230807.124641937
"3313",778532.854298282
"3314",483607.689631811
"3315",587837.033358575
"3316",1396612.06138029
"3317",239150.334999506
"3318",147139.332684945
"3319",448291.563343749
"3320",688585.849025693
"3321",566633.88411326
"3322",2209285.19853629
"3323",172415.119413398
"3324",293189.698563665
"3325",880555.733906804
"3326",713868.920469946
"3327",2161037.51461434
"3328",79229.3668510541
"3329",653958.757991172
"3330",377526.568273763
"3331",212874.011811457
"3332",379336.856717866
"3333",777697.423442479
"3334",292988.856828881
"3335",424682.513495378
"3336",631876.884675764
"3337",335968.579071966
"3338",3527907.7800042
"3339",423793.245056123
"3340",482550.783220766
"3341",506929.099236503
"3342",220997.800300422
"3343",318101.772218871
"3344",540157.237587012
"3345",181294.538263153
"3346",745847.74482409
"3347",503204.533363595
"3348",749774.785841721
"3349",184344.957243407
"3350",122084.014836988
"3351",134389.803168793
"3352",282556.375244708
"3353",375157.465004158
"3354",435049.958410831
"3355",230387.737985512
"3356",1235357.43108573
"3357",621640.411421184
"3358",324708.70991078
"3359",416719.073460763
"3360",1024973.18702662
"3361",316147.919635687
"3362",431983.291819197
"3363",2227478.84950877
"3364",341450.815874021
"3365",110086.269934473
"3366",806100.656995266
"3367",129834.534575601
"3368",590087.422506392
"3369",390946.847669005
"3370",933233.733500262
"3371",231610.518568274
"3372",1877630.59191688
"3373",437440.093615509
"3374",1058550.67016428
"3375",337224.229625069
"3376",1832759.79569736
"3377",655299.975055229
"3378",902481.474257287
"3379",195329.645898013
"3380",276545.9443071
"3381",3525205.90764512
"3382",163194.439320417
"3383",605938.592005295
"3384",861855.454356276
"3385",1931226.57518499
"3386",272549.505088456
"3387",443363.469934229
"3388",195960.063267306
"3389",409132.689737141
"3390",1113345.94306097
"3391",725771.061555442
"3392",446491.318411495
"3393",184300.262009173
"3394",300871.987407569
"3395",185984.227696467
"3396",698278.285255644
"3397",441608.324704226
"3398",520866.762170426
"3399",167836.898457413
"3400",554391.410632041
"3401",356326.171607374
"3402",406526.984532747
"3403",1533646.88617964
"3404",759207.038292885
"3405",422874.355656888
"3406",1356539.37331811
"3407",121846.113867333
"3408",719263.644652186
"3409",444779.428842323
"3410",719722.349156201
"3411",1346598.55382005
"3412",415656.83246136
"3413",1252189.78920696
"3414",160017.64772526
"3415",735437.040178346
"3416",1414856.43022715
"3417",291619.237849725
"3418",370558.751970936
"3419",80729.3176217126
"3420",225218.705460887
"3421",3443414.70235259
"3422",291915.982212229
"3423",354375.037675699
"3424",394099.749605041
"3425",611785.348696603
"3426",185457.889478087
"3427",215794.33358812
"3428",141021.547436815
"3429",445676.744232021
"3430",915990.036857328
"3431",647650.306180976
"3432",471991.458566036
"3433",608918.333445058
"3434",740225.305494854
"3435",470405.735906276
"3436",103397.353134482
"3437",204810.917578927
"3438",160399.984741781
"3439",256880.196352066
"3440",415261.988724111
"3441",1132189.59006017
"3442",118400.289336298
"3443",322931.831502874
"3444",117238.206230092
"3445",678594.54309526
"3446",474973.660814637
"3447",1066834.50556202
"3448",255745.897130275
"3449",393172.471272255
"3450",196666.062452062
"3451",1693974.94083195
"3452",1462994.13492442
"3453",195318.487964306
"3454",1172246.48313378
"3455",501248.929129688
"3456",243636.70079136
"3457",105504.426348396
"3458",105504.426348396
"3459",1496912.66343647
"3460",445500.859737547
"3461",701333.937756003
"3462",800201.173114926
"3463",168888.129193553
"3464",668404.693704178
"3465",277806.057554994
"3466",800783.584753884
"3467",221042.382626252
"3468",222910.463641877
"3469",456283.669402934
"3470",438637.001536071
"3471",630956.603250834
"3472",337515.241547064
"3473",1184540.6486855
"3474",1426544.59668717
"3475",251097.660510876
"3476",547845.65872347
"3477",185151.898361802
"3478",881651.113964796
"3479",832148.202491208
"3480",1069188.27688751
"3481",451561.038549279
"3482",675803.378394629
"3483",252158.804375418
"3484",715467.640089951
"3485",214593.839359167
"3486",518866.241639732
"3487",377719.80785082
"3488",128257.129446765
"3489",331641.489004317
"3490",544544.119324237
"3491",821242.241074316
"3492",321866.302778332
"3493",981008.826157147
"3494",389508.694519461
"3495",531045.342147802
"3496",475167.884716419
"3497",411480.215044573
"3498",138130.080768337
"3499",858735.959430171
"3500",500797.84980706
"3501",269243.152645741
"3502",293768.902412436
"3503",688672.195596381
"3504",525674.833331322
"3505",713111.755875064
"3506",118967.843562857
"3507",715386.340115048
"3508",576135.657382875
"3509",316817.977047132
"3510",337448.578462057
"3511",1137208.23381494
"3512",304877.150876455
"3513",293482.293741731
"3514",559463.112929288
"3515",1698647.07008394
"3516",1118043.28815341
"3517",1418365.03832083
"3518",247631.883060469
"3519",221308.247558058
"3520",1594898.26929886
"3521",598154.317395848
"3522",527181.629738408
"3523",178548.181040396
"3524",423091.14410645
"3525",2017742.26168198
"3526",1194807.64699531
"3527",297947.572275253
"3528",1012459.2327594
"3529",229960.960332734
"3530",523512.505775926
"3531",1245298.09166303
"3532",1106874.09589825
"3533",191070.388663087
"3534",428843.011653633
"3535",433651.897430673
"3536",229200.67192521
"3537",630862.168261108
"3538",565736.167002562
"3539",354088.279293542
"3540",164801.021531666
"3541",448564.100382747
"3542",1370403.05455174
"3543",267044.369247053
"3544",390955.833779797
"3545",266589.677559193
"3546",227443.507777692
"3547",322911.637986062
"3548",366135.910207116
"3549",267531.379133269
"3550",585864.944697604
"3551",461187.01734794
"3552",390838.221369528
"3553",1178163.49795379
"3554",193060.457522087
"3555",938625.944371089
"3556",181550.234588872
"3557",1098718.61215987
"3558",249448.118143651
"3559",721177.101917157
"3560",170180.44088875
"3561",438933.94027665
"3562",545773.25710432
"3563",557034.508920115
"3564",327753.26659607
"3565",402899.24519355
"3566",662965.806269305
"3567",306611.983322517
"3568",304740.721026267
"3569",815152.348629849
"3570",133585.425362585
"3571",595512.181174442
"3572",672547.249580546
"3573",304529.31716955
"3574",739189.949111374
"3575",663491.734268825
"3576",225127.206588056
"3577",342704.795035197
"3578",538844.253504012
"3579",131124.893133287
"3580",965357.896869493
"3581",477593.115682127
"3582",272812.769397979
"3583",1767220.36833459
"3584",175217.510934637
"3585",196932.003943218
"3586",363071.620612661
"3587",258977.839544905
"3588",315272.258107194
"3589",208401.821441999
"3590",215175.394998851
"3591",500601.672226318
"3592",425245.994787017
"3593",1136956.54205394
"3594",121070.926196186
"3595",303532.481272886
"3596",513724.985119169
"3597",474392.076167895
"3598",508070.433764438
"3599",337908.945008542
"3600",340337.123453575
"3601",232877.101211918
"3602",488563.927473106
"3603",598365.295260212
"3604",186969.586277811
"3605",451874.511627398
"3606",234376.67049403
"3607",416816.221864419
"3608",156945.300787441
"3609",4686031.29703053
"3610",328734.667762789
"3611",191392.703585331
"3612",392413.966779611
"3613",118852.235601958
"3614",176449.008444436
"3615",2509340.07586981
"3616",394781.110690448
"3617",991144.70354736
"3618",773099.4395874
"3619",248260.465453467
"3620",282020.683668642
"3621",3710811.3069254
"3622",641217.314150766
"3623",262747.502206689
"3624",89787.3672247578
"3625",244855.895211016
"3626",228587.378225366
"3627",573824.442585112
"3628",657108.730158149
"3629",619563.497845702
"3630",676126.933255189
"3631",1142491.79265793
"3632",111192.461698543
"3633",267016.927269933
"3634",540183.179483062
"3635",730517.325883041
"3636",1022653.89224035
"3637",142340.350699369
"3638",1556422.85032508
"3639",303386.932551434
"3640",413963.704826913
"3641",1466115.31412261
"3642",550253.17676081
"3643",390505.023184404
"3644",303374.374224224
"3645",464877.899050406
"3646",616454.846076103
"3647",152201.43618501
"3648",515795.64282662
"3649",290060.88505144
"3650",1778517.28847572
"3651",426873.611370874
"3652",246504.007141613
"3653",369296.677195381
"3654",537353.815827196
"3655",470769.27520864
"3656",424418.548674014
"3657",736510.98601961
"3658",605389.340881658
"3659",2235862.12978484
"3660",650121.488210076
"3661",138552.597975409
"3662",395740.407877594
"3663",426439.13638488
"3664",427221.319439575
"3665",311305.278858769
"3666",1404155.08474133
"3667",428806.651253966
"3668",392643.331482021
"3669",569347.388967193
"3670",822372.049041929
"3671",412382.971190975
"3672",251543.49865501
"3673",239741.817300784
"3674",907381.7662821
"3675",237416.313308275
"3676",751459.804686107
"3677",504708.785402462
"3678",159460.464943672
"3679",835038.451696808
"3680",3695461.79676577
"3681",265023.898576934
"3682",1345461.17291648
"3683",928707.571000604
"3684",327009.843140747
"3685",418336.977535902
"3686",310425.981667207
"3687",200356.725163451
"3688",617015.517156027
"3689",544438.725653541
"3690",414947.281632515
"3691",651192.632734051
"3692",580662.549682255
"3693",593845.911461266
"3694",179293.941751809
"3695",936987.607763443
"3696",764156.581107623
"3697",281993.118822439
"3698",533660.609851408
"3699",1310713.44751455
"3700",739642.169606582
"3701",1534334.93985311
"3702",1082724.45638873
"3703",436546.427483662
"3704",1246910.08231433
"3705",255995.626807925
"3706",573766.466860649
"3707",190736.413478399
"3708",213303.849975097
"3709",244581.287715607
"3710",344635.586959199
"3711",349169.570302661
"3712",115230.032449225
"3713",646422.807250163
"3714",159910.110093581
"3715",840668.355461532
"3716",575501.760496704
"3717",481849.991604235
"3718",547283.093836321
"3719",329997.672571591
"3720",607751.457886892
"3721",219337.804852529
"3722",94051.2041918825
"3723",289233.153979157
"3724",1209048.27189004
"3725",224124.495549649
"3726",565276.068747536
"3727",1802409.46848727
"3728",471071.831349281
"3729",216802.865491747
"3730",1268005.49643393
"3731",597626.790474098
"3732",1295364.60720219
"3733",382200.017311127
"3734",782923.560513421
"3735",533157.414699452
"3736",415974.057952165
"3737",191168.995714294
"3738",291194.554806219
"3739",321787.174860544
"3740",145167.016478508
"3741",273125.174096694
"3742",425704.586349896
"3743",484477.668670451
"3744",389622.476244161
"3745",212750.718935945
"3746",314558.77811613
"3747",248431.420112331
"3748",728539.885034104
"3749",920578.365118342
"3750",248411.945693752
"3751",1387435.30666406
"3752",210322.673516725
"3753",492224.817446311
"3754",533684.216483031
"3755",406165.538949585
"3756",84791.6646067681
"3757",1043675.94542151
"3758",591920.236939217
"3759",1010439.94221859
"3760",1212640.73551975
"3761",492394.898810335
"3762",403078.976173972
"3763",1047847.18177742
"3764",351032.199564776
"3765",227180.360397878
"3766",831459.15927988
"3767",1428628.68597384
"3768",277709.774318812
"3769",1154686.87191999
"3770",490601.217929278
"3771",162653.293646539
"3772",457597.943665657
"3773",248552.742303965
"3774",599211.026070148
"3775",359217.408243372
"3776",342818.809699559
"3777",349029.747331355
"3778",248335.482867541
"3779",333178.634112409
"3780",315016.765041677
"3781",1640823.40873602
"3782",363222.571832124
"3783",318691.711938391
"3784",236161.297453714
"3785",5114742.685504
"3786",254293.613563336
"3787",4421755.48332676
"3788",608705.090242813
"3789",2061308.09956904
"3790",374811.781520386
"3791",248869.43259564
"3792",2629460.07150362
"3793",533493.69371655
"3794",1958936.22088536
"3795",1031381.24285336
"3796",108216.369096182
"3797",228733.953293269
"3798",191424.961586397
"3799",654241.37647017
"3800",309142.605173112
"3801",251357.634412599
"3802",293444.154567724
"3803",1145122.27830272
"3804",2906755.97049077
"3805",741267.015514855
"3806",197521.937708672
"3807",383415.559972467
"3808",395059.639048537
"3809",1113930.73130241
"3810",994270.580716656
"3811",322766.641921706
"3812",576025.110644663
"3813",1401727.86129003
"3814",989920.859349356
"3815",223595.170817717
"3816",173615.368136677
"3817",492016.635482341
"3818",218191.340200264
"3819",565069.301091466
"3820",889458.808136008
"3821",681690.542141761
"3822",698412.661334318
"3823",399658.250070684
"3824",475718.224312901
"3825",145061.979288389
"3826",158445.294622495
"3827",1038650.67286825
"3828",376132.696497451
"3829",1091232.7934511
"3830",2490864.41652203
"3831",150078.239608388
"3832",322020.355379575
"3833",1728666.14509507
"3834",594942.653057951
"3835",394416.917656176
"3836",761525.450624164
"3837",211213.226411461
"3838",1546328.35359826
"3839",1308179.1527492
"3840",760547.395297308
"3841",324029.92892379
"3842",219978.349022602
"3843",435939.328775433
"3844",139047.499964629
"3845",843196.409454703
"3846",178128.934328171
"3847",194031.968174725
"3848",1041776.74282173
"3849",175112.509277582
"3850",2493850.71586679
"3851",649325.24833595
"3852",266578.600457876
"3853",339569.453781311
"3854",591335.849324506
"3855",998647.502686235
"3856",2493008.78041911
"3857",421959.120358786
"3858",1183768.79165496
"3859",630466.952092111
"3860",384389.581331296
"3861",2111041.25127095
"3862",365680.413383062
"3863",403081.25326121
"3864",264890.714506378
"3865",440241.187769087
"3866",284313.741127638
"3867",281958.722580618
"3868",668271.07664792
"3869",1091382.59837728
"3870",1314260.36490681
"3871",569248.434796486
"3872",1001264.66630612
"3873",1691223.54667109
"3874",914636.556217063
"3875",618447.92984042
"3876",523170.62176198
"3877",449620.784256422
"3878",264547.795922523
"3879",819683.157143372
"3880",621969.533101677
"3881",301226.283005472
"3882",2968736.61803769
"3883",337121.311089246
"3884",440269.405563985
"3885",271540.999586562
"3886",5055761.12663378
"3887",529513.831529223
"3888",493841.384762634
"3889",201852.651067197
"3890",589233.464236491
"3891",350719.425451286
"3892",797280.774691853
"3893",1125350.44571423
"3894",552167.287735711
"3895",509064.785590317
"3896",268603.566056396
"3897",687587.509069336
"3898",472628.223789596
"3899",373071.725894332
"3900",533234.12401654
"3901",776880.343512218
"3902",442032.458917326
"3903",1206659.35896591
"3904",243312.659303005
"3905",1190805.7580774
"3906",1061064.3209144
"3907",826023.377869623
"3908",518256.25619528
"3909",1372167.04954146
"3910",343624.440820631
"3911",452914.360804368
"3912",377311.618934705
"3913",983622.883715509
"3914",367937.11115636
"3915",652390.5188179
"3916",585066.896029359
"3917",466172.383921123
"3918",485771.605162201
"3919",1006760.3673529
"3920",1217415.28358447
"3921",763370.540095709
"3922",1403084.49199416
"3923",245899.84996199
"3924",1287798.74623762
"3925",325899.371190945
"3926",512348.626899011
"3927",423829.216966212
"3928",820559.73178428
"3929",167831.969916908
"3930",636770.916328557
"3931",1482526.79091741
"3932",515299.046249917
"3933",307152.479023751
"3934",1151962.08339625
"3935",657077.917628859
"3936",627013.193276511
"3937",255824.554690895
"3938",288240.083775251
"3939",622722.02892381
"3940",2430085.78853533
"3941",1596760.96385625
"3942",1191452.1671197
"3943",428957.540711441
"3944",376241.558040024
"3945",744028.606745941
"3946",560073.388900434
"3947",1510733.22830127
"3948",399747.474313132
"3949",678232.149262631
"3950",1273566.4638829
"3951",608516.04247078
"3952",546545.653509213
"3953",1063011.36123205
"3954",1356043.9705259
"3955",339621.59346459
"3956",806228.691637252
"3957",2753099.07473852
"3958",453449.599174136
"3959",585575.210353567
"3960",624902.357903157
"3961",725044.736576356
"3962",733680.243644903
"3963",733680.243644903
"3964",1988215.32616215
"3965",1072460.6477047
"3966",232486.464209697
"3967",770877.917562541
"3968",278880.939370569
"3969",781033.596949768
"3970",507198.47576566
"3971",570889.242972251
"3972",494914.530952017
"3973",656975.026203381
"3974",604803.558626794
"3975",880916.713943026
"3976",291144.56458467
"3977",533816.987602926
"3978",662947.721220868
"3979",1002732.38533274
"3980",629976.905210505
"3981",301366.776624138
"3982",1751145.53548805
"3983",1227629.70765292
"3984",621467.769207692
"3985",664721.123358225
"3986",1342758.7613632
"3987",467922.944709874
"3988",443790.416188049
"3989",242639.324610417
"3990",1435558.79027537
"3991",233960.998697004
"3992",555537.446006917
"3993",1226772.80906847
"3994",792825.240730486
"3995",523600.939241966
"3996",365532.012015834
"3997",2089022.55107981
"3998",1108169.0311688
"3999",224485.411878495
"4000",691529.082229335
"4001",368948.833791759
"4002",1964914.23854817
"4003",712934.681164461
"4004",650542.982527357
"4005",1522756.58485633
"4006",481512.493065346
"4007",680507.633914013
"4008",242733.813657433
"4009",641934.584109993
"4010",767869.21209526
"4011",669535.630635664
"4012",178042.876783443
"4013",566850.469781771
"4014",1077172.78101138
"4015",873781.437963841
"4016",1157343.82918144
"4017",316400.247731426
"4018",2135285.33505359
"4019",333887.186120097
"4020",457207.842642373
"4021",394597.036420866
"4022",308562.021411888
"4023",4747015.60568081
"4024",315178.063253282
"4025",1490557.79822936
"4026",616605.652749349
"4027",775156.944537595
"4028",521474.303997166
"4029",1063506.1657504
"4030",1068570.84334893
"4031",2098620.24219394
"4032",612128.498528367
"4033",819374.815125447
"4034",738780.030626076
"4035",582549.611537453
"4036",475097.585398172
"4037",748693.663817109
"4038",575750.916640749
"4039",288496.497237611
"4040",2925365.82489856
"4041",403508.625514307
"4042",222644.344176029
"4043",463031.979405223
"4044",480529.702107825
"4045",416976.754578586
"4046",395475.521202455
"4047",487903.29882285
"4048",908020.54003983
"4049",167051.216094285
"4050",272736.955571015
"4051",249774.760678419
"4052",1035784.20371439
"4053",433378.625658355
"4054",569375.061360535
"4055",454719.974147338
"4056",237016.405296828
"4057",1325797.56261771
"4058",464543.564922261
"4059",1251534.86011634
"4060",171138.513167788
"4061",1054763.43655889
"4062",505872.263469909
"4063",450675.081933142
"4064",713812.723113794
"4065",419147.6285673
"4066",545340.150753312
"4067",972152.282999058
"4068",439054.893871149
"4069",509594.73591189
"4070",467983.419039371
"4071",545442.188016355
"4072",551246.014368681
"4073",541652.47751996
"4074",429080.145219406
"4075",308857.044730806
"4076",856054.188640265
"4077",328197.969087785
"4078",193200.275724918
"4079",555693.460103203
"4080",274242.926268475
"4081",326841.418377104
"4082",274591.036525745
"4083",514102.197297975
"4084",565378.072716788
"4085",288473.285350343
"4086",870479.344030449
"4087",585364.396659827
"4088",548389.572840496
"4089",758992.901530219
"4090",378417.081838469
"4091",2624835.58564747
"4092",1558623.76429433
"4093",2192512.3150603
"4094",1684539.14217562
"4095",357108.729039177
"4096",408534.321672713
"4097",371675.885749055
"4098",379053.724782923
"4099",305794.322119517
"4100",804418.514359621
"4101",569486.215990409
"4102",219886.745970439
"4103",570590.471381767
"4104",438081.918487192
"4105",1083532.71932361
"4106",295313.925472776
"4107",1784545.1705235
"4108",582549.611537453
"4109",310707.504136424
"4110",1307889.88740285
"4111",453950.306656787
"4112",647141.94747066
"4113",730121.988508154
"4114",744347.113338627
"4115",498817.804029401
"4116",237716.009275145
"4117",629213.363377934
"4118",492771.916854332
"4119",756721.218178554
"4120",421766.905124093
"4121",327780.337781956
"4122",1341901.33601836
"4123",413515.480993888
"4124",251908.975422898
"4125",484334.199619711
"4126",439479.634313552
"4127",265890.574861036
"4128",325960.80229876
"4129",638057.512762657
"4130",624812.838548163
"4131",1578477.76868825
"4132",658707.831518173
"4133",502948.129286718
"4134",1197017.25825866
"4135",783652.247260963
"4136",490128.670569728
"4137",608679.899536415
"4138",2140438.29374098
"4139",1096819.30903903
"4140",2570978.38399511
"4141",192236.173028841
"4142",1292718.44667015
"4143",302382.422364276
"4144",604833.075784138
"4145",871684.950293619
"4146",552707.772478412
"4147",332489.418108154
"4148",718482.800498718
"4149",223823.382297159
"4150",353531.242757213
"4151",340062.218851531
"4152",1311023.06052088
"4153",428056.670673473
"4154",1115107.18055733
"4155",609175.812016885
"4156",721849.3550646
"4157",609710.418118495
"4158",736365.132985617
"4159",510709.762611412
"4160",425832.464102449
"4161",377941.703951619
"4162",314040.792174551
"4163",1079777.19101731
"4164",1523469.30601488
"4165",410615.759634285
"4166",306018.508762336
"4167",502302.634811028
"4168",855148.730271154
"4169",813458.396164235
"4170",464042.67610011
"4171",543193.743360389
"4172",446911.108129856
"4173",3039905.69145562
"4174",494728.942512625
"4175",748006.804762411
"4176",182598.966958535
"4177",454517.993592277
"4178",389154.211857072
"4179",528337.451612526
"4180",541357.09622999
"4181",926771.792386061
"4182",292511.981533947
"4183",1183612.87127432
"4184",379082.223761586
"4185",476070.033065266
"4186",327022.818671732
"4187",2993584.65401649
"4188",2484810.19301555
"4189",370886.294701911
"4190",420593.950953153
"4191",2412646.01737798
"4192",351069.184041834
"4193",285016.50614438
"4194",416418.128374461
"4195",1076758.69117693
"4196",1172314.0253985
"4197",648942.976267998
"4198",209800.069959985
"4199",1815320.5239392
"4200",430779.389743747
"4201",590377.410687435
"4202",427057.305994089
"4203",411126.711523416
"4204",260337.475850119
"4205",951790.967688488
"4206",567344.612792526
"4207",1234858.07410975
"4208",873934.981401509
"4209",855233.633113061
"4210",309322.068323575
"4211",2312434.90682345
"4212",584027.273965978
"4213",2719512.77953933
"4214",829146.118486152
"4215",493064.777074799
"4216",567568.935996076
"4217",339372.460747654
"4218",325502.976267218
"4219",345680.979500562
"4220",2323010.14689197
"4221",347150.485930829
"4222",793328.05213996
"4223",600971.686483985
"4224",376249.602824436
"4225",1310000.60922552
"4226",335561.400360317
"4227",621224.846173618
"4228",434232.334201753
"4229",327874.560415303
