"","x"
"1",364959.228540172
"2",622400.426500723
"3",409442.515081111
"4",562732.993706509
"5",308989.386677398
"6",585897.591285435
"7",1002208.92890356
"8",482212.389639497
"9",298669.017382184
"10",621284.119749661
"11",511455.256346286
"12",395831.445056645
"13",416211.437501691
"14",421027.156763221
"15",468353.626499247
"16",729839.480237108
"17",694405.623442065
"18",291908.01353649
"19",675793.670285384
"20",308257.007198194
"21",532232.260132338
"22",335024.455636731
"23",374850.485232317
"24",510851.460944608
"25",633698.188454188
"26",325141.49511107
"27",1061494.71898927
"28",309325.500030993
"29",373147.770120829
"30",441683.84424546
"31",279449.638867631
"32",624782.301214507
"33",605726.01280147
"34",269134.660667103
"35",411478.751589256
"36",379652.325756096
"37",374680.090863969
"38",898934.847174182
"39",929606.000612931
"40",429344.399278958
"41",522842.921826346
"42",355939.000773308
"43",371616.423382624
"44",540677.530114789
"45",302592.397663024
"46",1067840.50213133
"47",959119.677670964
"48",621597.579430438
"49",470758.374824601
"50",596681.628503307
"51",491304.905994132
"52",485336.559577159
"53",1203350.32685326
"54",1203350.32685326
"55",392150.795890657
"56",523032.935075134
"57",334388.586292591
"58",366926.275985231
"59",476922.671474517
"60",329787.384349727
"61",690512.435664208
"62",711597.093251953
"63",346018.660009496
"64",530048.620651586
"65",552265.041211748
"66",355159.813388281
"67",283140.193181268
"68",523376.005881737
"69",411511.689850476
"70",381678.073778692
"71",737409.940216871
"72",881841.896229128
"73",434612.99979932
"74",546925.193794608
"75",389605.638771558
"76",569892.182210808
"77",428964.321587244
"78",459138.524167555
"79",372813.232048018
"80",798538.759685763
"81",575453.209179405
"82",317269.497258799
"83",380899.763613013
"84",345026.717533434
"85",572229.737495553
"86",740977.279918461
"87",553595.380053695
"88",290416.782588698
"89",752094.968404568
"90",1096461.67838255
"91",619085.650154171
"92",355014.824763156
"93",269475.163749004
"94",314676.319539303
"95",366461.452756311
"96",613181.947989377
"97",408044.22945885
"98",500155.0523846
"99",371455.394410049
"100",265345.887146373
"101",1331961.4438478
"102",361092.636187085
"103",390961.966634114
"104",404584.388413008
"105",396470.784141936
"106",626251.508053218
"107",342394.631089314
"108",284678.832172233
"109",1468264.9683938
"110",340610.778468058
"111",1652399.6679886
"112",304255.693968543
"113",389005.777667213
"114",437096.995378625
"115",1709582.61039172
"116",502580.976431691
"117",1394458.60287962
"118",282943.408265387
"119",471171.997334368
"120",298112.425846388
"121",377481.548513318
"122",383024.807975393
"123",427547.506376938
"124",559888.023920824
"125",443394.58668675
"126",357524.953843501
"127",890424.846683651
"128",792764.457450647
"129",543139.719348666
"130",653444.645945169
"131",433520.471394796
"132",810117.180757212
"133",273810.577711556
"134",473217.057994326
"135",877586.765290708
"136",505321.492125357
"137",795820.84883567
"138",278913.209566143
"139",482652.740040079
"140",298987.921083725
"141",409559.751251899
"142",425460.377948602
"143",305543.128327386
"144",444924.671755825
"145",674476.856110976
"146",750863.148335098
"147",330388.434660515
"148",324574.409493136
"149",434742.397197176
"150",437790.950451168
"151",363232.777134283
"152",298987.661864373
"153",349394.420604849
"154",1142765.66663408
"155",602247.929638798
"156",421527.291053047
"157",509431.840055933
"158",310677.945565207
"159",474302.94455701
"160",660616.589876043
"161",1149594.0788042
"162",564628.436563967
"163",385665.18760835
"164",589103.717837673
"165",308694.404037854
"166",503174.135003099
"167",295372.051566294
"168",489578.653409609
"169",430673.63986855
"170",303457.010241782
"171",348915.394236175
"172",689856.005103928
"173",472802.454016036
"174",415911.290027613
"175",279980.218459739
"176",434320.919212112
"177",338685.307080075
"178",305559.519833725
"179",482367.544376516
"180",300771.380869481
"181",401079.537239047
"182",347287.689578628
"183",1019878.11351453
"184",521825.215278583
"185",568792.885147754
"186",905971.138145071
"187",316240.536124826
"188",549517.520687398
"189",298619.18623332
"190",328955.85737458
"191",322762.724833903
"192",501605.675331204
"193",354159.071014302
"194",354188.941625353
"195",443649.420225486
"196",385858.538474905
"197",396488.610467528
"198",374715.394945965
"199",626031.306726305
"200",320995.573281916
"201",435216.379064058
"202",343993.984312977
"203",261700.815127911
"204",354296.786946118
"205",446448.345075575
"206",404875.226272742
"207",222949.259430818
"208",381053.93587237
"209",443572.079916369
"210",403115.93494956
"211",299280.70522269
"212",409742.31003778
"213",415381.084423369
"214",460898.0705122
"215",485208.00226288
"216",301704.056028769
"217",369569.572001477
"218",325793.762056105
"219",280931.942581768
"220",482265.84908144
"221",373627.56372185
"222",795841.666115548
"223",281540.604639582
"224",258744.658980019
"225",363776.024599583
"226",314757.128095787
"227",773822.183521051
"228",694566.226553987
"229",548123.437378418
"230",761491.986728554
"231",326772.410774539
"232",439263.589102592
"233",482973.948521313
"234",320701.148003524
"235",333564.962220529
"236",336796.921864338
"237",413192.69847196
"238",513401.143591154
"239",400912.991637978
"240",788781.130667729
"241",355594.734808725
"242",395494.143087176
"243",484357.786094291
"244",365045.652337289
"245",769841.039897855
"246",325990.861699227
"247",323192.183270732
"248",282204.778643812
"249",375514.696641721
"250",706139.06223642
"251",957475.033116853
"252",532837.06036356
"253",478855.22270659
"254",531620.915065768
"255",358239.401563305
"256",465506.768850113
"257",331046.478485085
"258",521483.417242892
"259",520997.789037296
"260",375717.928443319
"261",953745.120310805
"262",468489.726806226
"263",480738.598884608
"264",583920.334408101
"265",486502.380665949
"266",577713.267284459
"267",604769.022176983
"268",592971.874810635
"269",538778.104457054
"270",599347.139682592
"271",376443.905527041
"272",393080.483468484
"273",212558.806167279
"274",446720.359472813
"275",453622.788466327
"276",423979.052268836
"277",376836.440722707
"278",427129.340887759
"279",636812.701796237
"280",357999.882746185
"281",712969.755771939
"282",443573.917311117
"283",601399.249186909
"284",279084.09949178
"285",671238.832686535
"286",578817.279742235
"287",570283.396587735
"288",1584761.7407228
"289",318829.303208226
"290",468611.541603582
"291",365972.805468603
"292",452803.803434998
"293",500685.445055548
"294",492764.831611076
"295",505871.721244214
"296",355229.976279928
"297",622077.525447076
"298",333129.132083787
"299",473403.183068076
"300",940454.045727281
"301",328823.677339475
"302",310669.722155597
"303",692385.973597749
"304",362177.467145872
"305",384771.50918238
"306",813399.698772637
"307",336318.9653155
"308",266135.087806012
"309",632052.684058463
"310",561926.3344675
"311",526126.390341077
"312",358838.442948342
"313",278833.040165057
"314",472838.996534549
"315",579350.002130181
"316",1959602.65773076
"317",410185.227014487
"318",350203.512993151
"319",590832.920982291
"320",377962.662850831
"321",752105.252829208
"322",631772.017581299
"323",326939.967667304
"324",314645.981263354
"325",475990.168570899
"326",311437.675947125
"327",525894.331671549
"328",304706.750895014
"329",362114.483380302
"330",512602.58958336
"331",389128.352045856
"332",385678.584016502
"333",623046.557465564
"334",627366.557652206
"335",540473.762590937
"336",385669.473357085
"337",299266.513092299
"338",605662.122730441
"339",398026.46190728
"340",444114.466529326
"341",330606.585178023
"342",635483.597344687
"343",355937.087363676
"344",316792.389037212
"345",281310.672731882
"346",485743.578370593
"347",347044.489550109
"348",369291.054353021
"349",526725.353575869
"350",305983.323741456
"351",291223.559547388
"352",380320.387551635
"353",391926.513935067
"354",837833.751376781
"355",442105.187876435
"356",403046.500866877
"357",351718.817745677
"358",475818.108256769
"359",336140.839128431
"360",423708.44313713
"361",387241.331308648
"362",566318.353796916
"363",1127626.60852915
"364",421492.402376795
"365",332798.980603424
"366",450631.333923961
"367",509139.416801939
"368",410948.472344877
"369",487604.246483429
"370",588969.625292001
"371",316453.628621495
"372",488753.101894802
"373",351364.38495232
"374",551128.792944253
"375",303758.07722107
"376",865087.484850412
"377",382149.183408733
"378",388024.916399601
"379",328975.171732774
"380",555857.239071646
"381",450298.382543052
"382",617588.776104862
"383",390366.960228445
"384",390366.960228445
"385",518014.059732973
"386",395011.99068442
"387",552335.176501654
"388",530822.652232731
"389",474508.316718764
"390",627448.469089464
"391",1597963.6026786
"392",330018.079869507
"393",591054.529221401
"394",778304.85348875
"395",362865.364707727
"396",440891.027507078
"397",307851.253234957
"398",434282.672829344
"399",549002.309195678
"400",314237.231456115
"401",904262.912133809
"402",308462.929966728
"403",614946.537794468
"404",272868.249235895
"405",376408.611009169
"406",689146.092212176
"407",331168.85252271
"408",534338.556539958
"409",440717.487946998
"410",347866.497938491
"411",270621.834411257
"412",520492.487628098
"413",345721.476913811
"414",304772.809814405
"415",723180.873110298
"416",371004.103491757
"417",300421.955852671
"418",388150.064858869
"419",471608.883093229
"420",280720.473755565
"421",287271.917594728
"422",986385.104876915
"423",262032.481582443
"424",443490.989898967
"425",689170.516098783
"426",489658.250456049
"427",617917.350022458
"428",1478308.48445449
"429",838718.540161652
"430",466268.714589886
"431",800087.8178138
"432",473931.906754447
"433",648485.975958449
"434",442340.302190522
"435",398856.527831029
"436",593354.217955896
"437",365629.876880936
"438",458567.33856613
"439",517559.085374499
"440",406798.198562234
"441",338821.161894884
"442",401131.050582893
"443",353312.151143202
"444",598289.640687962
"445",345308.357543582
"446",497720.143024147
"447",509110.811536212
"448",587231.48256455
"449",381303.868261981
"450",628513.224299211
"451",938209.222142225
"452",374608.217825372
"453",501393.30280019
"454",421354.810164749
"455",456035.271025582
"456",543217.841216003
"457",333133.696182575
"458",530450.347928237
"459",432279.715606969
"460",402250.596674964
"461",1075335.80503567
"462",315333.560316412
"463",734185.680554503
"464",366088.521242784
"465",387499.083893173
"466",714197.463722839
"467",387873.549274469
"468",295235.497343686
"469",237649.707539886
"470",617784.729329493
"471",784196.734442468
"472",332337.708340283
"473",399536.505449357
"474",465502.696978705
"475",606872.152181897
"476",480744.711270401
"477",445242.676497885
"478",469203.865177496
"479",331097.895259895
"480",446184.682382159
"481",270037.388741183
"482",399943.155341319
"483",450385.138400238
"484",1078130.23166209
"485",475665.767001861
"486",402500.431137982
"487",450209.97800165
"488",791086.855700976
"489",421609.934521849
"490",355810.581064101
"491",583485.935020113
"492",424720.049946423
"493",277887.851734226
"494",341421.676693748
"495",928352.354025254
"496",278981.115742006
"497",578724.525209441
"498",1008491.94299794
"499",790706.541468643
"500",437935.767470147
"501",323058.090006902
"502",286408.327770013
"503",445095.854286744
"504",402205.974569774
"505",308696.754479272
"506",350898.409797436
"507",278469.771768697
"508",327695.482428831
"509",928500.219013404
"510",778692.800299627
"511",341929.762594607
"512",350651.951294268
"513",572032.936896271
"514",573149.803058319
"515",645344.316834813
"516",1213075.63881954
"517",1213075.63881954
"518",335577.549470359
"519",296345.726751159
"520",465870.796560274
"521",399040.74629056
"522",352289.669431649
"523",549169.589763574
"524",458997.476220727
"525",465227.38101261
"526",297595.723829771
"527",339597.660267107
"528",351521.173474833
"529",918634.400418655
"530",506587.321069644
"531",368602.047529517
"532",934846.908458197
"533",896081.364160831
"534",631022.262426196
"535",480653.254973446
"536",716910.200742013
"537",668494.183353218
"538",621019.738067049
"539",378956.981795099
"540",488679.797176773
"541",461171.576225144
"542",413180.63368388
"543",502008.329468999
"544",531569.051102091
"545",717956.328147762
"546",317439.331800876
"547",358993.602285108
"548",407551.237610083
"549",796682.916994636
"550",521261.882311251
"551",344718.066877802
"552",613429.908468017
"553",662869.006855483
"554",771276.700128231
"555",523866.812193191
"556",489152.058450381
"557",400461.975322942
"558",446302.479333703
"559",341153.763268807
"560",548699.850938713
"561",583031.848990141
"562",545563.42196589
"563",390467.812337543
"564",619237.635029222
"565",283000.782525654
"566",418964.467395923
"567",490983.722151838
"568",327213.47523784
"569",726003.479504547
"570",368423.787244619
"571",304799.9062298
"572",421276.796462393
"573",406868.657720553
"574",313130.494687178
"575",390939.997459332
"576",275316.502160897
"577",386609.007583761
"578",334516.637750386
"579",932029.161892357
"580",347476.45923428
"581",585193.965165105
"582",385322.19901183
"583",555953.187539902
"584",439183.331653953
"585",334406.289294021
"586",373611.525742344
"587",249781.338103373
"588",407789.754959447
"589",269653.520327429
"590",324083.065882106
"591",287066.485902292
"592",311383.125207546
"593",457072.201951614
"594",359711.715503577
"595",409983.809696612
"596",662494.662033841
"597",501235.597475858
"598",505272.621913804
"599",481619.078044444
"600",524937.559158087
"601",514847.235833661
"602",794330.782053909
"603",445275.870592953
"604",332181.443932138
"605",233799.837581504
"606",535424.287036351
"607",255828.124186235
"608",485046.367083594
"609",341206.350172782
"610",521372.262057531
"611",1121224.82940365
"612",484355.658993274
"613",417378.898959193
"614",424836.253955408
"615",618840.895847019
"616",284023.230626011
"617",770323.714713917
"618",258905.906810843
"619",373147.770120829
"620",512513.838695779
"621",578993.348714737
"622",312465.496046654
"623",321323.996481938
"624",281392.42944329
"625",581023.27033958
"626",518219.650304359
"627",363148.264652483
"628",325652.381222863
"629",537509.799958194
"630",438724.212652921
"631",308199.884707479
"632",426831.006422602
"633",348943.794801226
"634",301285.891229699
"635",378172.552859383
"636",436734.714096238
"637",561557.955453491
"638",422498.881218314
"639",304517.617221476
"640",431921.065807823
"641",357499.568327866
"642",310752.196422665
"643",325924.799982579
"644",424707.175644455
"645",348384.83964525
"646",705537.478932799
"647",320976.940341274
"648",333952.570152562
"649",527765.854704674
"650",496469.463500744
"651",288785.768227527
"652",940790.688963032
"653",506794.277597475
"654",383536.629467764
"655",649242.590307881
"656",313005.764647818
"657",325138.893536478
"658",279956.574804166
"659",491672.005129756
"660",548276.435837631
"661",457259.642909423
"662",500861.584815906
"663",842407.357733767
"664",445393.927245279
"665",342891.767996388
"666",329110.660536194
"667",749432.435164902
"668",436429.165155867
"669",599483.949788854
"670",539178.73111805
"671",365432.034887779
"672",494795.47916928
"673",1120304.71554957
"674",538293.396138955
"675",537649.677154329
"676",665812.512726321
"677",870070.633779088
"678",263695.770531728
"679",582094.16007328
"680",312900.19039217
"681",409525.929832198
"682",299185.780902135
"683",627227.669120208
"684",436586.664450149
"685",403917.464845412
"686",556476.486882128
"687",474791.679447839
"688",400468.735389832
"689",472166.580945462
"690",385895.378089779
"691",365125.291251632
"692",1200070.77624753
"693",460222.49979217
"694",654741.477846512
"695",440890.784077509
"696",389465.254757921
"697",424159.067317016
"698",336869.773085878
"699",465480.963293441
"700",1194225.52701563
"701",450707.701477291
"702",913511.951558315
"703",563333.884905698
"704",329597.158734523
"705",406478.71708821
"706",298781.933302476
"707",499130.161232179
"708",706692.635197396
"709",278486.996135183
"710",447245.758380305
"711",605626.013029855
"712",413040.821524608
"713",497357.841002684
"714",450025.312644588
"715",388014.204804812
"716",415338.618665021
"717",306215.388735943
"718",394243.327562695
"719",303515.980115386
"720",441429.573712308
"721",651435.384267071
"722",715311.495476587
"723",569859.811438783
"724",428850.049737072
"725",437936.949905187
"726",417299.870247675
"727",416024.239381557
"728",298394.052423783
"729",1490959.97850613
"730",398567.165287578
"731",349291.291909144
"732",320194.051746961
"733",789566.022883877
"734",1239410.49556478
"735",601435.511589851
"736",351205.622993438
"737",723702.321475358
"738",350142.806890293
"739",618015.572361946
"740",436208.433219051
"741",385769.576872739
"742",841873.827742354
"743",475398.248919987
"744",598730.144736208
"745",361584.429882166
"746",616696.97087244
"747",479733.166021829
"748",298384.328436411
"749",498531.562161393
"750",577861.787034867
"751",313393.735724887
"752",1229660.31792994
"753",842120.40304048
"754",389289.37563803
"755",565715.610850786
"756",302504.95796831
"757",489168.515482167
"758",776198.701251717
"759",711599.591934249
"760",529534.215070741
"761",456162.866216324
"762",383565.487211479
"763",438919.835801335
"764",284774.413745994
"765",285137.712034584
"766",285137.712034584
"767",290719.095191292
"768",707489.476338292
"769",289867.705688901
"770",670842.833050155
"771",301389.412915261
"772",943067.395921639
"773",675202.46443517
"774",526872.368214388
"775",334423.342531506
"776",607132.484681325
"777",284004.480785855
"778",647749.17849294
"779",381772.551518583
"780",317351.856546536
"781",563111.73358737
"782",359800.251211092
"783",424196.87997245
"784",295852.827355616
"785",318583.036411171
"786",415628.211706949
"787",422378.640333523
"788",544263.395389937
"789",305346.517492535
"790",567167.768170005
"791",496758.536763794
"792",760679.554042238
"793",668435.840809987
"794",557559.257223179
"795",502579.493386358
"796",573712.878785886
"797",388067.072998577
"798",657498.965118311
"799",285072.985488869
"800",959119.677670964
"801",319196.501009827
"802",609267.324022852
"803",435495.296902569
"804",422877.738857345
"805",833063.430811635
"806",338002.197233453
"807",589598.991678235
"808",555451.791891581
"809",318800.885224163
"810",350215.965208773
"811",591938.24180361
"812",372747.370054589
"813",558277.300774404
"814",616777.933198751
"815",340928.830528497
"816",305409.354024842
"817",369635.400444411
"818",288813.986605681
"819",398856.527831029
"820",863184.587302711
"821",499075.133779042
"822",635819.855626259
"823",1128656.42392518
"824",433557.882734423
"825",357975.861232086
"826",307267.639335611
"827",358666.258061758
"828",393954.383863793
"829",694821.18934532
"830",455983.547427174
"831",735368.174670391
"832",325073.678352859
"833",399289.867479754
"834",408911.972485582
"835",446477.056154562
"836",310673.529410918
"837",294577.609742433
"838",731476.449818982
"839",386971.815697869
"840",431105.895850099
"841",310497.672851662
"842",856518.98515072
"843",900280.827403235
"844",426899.853270164
"845",394087.277228992
"846",452075.069187926
"847",642701.413816119
"848",289935.813725303
"849",1160610.49685112
"850",499050.891102163
"851",291390.46128017
"852",333437.54234843
"853",299671.5130978
"854",403950.652676028
"855",343147.738717649
"856",629552.50346276
"857",358552.486098351
"858",431176.515881888
"859",275785.996596608
"860",671166.116368156
"861",312524.665614508
"862",344063.088762436
"863",396908.088815477
"864",335656.782440664
"865",361421.747181971
"866",788355.198552357
"867",583817.981087455
"868",398427.119128977
"869",399048.566586073
"870",435575.725756202
"871",358440.271794405
"872",423647.80131016
"873",431281.018295356
"874",567885.096054779
"875",418972.124591797
"876",872887.354757292
"877",382774.889990526
"878",459650.133099432
"879",550178.886862702
"880",1457668.86032994
"881",1071587.51404506
"882",420362.440416772
"883",508402.867446885
"884",487766.320519406
"885",407585.275199818
"886",276914.11561684
"887",349677.721526463
"888",731287.793608477
"889",344503.531901515
"890",624443.909080543
"891",510818.724473415
"892",515490.116311657
"893",324662.031409284
"894",384110.689407006
"895",447486.6042657
"896",407617.152741999
"897",331662.85965634
"898",328345.791027331
"899",492770.834834142
"900",305074.827694343
"901",546851.471546814
"902",683456.056174148
"903",357349.09612069
"904",426134.083098507
"905",585762.13669413
"906",400746.737697586
"907",379454.978533578
"908",466843.831520925
"909",1244366.30013217
"910",295081.139226671
"911",419729.582147138
"912",436177.692808943
"913",357736.069974714
"914",422637.968842425
"915",269871.008698258
"916",360239.23466082
"917",613429.908468017
"918",399656.125971286
"919",796983.305181638
"920",566426.0580547
"921",360282.528124074
"922",552306.146047003
"923",561217.226125276
"924",697092.211470054
"925",380040.490982308
"926",296892.968186143
"927",349081.603571766
"928",691477.26191252
"929",297504.650623481
"930",294622.070947514
"931",662547.801644075
"932",319341.776502537
"933",787990.364778762
"934",331585.83841382
"935",574193.155138453
"936",436893.155373086
"937",327731.366012103
"938",280831.931417167
"939",342136.79977488
"940",466969.743323744
"941",405978.546921173
"942",411964.844723883
"943",451382.638342852
"944",495617.384226771
"945",383024.807975393
"946",370622.751083309
"947",314494.216965254
"948",319196.501009827
"949",447747.041939519
"950",539858.14384189
"951",382212.717466242
"952",827902.360086257
"953",352648.082996133
"954",361418.78067952
"955",652227.466974527
"956",291767.419436725
"957",443177.988740458
"958",295362.193403827
"959",523695.821796633
"960",616985.478778435
"961",443573.181596343
"962",632359.354365266
"963",352459.090134917
"964",341842.51955892
"965",335153.001425396
"966",587166.66126951
"967",863764.319881789
"968",462169.672748159
"969",538297.598940058
"970",367763.361775432
"971",672943.314427562
"972",381464.846936422
"973",302438.16616181
"974",603246.799634565
"975",527044.005392004
"976",580614.046859263
"977",685810.834414426
"978",527408.513426217
"979",567544.669345703
"980",378098.041383309
"981",817351.212080274
"982",474540.949710551
"983",394731.526777256
"984",309817.153497825
"985",427435.609367238
"986",296343.150992345
"987",275110.394750181
"988",431430.22788811
"989",352735.955843273
"990",372752.574657546
"991",293325.26044038
"992",786105.301276875
"993",1823077.44889557
"994",317232.773718643
"995",315370.422953104
"996",438007.722695619
"997",598891.401575989
"998",790031.492861075
"999",563946.239096414
"1000",391182.241687897
"1001",482880.948588507
"1002",330478.068946537
"1003",322143.334275883
"1004",1294908.49109585
"1005",296846.013564777
"1006",521363.829167765
"1007",686024.692205549
"1008",717381.47089557
"1009",1049802.08700246
"1010",622886.890337885
"1011",757107.12955443
"1012",324687.332975217
"1013",1047210.00370264
"1014",513630.633987174
"1015",542959.241166419
"1016",597868.829675179
"1017",301073.922086954
"1018",251813.34617546
"1019",333863.928508196
"1020",377377.043366379
"1021",450505.762840804
"1022",574272.837173232
"1023",751513.531083867
"1024",465786.105577544
"1025",461752.613481336
"1026",271308.696750413
"1027",406723.939772913
"1028",295272.914033979
"1029",341868.37315763
"1030",299557.779379445
"1031",406544.351245929
"1032",364897.950772336
"1033",352957.305322514
"1034",674944.356723103
"1035",516073.205080407
"1036",467863.608217393
"1037",573108.853757187
"1038",461214.241099469
"1039",320985.32133921
"1040",382559.212180517
"1041",695512.738102861
"1042",475324.235852203
"1043",298402.596460766
"1044",443807.470468079
"1045",489297.169486904
"1046",562581.858769058
"1047",637765.055593027
"1048",320996.335267945
"1049",350438.783580475
"1050",606736.62063964
"1051",441722.037251565
"1052",371179.77526219
"1053",625551.414031846
"1054",500546.785219638
"1055",319878.609528592
"1056",512657.283225392
"1057",783444.234704732
"1058",588006.889728809
"1059",488168.120799438
"1060",600264.698371364
"1061",485486.425700295
"1062",1044549.74675468
"1063",452107.586535751
"1064",393871.364552602
"1065",507895.731715324
"1066",307349.153172185
"1067",380691.117571349
"1068",513346.970168279
"1069",432801.162493642
"1070",536124.94745298
"1071",728534.557702068
"1072",441881.009247399
"1073",284363.975995216
"1074",438959.176541199
"1075",293126.81179787
"1076",459198.108593868
"1077",320091.81228452
"1078",810559.615536239
"1079",281484.82032774
"1080",374106.269289842
"1081",433810.518878491
"1082",300236.227778616
"1083",512977.827470499
"1084",473562.418315639
"1085",378426.024660513
"1086",312465.496046654
"1087",491223.213975967
"1088",522322.869647457
"1089",334432.329693136
"1090",350167.317491867
"1091",577404.429070022
"1092",369000.067098991
"1093",288171.443298978
"1094",450715.116259265
"1095",712554.155907832
"1096",616221.892927098
"1097",398119.340128255
"1098",309276.969513614
"1099",435873.710691008
"1100",331994.166283794
"1101",615414.314691217
"1102",262043.487981911
"1103",362004.731465557
"1104",567931.210239575
"1105",729849.513915255
"1106",1126602.15709943
"1107",846797.472185696
"1108",441232.187302712
"1109",297321.061328404
"1110",557539.510428794
"1111",340333.955464648
"1112",378072.300874118
"1113",488234.758937914
"1114",992285.23861998
"1115",239156.696998947
"1116",496758.396243982
"1117",520770.016987149
"1118",315855.207546087
"1119",386584.259280901
"1120",682034.345009269
"1121",956856.37659523
"1122",486585.476041063
"1123",578195.686240432
"1124",609839.679028716
"1125",484604.076358735
"1126",439125.286554579
"1127",318145.387842916
"1128",312234.144623309
"1129",429090.672670929
"1130",653382.751419731
"1131",628404.219691389
"1132",506626.779998713
"1133",461119.665912964
"1134",283612.172135734
"1135",575425.377396731
"1136",309967.477451161
"1137",631949.994196647
"1138",507095.475438676
"1139",527271.075027947
"1140",342064.229910996
"1141",388626.401887479
"1142",584567.140522138
"1143",320365.10344511
"1144",357483.154426101
"1145",430567.940089828
"1146",843876.1832034
"1147",322130.393713569
"1148",308742.35097058
"1149",470087.762133839
"1150",517804.446274787
"1151",1417214.85695347
"1152",390627.007773934
"1153",360259.064629058
"1154",408889.384479875
"1155",286632.480868277
"1156",314819.611330115
"1157",650035.865987917
"1158",270133.155139528
"1159",677652.340188982
"1160",390866.048991914
"1161",406282.918236214
"1162",294183.542421699
"1163",713192.942474119
"1164",330044.974033793
"1165",281921.633828715
"1166",433550.84405199
"1167",256455.651965526
"1168",312936.472606798
"1169",264344.010961047
"1170",370046.451640026
"1171",782105.819068002
"1172",911426.911969424
"1173",415300.47409312
"1174",538997.251713511
"1175",322765.643936978
"1176",347483.867239528
"1177",1377927.22126977
"1178",327433.663384871
"1179",241041.047216896
"1180",427027.492852734
"1181",413309.117291052
"1182",443332.056284479
"1183",433244.885793831
"1184",357718.449760025
"1185",893511.800180847
"1186",354148.647836606
"1187",370699.249980124
"1188",295101.182196591
"1189",576024.933599406
"1190",303631.923859462
"1191",359994.469820577
"1192",524179.964551603
"1193",329277.971700282
"1194",637645.016196648
"1195",1019621.75845509
"1196",484731.690810509
"1197",354054.628657604
"1198",380106.185756584
"1199",308112.5231913
"1200",467354.362215766
"1201",330595.573363429
"1202",654584.597159312
"1203",312716.188954071
"1204",329022.117846104
"1205",462776.102755199
"1206",349308.423898747
"1207",748395.181698493
"1208",300814.951805508
"1209",514705.314318591
"1210",298243.976939494
"1211",808303.776700567
"1212",394415.584619832
"1213",383522.172798364
"1214",309470.748103272
"1215",402288.999383707
"1216",515641.536518024
"1217",505194.899029439
"1218",307560.305890703
"1219",536381.332878191
"1220",922609.856150949
"1221",744999.333415169
"1222",419138.553031315
"1223",406898.082749532
"1224",511878.042118396
"1225",353562.936542028
"1226",448637.43455015
"1227",339607.929690885
"1228",501463.114611889
"1229",454707.369818653
"1230",929547.590976687
"1231",337074.899255198
"1232",418637.18459852
"1233",451403.79927714
"1234",364877.71334354
"1235",277611.246714295
"1236",251960.642194959
"1237",923176.041555748
"1238",351625.35697775
"1239",373241.121339609
"1240",547847.212381146
"1241",1008934.60082034
"1242",292609.242385473
"1243",845191.558077297
"1244",238664.063041812
"1245",326779.076215772
"1246",410424.55081531
"1247",421659.867104728
"1248",257706.105550529
"1249",317393.582246957
"1250",317718.754785809
"1251",450338.881780961
"1252",384080.640538043
"1253",443152.137139024
"1254",339736.397338255
"1255",360841.341470039
"1256",400175.741676651
"1257",441955.199017028
"1258",519325.415473064
"1259",924098.914574783
"1260",369549.409078577
"1261",465530.231882529
"1262",398034.020746095
"1263",263223.079408067
"1264",607465.292930375
"1265",699531.692407595
"1266",2640472.22766737
"1267",1705635.01620705
"1268",356830.161757216
"1269",310214.045420461
"1270",535574.170445313
"1271",883531.829955734
"1272",415977.839331726
"1273",370743.361599513
"1274",742513.423388876
"1275",462085.28347375
"1276",390132.708550714
"1277",436946.782075256
"1278",433748.627949835
"1279",340102.166452244
"1280",374300.002719995
"1281",512251.332644355
"1282",491121.688922751
"1283",374537.642933317
"1284",770639.623205899
"1285",726708.66770195
"1286",278139.576274491
"1287",377176.441310866
"1288",523917.426528313
"1289",545410.065637966
"1290",351694.167863037
"1291",549386.397417195
"1292",422586.376419854
"1293",376344.349976992
"1294",435029.091609016
"1295",671540.080413816
"1296",371508.018633341
"1297",746331.805054147
"1298",275024.440408483
"1299",335192.002679645
"1300",489705.312889896
"1301",421069.303980711
"1302",409566.457181397
"1303",591836.053033036
"1304",547743.779804786
"1305",494407.555542421
"1306",609197.408271178
"1307",301135.686363201
"1308",521270.57022998
"1309",284571.374855273
"1310",534181.448020442
"1311",969633.949126779
"1312",317043.353596278
"1313",287284.867032167
"1314",702026.644756778
"1315",363875.376137394
"1316",473065.445897158
"1317",726452.299573543
"1318",389424.988816908
"1319",384823.208347551
"1320",1061775.52986318
"1321",424781.378983795
"1322",488465.646185144
"1323",368713.23299166
"1324",431390.349123541
"1325",429149.588372942
"1326",618078.173418803
"1327",338661.289076347
"1328",388320.301745179
"1329",384563.581380367
"1330",478733.769675033
"1331",1005899.31385764
"1332",349848.466226836
"1333",323940.402676542
"1334",418056.5521619
"1335",557639.073942069
"1336",496117.692731596
"1337",634066.115641296
"1338",310724.868274614
"1339",446458.667075681
"1340",618380.487991911
"1341",282667.977443548
"1342",531148.447222497
"1343",384616.270311408
"1344",410091.025906755
"1345",789100.522782166
"1346",285150.741584774
"1347",347268.860830547
"1348",415159.777236276
"1349",350657.620482442
"1350",308790.357215223
"1351",393845.108507996
"1352",395105.026383495
"1353",879883.748973639
"1354",463745.618873905
"1355",309876.888218721
"1356",612560.037650635
"1357",656198.069590053
"1358",1620951.43766005
"1359",471653.004402926
"1360",1065589.43165108
"1361",322903.507353376
"1362",354612.047990231
"1363",695508.320608936
"1364",379537.254811199
"1365",580287.536351791
"1366",2275032.1584465
"1367",448821.235056388
"1368",401218.880788565
"1369",1441120.16563374
"1370",407249.616569758
"1371",687311.652415667
"1372",269323.77738187
"1373",651674.215875578
"1374",511216.124259084
"1375",317518.394153244
"1376",290307.544673936
"1377",426392.644064579
"1378",378856.903197048
"1379",434911.765017125
"1380",375994.959627659
"1381",689990.253117794
"1382",817984.25583181
"1383",332536.287572111
"1384",474928.840531252
"1385",391682.711204375
"1386",350384.143447881
"1387",269274.461134606
"1388",354991.622124993
"1389",332149.430136399
"1390",341764.247037185
"1391",428098.197351581
"1392",325202.969878877
"1393",326139.535115389
"1394",570670.981844584
"1395",457744.991362384
"1396",611752.36748295
"1397",310497.672851662
"1398",581624.57388814
"1399",459659.533700994
"1400",618218.621507801
"1401",507963.882548453
"1402",365501.394096576
"1403",607856.129628763
"1404",278913.209566143
"1405",526022.943562086
"1406",665386.900822046
"1407",276366.838098748
"1408",797088.275924627
"1409",459319.198574507
"1410",394571.336697147
"1411",456076.682906155
"1412",292817.357367153
"1413",495281.088267015
"1414",300509.794212337
"1415",671175.663543286
"1416",559300.213796481
"1417",362034.81151264
"1418",373751.286119667
"1419",302001.00558426
"1420",362863.470267737
"1421",382630.466025193
"1422",300764.292837919
"1423",307094.250375554
"1424",544790.29243194
"1425",691787.826471223
"1426",375424.527602045
"1427",521422.245215865
"1428",1904797.11261956
"1429",454338.973015808
"1430",461939.371374726
"1431",703029.751168471
"1432",369918.096614981
"1433",291400.08044416
"1434",406298.985144034
"1435",640079.409254394
"1436",525916.512683456
"1437",446631.75432768
"1438",575090.145876373
"1439",408772.901674539
"1440",384911.783363849
"1441",347388.612376509
"1442",320516.616527245
"1443",277646.699439979
"1444",370508.452887707
"1445",341481.058549338
"1446",429467.833752206
"1447",691719.750312841
"1448",426116.2187563
"1449",375181.736236276
"1450",744796.232776574
"1451",357228.627917894
"1452",266547.650652626
"1453",566604.707199736
"1454",322151.103567458
"1455",456801.291654351
"1456",361361.918065464
"1457",503740.805811157
"1458",272965.524779125
"1459",450010.037156016
"1460",316357.632933696
"1461",474284.657127636
"1462",265549.698937165
"1463",444449.256991744
"1464",454152.2606697
"1465",344269.846377659
"1466",388328.881776458
"1467",908880.234814009
"1468",402781.925341021
"1469",472120.336011692
"1470",608193.317868674
"1471",257982.766219758
"1472",649664.172292564
"1473",360731.263603968
"1474",389174.997159141
"1475",285410.755275446
"1476",299440.274659424
"1477",366300.257902237
"1478",297404.723475604
"1479",490137.980751386
"1480",350726.86308417
"1481",297255.14626321
"1482",632460.000614433
"1483",443278.410272339
"1484",367174.449393122
"1485",468464.386793505
"1486",301112.329444247
"1487",565875.358986876
"1488",926723.402246161
"1489",522659.273383776
"1490",833689.992627019
"1491",506036.390268224
"1492",515174.167245147
"1493",606614.884632196
"1494",275326.491358433
"1495",449015.471155012
"1496",333903.850057671
"1497",358335.550117999
"1498",399646.428404229
"1499",388150.064858869
"1500",1053382.19496285
"1501",292942.395108274
"1502",421828.37895852
"1503",859150.857611136
"1504",286569.035984339
"1505",331766.757224666
"1506",459840.392241063
"1507",654388.364845456
"1508",328547.614953148
"1509",460727.468477266
"1510",410459.513327348
"1511",547323.23861016
"1512",376495.452601219
"1513",270450.085866739
"1514",326637.654026545
"1515",857253.938759073
"1516",441400.805899066
"1517",692558.852790221
"1518",708171.81572723
"1519",447998.989295652
"1520",483799.176436414
"1521",403816.238731971
"1522",355811.868690724
"1523",315755.500197735
"1524",481751.927606262
"1525",476572.139664349
"1526",287616.659769934
"1527",341210.41490215
"1528",560947.877866651
"1529",342198.7373329
"1530",320976.940341274
"1531",323933.080459414
"1532",351991.09592739
"1533",1157397.62555862
"1534",353076.757270383
"1535",515695.793299624
"1536",547962.750075869
"1537",291793.121982592
"1538",382260.565133284
"1539",467607.173751813
"1540",633677.786947507
"1541",719672.753377367
"1542",551601.656684952
"1543",345575.340469012
"1544",379986.474837874
"1545",342617.013649593
"1546",1294582.62256175
"1547",636974.94366742
"1548",484896.031350173
"1549",512633.360753621
"1550",355824.024347066
"1551",341047.965073877
"1552",363073.823766936
"1553",291336.56277136
"1554",273131.919406532
"1555",282344.313906568
"1556",1583757.68027993
"1557",644373.404083098
"1558",297153.141179841
"1559",491787.93442444
"1560",472290.490514087
"1561",359486.348798526
"1562",310459.520790494
"1563",423228.879731055
"1564",571981.969136857
"1565",775129.434603942
"1566",768304.15365533
"1567",342137.603859651
"1568",323541.336804152
"1569",525221.532625275
"1570",1137798.20387924
"1571",752548.52316971
"1572",335910.071617125
"1573",468790.883668331
"1574",371248.861404075
"1575",743708.746601054
"1576",418511.708113507
"1577",526087.866449261
"1578",301917.420139038
"1579",314431.352132799
"1580",392766.921374434
"1581",383668.191912463
"1582",252898.753895672
"1583",376296.157614022
"1584",415194.682614943
"1585",1195604.3811285
"1586",304825.380886101
"1587",537899.656159336
"1588",1076735.75158259
"1589",446171.293175485
"1590",288320.192401442
"1591",330018.079869507
"1592",306993.064658524
"1593",389723.012406148
"1594",412730.796480211
"1595",327006.971508871
"1596",409588.599112003
"1597",262819.704976461
"1598",1660399.12900731
"1599",485751.141094812
"1600",345056.067318957
"1601",284072.637748534
"1602",394389.442853942
"1603",313078.975959068
"1604",401624.482686189
"1605",453559.335919251
"1606",463861.752000851
"1607",826681.05610826
"1608",294481.304770327
"1609",270775.790749578
"1610",299910.745597132
"1611",492863.375797837
"1612",269635.289158822
"1613",405815.519533405
"1614",418811.929910521
"1615",446490.619446718
"1616",299668.350666753
"1617",332742.245258642
"1618",611233.05231304
"1619",432436.400964376
"1620",409588.524454661
"1621",250665.553544159
"1622",418089.595580325
"1623",306891.662058917
"1624",457257.993886516
"1625",492343.555831294
"1626",338315.660289999
"1627",388150.064858869
"1628",422193.99472729
"1629",309366.214285705
"1630",523744.294465213
"1631",731929.812196919
"1632",273212.107431148
"1633",712358.574378246
"1634",1420264.36392909
"1635",276161.951345794
"1636",301886.112708244
"1637",362587.834941934
"1638",333516.438881522
"1639",466690.553709734
"1640",362463.858184478
"1641",710946.818846907
"1642",579822.351626959
"1643",504530.73074011
"1644",649773.857830976
"1645",357625.790676925
"1646",438119.72274993
"1647",285258.860428712
"1648",859118.297755847
"1649",527946.698968256
"1650",276800.0289062
"1651",337676.739594956
"1652",366943.315626354
"1653",406176.082505846
"1654",460018.053135049
"1655",444889.517340267
"1656",340033.447815543
"1657",280882.547299932
"1658",788118.368666383
"1659",597184.238527303
"1660",316571.320048794
"1661",436223.556029625
"1662",388359.950969279
"1663",238288.680062465
"1664",633286.284797265
"1665",563227.104873075
"1666",387054.914558086
"1667",588660.261243926
"1668",517234.833621832
"1669",568952.907895905
"1670",915517.380561531
"1671",309738.09885966
"1672",340891.887096114
"1673",693570.834333422
"1674",386095.103732595
"1675",332474.205715195
"1676",213635.957473123
"1677",405890.035741444
"1678",1036959.50509867
"1679",362360.942901039
"1680",463155.413702342
"1681",554345.891778826
"1682",280302.815431109
"1683",436104.547669327
"1684",332159.255109368
"1685",473506.439802521
"1686",568655.6648067
"1687",284528.087250112
"1688",378561.907304783
"1689",392865.648823434
"1690",287912.570020547
"1691",413791.000522542
"1692",434619.323654082
"1693",710006.417288852
"1694",358405.68404457
"1695",370786.185698754
"1696",360841.341470039
"1697",322762.724833903
"1698",1093641.60605933
"1699",390671.143748887
"1700",492411.061829494
"1701",645069.212277838
"1702",274392.235831862
"1703",313617.358296785
"1704",507246.521211384
"1705",362174.259527466
"1706",563904.413129389
"1707",574767.957477388
"1708",492030.758150559
"1709",381886.898659176
"1710",348313.443787713
"1711",445756.401627709
"1712",334197.230393137
"1713",427106.500650401
"1714",565774.636163034
"1715",700438.232001511
"1716",257172.185298922
"1717",821985.038854959
"1718",836630.228998887
"1719",350344.229542315
"1720",328424.41288966
"1721",503370.40418441
"1722",617543.542734651
"1723",531857.503584133
"1724",327657.984741968
"1725",1046109.64147982
"1726",364841.138201531
"1727",661323.166215347
"1728",785261.911867825
"1729",551842.572651733
"1730",431124.482215241
"1731",477765.114908539
"1732",420765.28460374
"1733",264243.890695567
"1734",342026.545160923
"1735",463935.278058055
"1736",694929.484175221
"1737",591670.265534518
"1738",630770.290941999
"1739",405406.888007794
"1740",349538.479585036
"1741",390241.404413008
"1742",445743.888337709
"1743",243520.456101083
"1744",287616.659769934
"1745",288770.173668096
"1746",408105.237166407
"1747",535257.050200463
"1748",263293.456125503
"1749",298633.870619392
"1750",394853.583677103
"1751",456570.065240722
"1752",843858.620036148
"1753",393481.124257784
"1754",506511.056741126
"1755",433128.856297619
"1756",724336.278873933
"1757",778267.684119086
"1758",412430.110401178
"1759",400026.479136104
"1760",345316.186353552
"1761",679355.935763252
"1762",687651.278848416
"1763",305275.162080507
"1764",416987.04143818
"1765",715999.992249148
"1766",711893.93678776
"1767",406477.866924895
"1768",417711.923233095
"1769",393497.57423614
"1770",317029.023803651
"1771",360550.569191762
"1772",807896.00058762
"1773",335640.651002795
"1774",673425.363372837
"1775",424657.238723281
"1776",456281.485998867
"1777",500688.551575255
"1778",375873.181138477
"1779",348296.777875834
"1780",419094.291376177
"1781",709830.670315397
"1782",550298.959595321
"1783",781446.653812497
"1784",338091.006190307
"1785",543496.058144704
"1786",839069.139499502
"1787",463630.329039165
"1788",1004202.69773791
"1789",573575.800764648
"1790",335577.549470359
"1791",611549.579523361
"1792",682610.751728916
"1793",483161.061856367
"1794",320976.940341274
"1795",742821.331772436
"1796",582966.836517381
"1797",306498.541327572
"1798",339888.487038797
"1799",355564.694054737
"1800",578576.48641655
"1801",430591.021964446
"1802",271493.184447774
"1803",365675.42356079
"1804",402110.247629197
"1805",354127.513952033
"1806",929154.076675273
"1807",719439.746299228
"1808",547994.447452644
"1809",281604.018932299
"1810",417246.153608219
"1811",516042.944926708
"1812",419284.155015601
"1813",556652.453817942
"1814",1716132.9658733
"1815",3843001.23984649
"1816",299144.456961102
"1817",661518.93065991
"1818",783832.963826099
"1819",286246.742001716
"1820",667457.699204934
"1821",459038.467367373
"1822",415959.778743343
"1823",470928.630554884
"1824",354713.60661542
"1825",1083366.10956558
"1826",353504.84282262
"1827",620489.395897672
"1828",265549.698937165
"1829",492063.886802017
"1830",582367.310437635
"1831",641787.484262567
"1832",325811.896705504
"1833",354036.821429069
"1834",475898.912146596
"1835",481122.532057225
"1836",498106.602489595
"1837",718518.985863609
"1838",354320.996816842
"1839",305848.745764183
"1840",570256.123120216
"1841",345213.761067997
"1842",305593.983104092
"1843",312932.014826506
"1844",385427.31439417
"1845",625953.89491101
"1846",317613.498725927
"1847",514698.723825241
"1848",442706.41238429
"1849",310848.1020526
"1850",280449.448198173
"1851",516932.673615021
"1852",368284.162185578
"1853",459561.118925733
"1854",501990.735989958
"1855",423979.082530995
"1856",332919.878145999
"1857",415288.3066512
"1858",368402.466563727
"1859",372315.27248886
"1860",316479.208038008
"1861",756770.44177559
"1862",753544.852836614
"1863",339498.446500954
"1864",416216.626191673
"1865",494487.767976871
"1866",511945.440576461
"1867",442635.585198694
"1868",420265.163912516
"1869",364195.321715564
"1870",363117.127898208
"1871",509517.082001478
"1872",424117.949692408
"1873",945836.18467064
"1874",281433.260687173
"1875",342998.304286119
"1876",382143.193907794
"1877",278683.565883467
"1878",277801.538677074
"1879",418804.121961919
"1880",608496.985108687
"1881",1048367.66596116
"1882",492884.81390247
"1883",486630.123057473
"1884",360193.167196767
"1885",516644.051196138
"1886",361187.866895909
"1887",310087.101543949
"1888",500573.912332908
"1889",443583.148715319
"1890",252366.027014116
"1891",338325.595495263
"1892",748388.754011085
"1893",345590.482692879
"1894",419896.617959482
"1895",693612.152803855
"1896",264530.190517577
"1897",664184.401463552
"1898",405668.67479621
"1899",350844.142356268
"1900",696116.977323279
"1901",491850.579560196
"1902",645069.212277838
"1903",443705.598020087
"1904",561200.589900487
"1905",461810.377005131
"1906",557237.288490728
"1907",758911.326626673
"1908",327868.773014953
"1909",420137.235023569
"1910",742552.234676192
"1911",582920.440655581
"1912",312888.997769828
"1913",1091121.50416054
"1914",938384.00937111
"1915",496494.038605945
"1916",287616.659769934
"1917",593146.159259765
"1918",479879.603340005
"1919",559171.144177114
"1920",593453.250284567
"1921",496034.139976245
"1922",610121.39995701
"1923",300302.225725608
"1924",464785.345184358
"1925",778960.598931398
"1926",411773.735882736
"1927",377675.706259864
"1928",400807.295974009
"1929",531644.387723307
"1930",553464.465671282
"1931",493846.868015223
"1932",333709.148749502
"1933",338769.057056154
"1934",662869.006855483
"1935",630264.968991996
"1936",777728.589228202
"1937",357180.887955959
"1938",345198.100121025
"1939",383271.313633982
"1940",277882.484690662
"1941",307842.76478259
"1942",313195.019109799
"1943",559739.542995651
"1944",330049.335702987
"1945",498147.358024025
"1946",525726.425817214
"1947",381801.087409407
"1948",905220.288246414
"1949",647533.203439965
"1950",625223.164252175
"1951",281484.82032774
"1952",741313.897899604
"1953",496615.255955689
"1954",912062.445466572
"1955",539090.670563541
"1956",584613.430649716
"1957",370488.483821387
"1958",302933.423055858
"1959",1230292.63423334
"1960",710500.623495392
"1961",359826.996233961
"1962",473173.534488106
"1963",368780.787754304
"1964",275346.468501798
"1965",764293.797747089
"1966",681130.549466605
"1967",388415.082620088
"1968",540199.393728111
"1969",532508.195851026
"1970",567195.940798299
"1971",493258.706307883
"1972",350271.724356085
"1973",391971.980110435
"1974",369596.743889256
"1975",318558.442685068
"1976",436658.626456686
"1977",292254.275147256
"1978",418587.908586535
"1979",328187.400461543
"1980",516460.870731635
"1981",541560.37704645
"1982",331507.096716643
"1983",293083.339592786
"1984",460674.587285217
"1985",495050.756817954
"1986",740208.632506361
"1987",518129.124711581
"1988",447865.209792288
"1989",378777.03181845
"1990",708171.81572723
"1991",313599.084398336
"1992",305053.278011996
"1993",949962.429122125
"1994",463703.671216419
"1995",930921.23773495
"1996",832551.452803115
"1997",517235.708803906
"1998",511090.963653641
"1999",311341.777706502
"2000",400597.845813022
"2001",425016.794541775
"2002",356205.705743311
"2003",531535.354388424
"2004",554415.057212974
"2005",472874.090776831
"2006",307921.934300301
"2007",334494.038729303
"2008",481697.482482883
"2009",606557.966752088
"2010",401726.906726715
"2011",338627.202789392
"2012",460916.394307253
"2013",332383.784029427
"2014",373375.831882912
"2015",251326.321316174
"2016",613889.594040456
"2017",315176.854730682
"2018",665547.240095104
"2019",465113.330342
"2020",440772.090363496
"2021",362851.299228921
"2022",297975.425963068
"2023",428999.749561293
"2024",475379.656375884
"2025",584641.122368977
"2026",276072.830218084
"2027",333770.852369255
"2028",348777.040865907
"2029",345339.969733384
"2030",342991.192852581
"2031",369000.067098991
"2032",356898.147870812
"2033",515816.780729665
"2034",678229.085508843
"2035",275341.183208233
"2036",406664.125833531
"2037",339313.904913203
"2038",489118.710854247
"2039",465638.032623852
"2040",383192.704173264
"2041",344480.011815818
"2042",334940.843738436
"2043",447496.701000416
"2044",1669571.8619478
"2045",357901.534066275
"2046",356149.358607322
"2047",978054.712769753
"2048",366883.273898396
"2049",266938.322950476
"2050",533058.326032707
"2051",568851.628400663
"2052",638653.674221544
"2053",357346.821393496
"2054",506893.653187057
"2055",470153.5997007
"2056",434524.074534577
"2057",465767.767078199
"2058",1237681.05077173
"2059",514243.204415154
"2060",460379.859288857
"2061",552379.189170461
"2062",477617.435836777
"2063",386562.8691995
"2064",836294.132080391
"2065",435318.194231659
"2066",624930.721387198
"2067",397422.853116669
"2068",1508594.35829399
"2069",345068.467332897
"2070",828168.72785444
"2071",526167.560839292
"2072",501245.61426369
"2073",419301.566235913
"2074",410004.165678897
"2075",280756.728278961
"2076",521938.326728828
"2077",290592.497470326
"2078",306383.576843212
"2079",804628.90050273
"2080",438007.722695619
"2081",463260.037671543
"2082",647119.894208608
"2083",451735.78124895
"2084",629061.034296322
"2085",466316.452726728
"2086",797603.655801772
"2087",666633.856638271
"2088",497643.982706974
"2089",339493.531899522
"2090",353672.597099886
"2091",294631.821277146
"2092",365629.876880936
"2093",377972.081411029
"2094",565106.120255291
"2095",517442.471686509
"2096",462770.786612518
"2097",652530.960546581
"2098",556584.940278417
"2099",603142.379082999
"2100",378621.851822725
"2101",408221.587384919
"2102",445602.529516114
"2103",401775.604007938
"2104",283467.7877871
"2105",283779.578452074
"2106",383046.547240923
"2107",288554.250064515
"2108",363627.857211109
"2109",622826.845118149
"2110",291212.472657341
"2111",447105.334648679
"2112",655852.678003367
"2113",390590.913083032
"2114",395223.248028273
"2115",594543.385648591
"2116",1266698.82453545
"2117",296616.536544733
"2118",518373.248595381
"2119",816159.793433257
"2120",432027.348110954
"2121",1037954.56243738
"2122",673284.366117933
"2123",906837.433664773
"2124",481378.572929027
"2125",438463.432234354
"2126",468664.321733556
"2127",506507.884126854
"2128",298894.102181396
"2129",384057.994325753
"2130",356671.213930828
"2131",467175.326605233
"2132",493157.13087274
"2133",313827.014263548
"2134",454135.430226349
"2135",500809.254886073
"2136",612826.121855182
"2137",495280.881306944
"2138",377341.141390033
"2139",637491.539257205
"2140",266760.285521591
"2141",1773672.55048327
"2142",573682.113356545
"2143",392465.982795196
"2144",453858.651331676
"2145",572361.636610615
"2146",334676.456991404
"2147",409854.577298838
"2148",1037470.58956255
"2149",312347.799914659
"2150",476586.392542254
"2151",439446.524027798
"2152",1278328.8103688
"2153",382980.345278706
"2154",561528.288838316
"2155",742294.878314086
"2156",489522.882471777
"2157",405861.391801883
"2158",522930.685371886
"2159",278486.996135183
"2160",526098.295526654
"2161",541599.689289557
"2162",664098.264397504
"2163",502903.345259254
"2164",306333.830877204
"2165",612979.237435547
"2166",704584.834068478
"2167",341930.82433831
"2168",334128.590676174
"2169",383259.908907142
"2170",466793.517016187
"2171",772942.049500823
"2172",515451.021063947
"2173",274849.138601749
"2174",325444.105483959
"2175",502997.501867186
"2176",604197.655119678
"2177",532922.762435543
"2178",295146.763961425
"2179",320796.952298957
"2180",392452.521339539
"2181",557061.428642299
"2182",383704.848561932
"2183",609829.169876947
"2184",459964.584327363
"2185",367352.288406615
"2186",356024.890238059
"2187",884781.33671748
"2188",341616.075058349
"2189",624595.449286337
"2190",399246.628439729
"2191",308790.357215223
"2192",320976.940341274
"2193",672219.497440969
"2194",269323.77738187
"2195",508126.355270681
"2196",381456.319232847
"2197",1204073.8367604
"2198",528809.521417774
"2199",667084.503114394
"2200",519939.198349093
"2201",350898.409797436
"2202",471717.873049147
"2203",256202.192096283
"2204",546525.842484248
"2205",371707.653895101
"2206",375878.570765173
"2207",353191.819742993
"2208",354831.870427068
"2209",524123.066206348
"2210",1127097.89547712
"2211",973171.630158946
"2212",310965.391772402
"2213",451073.598119189
"2214",423145.347797637
"2215",344983.69650711
"2216",265987.515280142
"2217",548603.681777599
"2218",266235.538561447
"2219",341567.725389154
"2220",388592.087941117
"2221",394444.829376458
"2222",365529.281425618
"2223",566894.508896168
"2224",557649.616168837
"2225",570990.773847712
"2226",446861.783689226
"2227",449445.827355037
"2228",426921.545762847
"2229",375494.509238309
"2230",566923.548645381
"2231",329609.959551926
"2232",524760.118315611
"2233",321320.562509693
"2234",906570.86285852
"2235",547001.707403204
"2236",504706.444744776
"2237",393477.849588155
"2238",824578.07739464
"2239",399630.067583093
"2240",417660.225751611
"2241",209218.946684908
"2242",574347.462317907
"2243",573231.538445006
"2244",365824.354970979
"2245",311670.697804635
"2246",479810.678699309
"2247",468360.61086321
"2248",492631.810486308
"2249",776798.757441892
"2250",663579.295881502
"2251",293929.275222476
"2252",322323.081779918
"2253",1419551.13789647
"2254",429274.406794332
"2255",271224.052283934
"2256",662268.713712325
"2257",518237.25558891
"2258",442850.798557245
"2259",434273.833356662
"2260",415065.435732706
"2261",312630.875845289
"2262",376746.74551985
"2263",325047.574660702
"2264",703759.699643314
"2265",410649.615667557
"2266",280412.723204098
"2267",435669.804592586
"2268",353339.460020933
"2269",355618.621567133
"2270",342539.799711816
"2271",342450.213565067
"2272",372115.161251399
"2273",680624.838972919
"2274",545156.939245698
"2275",633940.98773296
"2276",465217.799613451
"2277",345528.444775175
"2278",584020.312278563
"2279",339831.097978641
"2280",405013.773144031
"2281",431117.464287515
"2282",322923.821650236
"2283",931469.142021631
"2284",244647.672312308
"2285",346263.75636083
"2286",324121.900109505
"2287",405904.975017864
"2288",415138.489944885
"2289",1467623.02928504
"2290",315559.378363981
"2291",276383.513491087
"2292",271921.94619309
"2293",330631.264911412
"2294",626679.09077594
"2295",389068.236367512
"2296",553374.840201908
"2297",410365.516236077
"2298",410365.516236077
"2299",270050.423488894
"2300",311115.540534208
"2301",889798.659336857
"2302",599368.830721693
"2303",542188.674633609
"2304",277722.337354697
"2305",505786.765758925
"2306",290251.382077342
"2307",310647.120929217
"2308",389370.167935552
"2309",303590.272421475
"2310",669149.742841688
"2311",503881.857570601
"2312",512811.910691577
"2313",473097.415329108
"2314",561494.182865371
"2315",401371.205429136
"2316",285574.787535301
"2317",463199.417638415
"2318",933729.332355764
"2319",349153.118886626
"2320",315512.513139937
"2321",280860.331185498
"2322",365903.345703349
"2323",383235.63134568
"2324",416153.14840008
"2325",460245.873577383
"2326",860846.895568136
"2327",867635.604258268
"2328",880291.82734021
"2329",1006577.207018
"2330",302610.46028638
"2331",637214.840976429
"2332",703865.715613421
"2333",390250.664202703
"2334",542258.86007873
"2335",573333.60767172
"2336",485154.259098803
"2337",753912.41090391
"2338",431696.621373025
"2339",1033658.68601704
"2340",371358.597713004
"2341",454742.231990934
"2342",355707.225806453
"2343",335946.693314841
"2344",668506.710317529
"2345",311904.40181471
"2346",566677.595425795
"2347",780322.071831768
"2348",408820.213645148
"2349",294576.433470613
"2350",517727.111244159
"2351",485831.145174209
"2352",982254.121073939
"2353",490870.404563848
"2354",352751.030652
"2355",735085.480163547
"2356",462865.210255899
"2357",617363.030957953
"2358",626235.070166808
"2359",354676.621660505
"2360",701850.939052476
"2361",763699.912110511
"2362",509209.700245077
"2363",320399.958735895
"2364",290280.869026232
"2365",571289.361878378
"2366",424111.68167492
"2367",376082.661688096
"2368",406908.578906034
"2369",345072.669431517
"2370",413915.16580698
"2371",532889.500993012
"2372",753884.822732561
"2373",542789.827342091
"2374",643515.951814549
"2375",599319.80154713
"2376",1256774.78896008
"2377",598135.379485009
"2378",889211.081156933
"2379",687855.031298737
"2380",461142.18279518
"2381",685746.064795024
"2382",375479.457099714
"2383",357719.299041442
"2384",270879.386065477
"2385",796842.366483859
"2386",403596.783443749
"2387",645079.656335501
"2388",243764.636510449
"2389",486722.245062566
"2390",286987.413789456
"2391",407825.598717226
"2392",472397.791242391
"2393",363564.035406458
"2394",341639.293349751
"2395",538217.114749755
"2396",342782.208985109
"2397",277764.766736947
"2398",998806.50743327
"2399",433773.537510639
"2400",430568.858840846
"2401",303212.446791814
"2402",397999.917468367
"2403",362861.07934669
"2404",1215465.31136134
"2405",325404.205043639
"2406",1088512.21919048
"2407",406068.887194871
"2408",577457.159333887
"2409",574744.476144244
"2410",300679.15419865
"2411",873966.828023443
"2412",896117.444106048
"2413",305053.278011996
"2414",373147.770120829
"2415",554384.307727897
"2416",380052.543899561
"2417",415491.155027498
"2418",1508398.7870424
"2419",498325.348093258
"2420",639377.462438862
"2421",511394.351711624
"2422",264430.550862276
"2423",313752.557079585
"2424",277805.608372337
"2425",271868.571812145
"2426",432656.890276195
"2427",649826.755524492
"2428",538133.504875122
"2429",561354.270196797
"2430",543169.033501762
"2431",345512.345984116
"2432",460605.894755528
"2433",492582.684452537
"2434",707672.159562411
"2435",398182.22999807
"2436",406662.596217858
"2437",965617.595844713
"2438",742917.226989851
"2439",570127.587085382
"2440",501285.362833388
"2441",559266.153789952
"2442",397769.853615601
"2443",273783.811601542
"2444",375059.790290868
"2445",449582.279742873
"2446",862066.027953242
"2447",389896.663796349
"2448",442424.938286173
"2449",502387.683427768
"2450",451465.699352757
"2451",368620.577893409
"2452",440916.063793096
"2453",607234.087253883
"2454",323880.1113215
"2455",349152.752721853
"2456",599560.545668287
"2457",309843.191447091
"2458",455697.724298657
"2459",449149.24905725
"2460",561462.666771846
"2461",1202485.26387346
"2462",427176.398539986
"2463",566228.687142329
"2464",436864.706223209
"2465",365962.420501743
"2466",453462.182308679
"2467",393357.621996487
"2468",625578.238997658
"2469",1019455.71217865
"2470",676288.825736978
"2471",276392.049963838
"2472",305409.354024842
"2473",341293.847700111
"2474",793712.779418921
"2475",374967.260381138
"2476",501903.586061673
"2477",410150.415147697
"2478",1275993.81073594
"2479",355571.840400835
"2480",278341.79124151
"2481",465007.652178311
"2482",310992.820074268
"2483",327748.396179372
"2484",426666.940998544
"2485",302300.968045506
"2486",358989.37123416
"2487",485918.050717491
"2488",489787.813617827
"2489",250274.38289409
"2490",390611.406159884
"2491",399948.843365628
"2492",519979.520369103
"2493",297394.851996344
"2494",238722.388579231
"2495",429729.646296314
"2496",327303.887510584
"2497",965738.128133338
"2498",760679.554042238
"2499",317740.112229715
"2500",505503.696694856
"2501",481206.499828308
"2502",857082.963551004
"2503",340589.779441784
"2504",482905.904552083
"2505",571311.157548346
"2506",970840.335950954
"2507",372813.232048018
"2508",2207601.01749264
"2509",475170.071039362
"2510",339418.897683572
"2511",281662.836157898
"2512",267709.188359435
"2513",561991.174747222
"2514",315227.987115204
"2515",506020.987968417
"2516",432097.634309346
"2517",354307.62928193
"2518",529001.705972707
"2519",568373.060051261
"2520",319115.472579165
"2521",485322.516205488
"2522",427513.13539538
"2523",294875.083587385
"2524",382868.124251155
"2525",381372.023687149
"2526",387063.106538796
"2527",420823.008700686
"2528",517128.352532199
"2529",300129.712056292
"2530",407204.887349574
"2531",899116.196474555
"2532",462865.496730915
"2533",412672.2816785
"2534",922531.670596696
"2535",469059.729497803
"2536",353189.05440841
"2537",512467.475200589
"2538",864630.830911547
"2539",583758.613688413
"2540",371068.215216063
"2541",827693.204166839
"2542",1278389.1773309
"2543",529927.559741102
"2544",475461.479114598
"2545",449695.543854919
"2546",821579.852349613
"2547",436309.530661907
"2548",678449.479506269
"2549",363427.208411167
"2550",453864.93091287
"2551",325849.218825982
"2552",259313.851337314
"2553",531009.125682427
"2554",421897.56947495
"2555",414663.250005566
"2556",362012.21257414
"2557",279907.886588002
"2558",367174.611101998
"2559",362843.441847465
"2560",289906.005148858
"2561",491128.90442392
"2562",410660.931769038
"2563",272598.349659576
"2564",394212.606674375
"2565",978235.37831585
"2566",284259.049503101
"2567",763040.882084435
"2568",634036.894659237
"2569",566384.014677615
"2570",347561.962558942
"2571",683404.664554504
"2572",506410.982596808
"2573",412463.318044919
"2574",403297.80677815
"2575",1348760.24865165
"2576",433830.961720002
"2577",408905.803336294
"2578",416032.908557337
"2579",691250.707337402
"2580",317439.013158866
"2581",656817.541290214
"2582",357115.245665892
"2583",433747.295283555
"2584",352075.299700828
"2585",439873.842589198
"2586",586695.918919409
"2587",700501.336424283
"2588",469377.309255566
"2589",287089.791945881
"2590",444763.00170062
"2591",436862.327451274
"2592",357527.53668759
"2593",304013.668653638
"2594",498887.479889126
"2595",493349.398046021
"2596",643752.087332439
"2597",273666.298018579
"2598",355611.413607194
"2599",554133.429950935
"2600",489236.468837503
"2601",303118.208369234
"2602",413163.269527896
"2603",558749.994750869
"2604",326066.003747075
"2605",285065.956540604
"2606",685540.772234822
"2607",641669.050335651
"2608",322805.534754757
"2609",531490.4099075
"2610",1029098.2750381
"2611",555318.90541873
"2612",254698.656958385
"2613",392146.458834454
"2614",339836.625530414
"2615",767510.759884431
"2616",594507.379399317
"2617",492681.921583927
"2618",684812.016962153
"2619",319198.631431751
"2620",385116.092636028
"2621",539397.214099098
"2622",420213.70784113
"2623",936599.808914323
"2624",468991.711755696
"2625",355060.220338401
"2626",664780.801724194
"2627",362280.111654072
"2628",674604.41249426
"2629",393662.883758677
"2630",495914.893458477
"2631",411463.621819977
"2632",548898.384549553
"2633",310932.651659545
"2634",416392.874653241
"2635",1301834.99300613
"2636",363627.504832036
"2637",871001.709568185
"2638",424082.017257692
"2639",459815.406564847
"2640",524129.066987701
"2641",962266.716281301
"2642",433793.522956034
"2643",844840.329079512
"2644",612078.740531309
"2645",392372.941008144
"2646",395007.274925007
"2647",296838.617354244
"2648",361828.153329112
"2649",502228.983669154
"2650",845763.613759556
"2651",690419.727219981
"2652",975561.905245568
"2653",231162.457081947
"2654",836345.625208006
"2655",795069.99771153
"2656",498309.37100199
"2657",363705.780624043
"2658",535141.986597089
"2659",399531.470704884
"2660",428388.79418077
"2661",532487.04812066
"2662",379922.90376341
"2663",473925.124847296
"2664",684710.545976418
"2665",478520.165144443
"2666",384214.207022719
"2667",316162.61537711
"2668",542688.631518604
"2669",322774.877618466
"2670",265681.689560777
"2671",349252.021684584
"2672",393922.331016124
"2673",763448.902826671
"2674",343463.976843735
"2675",580000.614437745
"2676",300808.802813028
"2677",760182.980689447
"2678",545310.122788626
"2679",507412.092455356
"2680",239156.696998947
"2681",256288.666207056
"2682",257982.34261561
"2683",259295.204580473
"2684",311555.32824471
"2685",1493534.20431343
"2686",553740.09016935
"2687",819051.95292718
"2688",691748.573693512
"2689",702322.4859986
"2690",652167.293620305
"2691",574640.446360149
"2692",346464.142894923
"2693",531139.544094559
"2694",640876.409771328
"2695",323228.56049979
"2696",537971.837294608
"2697",826113.909210357
"2698",642803.94643974
"2699",530083.283061778
"2700",498266.249413404
"2701",473586.944961989
"2702",546416.726061262
"2703",566970.966780012
"2704",440625.110221418
"2705",508421.539480457
"2706",525537.344742502
"2707",413921.041914495
"2708",626470.373246689
"2709",286067.90386081
"2710",371170.5579744
"2711",450956.104209994
"2712",655874.771263438
"2713",442152.872174924
"2714",426338.529122718
"2715",952158.401290245
"2716",535915.752591464
"2717",1268360.50236129
"2718",465804.415820308
"2719",320112.779215576
"2720",309936.870999327
"2721",360977.149875037
"2722",298399.257770272
"2723",2985070.21908833
"2724",549903.657649096
"2725",388377.685793393
"2726",388665.375174938
"2727",286607.189614489
"2728",611715.671765798
"2729",367763.670543525
"2730",489143.896593507
"2731",341947.688985455
"2732",296159.215337137
"2733",523919.964989114
"2734",283414.66671184
"2735",295990.956578241
"2736",495695.337098688
"2737",292599.738948951
"2738",335082.642381155
"2739",532863.680829084
"2740",283305.601864048
"2741",450027.693227583
"2742",338224.321246154
"2743",384395.970179202
"2744",310558.741590413
"2745",321534.083601806
"2746",435330.531190978
"2747",348370.363717576
"2748",364141.497131955
"2749",274215.616649723
"2750",587838.16511175
"2751",286786.91753482
"2752",444755.686226567
"2753",393823.409786026
"2754",377869.614276973
"2755",377869.614276973
"2756",353089.573996695
"2757",639108.132155012
"2758",384747.484150268
"2759",1628199.38025061
"2760",421983.302592345
"2761",403534.028900556
"2762",836472.560668443
"2763",497974.990395387
"2764",290743.910481848
"2765",365780.149685198
"2766",295159.342513241
"2767",690424.343193095
"2768",617507.722538302
"2769",357434.06058254
"2770",239156.696998947
"2771",378785.588166519
"2772",400776.610290242
"2773",363706.802701161
"2774",568409.023521746
"2775",306654.085788289
"2776",584886.597465684
"2777",534672.986874974
"2778",297616.402217232
"2779",373173.100145057
"2780",894324.440022829
"2781",681206.352930153
"2782",308715.092687512
"2783",446741.508384352
"2784",270012.09301836
"2785",300149.28316909
"2786",391624.989187839
"2787",514651.198300457
"2788",1058712.68363603
"2789",613958.453091373
"2790",506193.759040356
"2791",461810.377005131
"2792",542692.178585752
"2793",415822.282268251
"2794",491899.341077347
"2795",471858.440352664
"2796",327422.734344298
"2797",304199.567559916
"2798",274145.537853697
"2799",268180.126260715
"2800",504405.426515836
"2801",278613.440688829
"2802",383148.505630148
"2803",600912.380669625
"2804",352951.726823431
"2805",511993.855704428
"2806",328019.069222534
"2807",363628.383652648
"2808",289559.448212803
"2809",760970.473828323
"2810",458249.434682788
"2811",533530.716441274
"2812",332768.946440329
"2813",459319.206585263
"2814",435131.085837752
"2815",462441.369784661
"2816",707909.776007184
"2817",499648.212223154
"2818",353165.584146391
"2819",619425.304468472
"2820",312980.032999907
"2821",1057984.25633431
"2822",555339.994653336
"2823",275053.125345684
"2824",669142.148401511
"2825",644558.727368764
"2826",787123.605696227
"2827",289583.226227439
"2828",483831.844428729
"2829",955283.912936621
"2830",322547.591527609
"2831",271021.995050918
"2832",477103.92163503
"2833",419708.716214277
"2834",333137.902189475
"2835",309847.798447303
"2836",603164.981079706
"2837",371407.088878863
"2838",392444.80933059
"2839",374480.647806636
"2840",489871.819617214
"2841",624997.098745545
"2842",425235.05653235
"2843",475798.600939852
"2844",471998.001397907
"2845",419567.453757171
"2846",454998.737978009
"2847",413931.986870585
"2848",286066.718049809
"2849",400704.290709961
"2850",425363.426622989
"2851",692421.146832755
"2852",387725.683653785
"2853",403979.787315225
"2854",350807.710475857
"2855",446868.081442728
"2856",1218692.53695096
"2857",478046.573903843
"2858",917007.817673396
"2859",413260.491074124
"2860",1164365.0443755
"2861",244848.580192112
"2862",580362.142586717
"2863",388256.053293861
"2864",405997.795445088
"2865",340149.899011234
"2866",477959.970049059
"2867",343471.244286985
"2868",586336.291627387
"2869",562882.70630467
"2870",600088.508442595
"2871",646892.424478557
"2872",660329.375588248
"2873",359211.711970839
"2874",700743.063781069
"2875",738188.702318603
"2876",299267.778329151
"2877",337453.20216502
"2878",244330.409722839
"2879",600988.448887369
"2880",1586468.59928133
"2881",697967.431801028
"2882",404778.582499772
"2883",631004.49938598
"2884",314636.947013146
"2885",624876.814201115
"2886",394187.021930863
"2887",1050051.59666408
"2888",286284.705825573
"2889",477370.706763081
"2890",260890.453828817
"2891",495935.12877954
"2892",268966.835562081
"2893",374249.105532509
"2894",489843.859285787
"2895",454984.227195234
"2896",351215.932771796
"2897",405500.963896975
"2898",795600.7022544
"2899",895843.279862981
"2900",523380.413606602
"2901",476372.136656359
"2902",554780.022192738
"2903",746202.352211593
"2904",522423.36288774
"2905",770820.141918086
"2906",302293.801723008
"2907",403884.626053745
"2908",445884.096656085
"2909",306647.466576871
"2910",278888.745246314
"2911",1040730.14870674
"2912",240289.197295216
"2913",831039.806323532
"2914",428165.248551396
"2915",770521.303055041
"2916",443082.338035034
"2917",385529.967866705
"2918",427969.149068291
"2919",1121004.00482217
"2920",508126.355270681
"2921",513630.633987174
"2922",358028.107844137
"2923",454800.959662183
"2924",326883.407311178
"2925",245134.704539579
"2926",780589.852607729
"2927",671165.949713837
"2928",640235.170364427
"2929",466144.890553003
"2930",499038.310234067
"2931",365445.318352513
"2932",453229.828352799
"2933",301056.105919432
"2934",369341.616446374
"2935",355439.578796584
"2936",304694.067620993
"2937",353496.065090432
"2938",415272.681064111
"2939",478049.187787044
"2940",453826.605326875
"2941",2048595.36996413
"2942",563762.966765765
"2943",367322.745530527
"2944",605174.16358063
"2945",355484.130853251
"2946",724385.184955147
"2947",451707.870283018
"2948",344071.386522539
"2949",402247.1103884
"2950",317231.209420281
"2951",406721.390236581
"2952",624556.110694402
"2953",333798.50376164
"2954",420707.337959885
"2955",865999.680085397
"2956",513852.229624356
"2957",231393.198060758
"2958",841503.571926683
"2959",330408.198673063
"2960",413040.821524608
"2961",420086.009668269
"2962",590808.627199639
"2963",408852.196484148
"2964",962553.392212016
"2965",629314.031428231
"2966",400933.114478846
"2967",656003.52181222
"2968",459705.272277739
"2969",515819.609180895
"2970",646542.534530505
"2971",328708.525112307
"2972",503378.041130584
"2973",398337.240363447
"2974",1017423.1050506
"2975",500651.725572256
"2976",1167354.00430538
"2977",428400.18624739
"2978",688698.279873018
"2979",614066.276960669
"2980",525930.720033171
"2981",955748.370809976
"2982",578181.69925632
"2983",306821.478826731
"2984",499208.891880278
"2985",597053.42914349
"2986",527164.450461002
"2987",283572.17645097
"2988",521000.855842019
"2989",529982.786364206
"2990",324827.183020888
"2991",404917.409895249
"2992",653102.36090043
"2993",401536.784995065
"2994",495628.357857205
"2995",356398.015819755
"2996",345473.246152647
"2997",408088.475658429
"2998",263516.803356043
"2999",382537.050311826
"3000",383110.223131511
"3001",552703.137960639
"3002",1079900.16579626
"3003",612200.923845954
"3004",898868.385514252
"3005",808029.869267284
"3006",642919.500202659
"3007",520600.076564375
"3008",341046.4088383
"3009",318210.9613364
"3010",320858.629720723
"3011",653294.849610508
"3012",444342.47245945
"3013",590856.918927198
"3014",706898.707820548
"3015",486331.807090884
"3016",420948.381708496
"3017",387366.068684235
"3018",383717.008373886
"3019",390194.508029385
"3020",410018.653359239
"3021",537404.193712046
"3022",564249.334651316
"3023",372734.124716461
"3024",267499.853747963
"3025",358837.018539932
"3026",601661.760747157
"3027",452967.919021019
"3028",556146.952554851
"3029",317809.56508335
"3030",531320.505086196
"3031",301837.940386781
"3032",428038.507247726
"3033",640871.494265084
"3034",559850.506191827
"3035",371894.532421507
"3036",967343.469929327
"3037",511715.604659663
"3038",322310.982186151
"3039",287932.983284125
"3040",751252.114757247
"3041",392375.450270915
"3042",490747.231867885
"3043",548609.699338384
"3044",520891.767700407
"3045",332537.583014389
"3046",425734.104286966
"3047",330678.638354995
"3048",428646.566944607
"3049",360799.391471827
"3050",544859.857032858
"3051",740089.056599762
"3052",444778.583877378
"3053",336457.328918743
"3054",549499.883006546
"3055",352644.585421516
"3056",421786.777374985
"3057",416634.410323444
"3058",702843.288973491
"3059",414740.741175336
"3060",585992.813442673
"3061",287616.659769934
"3062",789802.076236765
"3063",463386.508311996
"3064",1128738.79794497
"3065",1257595.35576729
"3066",380214.024718592
"3067",221260.059020414
"3068",771981.344835946
"3069",509495.951215451
"3070",348920.872268495
"3071",504342.079194083
"3072",428113.706480439
"3073",326283.240919521
"3074",430554.489105841
"3075",715020.547756597
"3076",390453.875267831
"3077",462618.038760615
"3078",827495.022953865
"3079",361965.133713915
"3080",575277.39143026
"3081",362193.803271425
"3082",337858.361080611
"3083",552471.649686518
"3084",393440.536343242
"3085",367133.76686392
"3086",367133.76686392
"3087",317933.170998168
"3088",347606.929601147
"3089",285587.083468899
"3090",273826.969510554
"3091",521781.448575135
"3092",345068.467332897
"3093",454986.538382339
"3094",480308.194988054
"3095",1720132.71492808
"3096",416713.657608954
"3097",733642.611617215
"3098",334534.998522761
"3099",292719.998217929
"3100",444087.389562697
"3101",319928.802247883
"3102",530429.742213497
"3103",232924.685201077
"3104",284502.40412787
"3105",360944.751393946
"3106",266043.385060414
"3107",437836.170065008
"3108",325047.574660702
"3109",289063.155565963
"3110",417498.372062124
"3111",260966.619093981
"3112",365775.402601136
"3113",804628.90050273
"3114",542417.358749812
"3115",339704.434446447
"3116",408202.832674545
"3117",434613.517741434
"3118",289235.563075269
"3119",406259.158153158
"3120",576871.090243013
"3121",472078.9049621
"3122",635002.790961152
"3123",329553.830930405
"3124",409376.718193234
"3125",597618.024026593
"3126",331716.879396318
"3127",477766.557196866
"3128",349764.774242613
"3129",835552.304224189
"3130",425516.545960136
"3131",335987.738025872
"3132",496664.292546299
"3133",870580.706183703
"3134",395836.805989745
"3135",830315.113852375
"3136",367177.943393959
"3137",429187.961862592
"3138",319292.393383698
"3139",294849.370773995
"3140",404762.286334102
"3141",474653.703012367
"3142",308076.330894977
"3143",460108.760048563
"3144",358010.342686864
"3145",293778.189754403
"3146",440597.25155057
"3147",403127.109332702
"3148",705043.772482133
"3149",252800.777015353
"3150",952790.792636223
"3151",296898.646985222
"3152",664972.807286027
"3153",694566.226553987
"3154",460908.116330198
"3155",366226.647145149
"3156",441693.159798087
"3157",399693.28768649
"3158",939095.738273788
"3159",346743.897591951
"3160",468356.135846693
"3161",441134.319002146
"3162",378391.953441393
"3163",423347.820178855
"3164",691014.964526475
"3165",502238.069517333
"3166",310327.15283222
"3167",514233.467829734
"3168",280350.529562293
"3169",491201.362289418
"3170",705892.290216955
"3171",580569.219272595
"3172",684305.377202853
"3173",384148.129012465
"3174",678485.951142111
"3175",367906.22797858
"3176",440476.012134723
"3177",513052.569139147
"3178",570326.208406854
"3179",376643.459272644
"3180",495225.801686978
"3181",310398.561933484
"3182",426371.37353803
"3183",312153.022121188
"3184",556683.14744052
"3185",632281.863610781
"3186",461994.57075626
"3187",356797.320271928
"3188",338139.096034715
"3189",514360.743302684
"3190",642607.368319686
"3191",279821.847297578
"3192",404266.286664353
"3193",333768.69710816
"3194",689215.956230915
"3195",432164.768761149
"3196",315996.356244
"3197",467458.095482377
"3198",958655.671657908
"3199",518070.459266243
"3200",281484.82032774
"3201",649521.196905834
"3202",594734.697915456
"3203",412227.914762852
"3204",263224.30752288
"3205",334937.312114122
"3206",277601.545527807
"3207",318331.741215466
"3208",315716.775854007
"3209",412544.233871195
"3210",383526.861650825
"3211",689265.05918044
"3212",541414.360096638
"3213",349232.628545285
"3214",316011.604807751
"3215",439551.591024354
"3216",585790.991015569
"3217",296991.503567617
"3218",794040.122432142
"3219",749983.127927692
"3220",470307.912688333
"3221",446565.175621148
"3222",414276.672398283
"3223",264912.293698738
"3224",397806.941098536
"3225",276396.062564666
"3226",674021.959406083
"3227",531185.58762892
"3228",393622.154755134
"3229",426340.880559152
"3230",437487.340279859
"3231",726890.236743054
"3232",397693.121950025
"3233",381253.411310878
"3234",357003.85511986
"3235",297047.355701342
"3236",425448.772606191
"3237",655458.066878122
"3238",279354.370172122
"3239",1339309.57290765
"3240",436555.019523068
"3241",747043.749911005
"3242",597804.470498444
"3243",266847.686978022
"3244",510368.353137361
"3245",450490.894455412
"3246",738728.767945983
"3247",295990.956578241
"3248",622823.734597459
"3249",749454.130564838
"3250",334457.906045282
"3251",785394.361339177
"3252",598937.35612868
"3253",645182.464385796
"3254",819358.217115022
"3255",303778.555649551
"3256",347701.869375892
"3257",600718.848282557
"3258",497757.082065459
"3259",856204.788335484
"3260",656233.684538129
"3261",305727.166366129
"3262",389142.639167624
"3263",814742.072017488
"3264",756278.167033074
"3265",441279.772978294
"3266",669326.745401775
"3267",386344.982769175
"3268",310836.346658192
"3269",343157.901704495
"3270",489701.342970047
"3271",919892.715010159
"3272",428874.766438864
"3273",587264.27876603
"3274",548866.106900812
"3275",330769.685454801
"3276",426225.37608063
"3277",376875.464225452
"3278",423538.910748987
"3279",613429.908468017
"3280",277922.539372272
"3281",262813.894087725
"3282",385355.017932494
"3283",271241.479383558
"3284",817605.168794383
"3285",298908.919426888
"3286",305679.315586028
"3287",902443.252568155
"3288",311613.310889655
"3289",588212.624795223
"3290",453228.543938837
"3291",1046948.76742496
"3292",805390.908154049
"3293",309720.491549857
"3294",439270.425353485
"3295",535749.000314376
"3296",324752.316544148
"3297",581799.795227382
"3298",537843.897706958
"3299",270062.32406547
"3300",292894.891674881
"3301",534496.604563615
"3302",428619.816548518
"3303",330565.907920553
"3304",460384.835898803
"3305",310549.828169641
"3306",324314.503087262
"3307",748395.181698493
"3308",694199.800798251
"3309",301701.132078697
"3310",365245.633661131
"3311",1128205.75285174
"3312",471351.369634288
"3313",437898.82867828
"3314",302501.462008713
"3315",595200.875794841
"3316",833094.935232695
"3317",442688.522242666
"3318",290185.943695446
"3319",335577.549470359
"3320",713665.703635361
"3321",1050304.19420582
"3322",785267.444851353
"3323",316242.91955884
"3324",375807.836226329
"3325",289152.10515136
"3326",413960.26357865
"3327",887944.485516228
"3328",328298.109528634
"3329",399515.965033443
"3330",295255.625497852
"3331",370437.373760536
"3332",331045.475354934
"3333",512031.509378739
"3334",368202.340840951
"3335",360597.582462365
"3336",888031.612884169
"3337",396285.819433374
"3338",1028182.56484534
"3339",608037.058863957
"3340",379357.339432385
"3341",506893.653187057
"3342",382959.453383007
"3343",294101.933205173
"3344",422373.416911358
"3345",357721.077257551
"3346",398643.364708512
"3347",447217.266302567
"3348",586038.620233884
"3349",368169.474029679
"3350",335045.247839733
"3351",339617.654377217
"3352",339892.457798791
"3353",466235.724463305
"3354",509761.259427947
"3355",433063.125309715
"3356",500874.757013157
"3357",430654.82175516
"3358",306580.555186317
"3359",432182.097458635
"3360",520239.289822288
"3361",396361.016239058
"3362",373147.770120829
"3363",811972.286211334
"3364",324354.044362147
"3365",296991.693351426
"3366",531916.736152226
"3367",259614.967088866
"3368",847375.732366632
"3369",442154.409168944
"3370",666572.201992295
"3371",384380.971777758
"3372",995021.701336483
"3373",331304.162901973
"3374",995399.289520349
"3375",318036.088739186
"3376",1096936.94190542
"3377",555307.699203222
"3378",654099.11948746
"3379",400959.50772329
"3380",390168.708088415
"3381",1339885.47493867
"3382",304082.742461361
"3383",492855.992622921
"3384",622296.0765525
"3385",888746.403406396
"3386",527730.808421473
"3387",436930.671027348
"3388",379386.878622429
"3389",495275.107495511
"3390",591943.557742984
"3391",424709.627441772
"3392",457654.137613316
"3393",288180.506155524
"3394",358229.280975673
"3395",381188.557402493
"3396",521006.130747444
"3397",403632.76585447
"3398",324559.727217674
"3399",385033.317534607
"3400",550987.598144361
"3401",527946.698968256
"3402",457704.641377134
"3403",486124.147974525
"3404",644980.803171494
"3405",421805.263795768
"3406",959119.677670964
"3407",336045.904427771
"3408",480603.119857929
"3409",362762.228193378
"3410",430594.689382333
"3411",867611.835762041
"3412",463260.037671543
"3413",489044.736614932
"3414",332810.628621409
"3415",726436.243511024
"3416",668127.142080961
"3417",405561.39321337
"3418",450231.588211102
"3419",237198.392726032
"3420",376985.470625581
"3421",1253921.62384694
"3422",272806.638743082
"3423",365484.473018165
"3424",463029.759510231
"3425",484481.972509108
"3426",402126.292557326
"3427",319202.370644389
"3428",343156.799558232
"3429",308334.798510296
"3430",534922.017045055
"3431",607852.32133644
"3432",279447.576526403
"3433",373557.651762917
"3434",617495.27850024
"3435",379894.707661269
"3436",326869.730608768
"3437",340124.129929812
"3438",270958.117878489
"3439",288390.857270535
"3440",485769.798682937
"3441",547467.965272523
"3442",270976.663004293
"3443",375036.791906428
"3444",336012.037765345
"3445",425708.973858227
"3446",511435.11202163
"3447",647490.765255396
"3448",388656.329243617
"3449",752920.221348033
"3450",373791.550945104
"3451",686249.263375061
"3452",812473.648556232
"3453",301407.035134603
"3454",708551.229630743
"3455",419487.950024562
"3456",260980.367597771
"3457",218165.780175341
"3458",218165.780175341
"3459",736911.088829149
"3460",487566.302309387
"3461",588804.093140577
"3462",339615.26734514
"3463",245094.798772333
"3464",486707.77391928
"3465",393587.231613692
"3466",768983.772309339
"3467",538597.928919035
"3468",257534.579840686
"3469",397064.776889533
"3470",329957.594573312
"3471",411643.951400859
"3472",268481.846708069
"3473",1034677.95084273
"3474",709438.06043697
"3475",445099.722677874
"3476",410385.937727354
"3477",322459.155969573
"3478",894488.244641461
"3479",632987.100276326
"3480",634884.894859976
"3481",329861.973081549
"3482",373250.321091248
"3483",265075.139130577
"3484",660340.935841636
"3485",377409.076075349
"3486",349328.365514393
"3487",650138.276456671
"3488",330251.414778351
"3489",491528.221714421
"3490",642764.761323989
"3491",344841.560460796
"3492",402336.337190821
"3493",376971.391231654
"3494",416155.751161804
"3495",336943.581426631
"3496",347454.008645563
"3497",324993.141576932
"3498",316744.970422582
"3499",595231.169192443
"3500",609202.567051585
"3501",369038.348824974
"3502",355288.266075741
"3503",487474.695902097
"3504",661169.278828722
"3505",490853.662629577
"3506",265982.14358291
"3507",414801.07081851
"3508",440629.913462424
"3509",511323.787882278
"3510",272738.013987807
"3511",611568.484299575
"3512",496363.702879438
"3513",289465.120068611
"3514",434824.851942314
"3515",1119769.88678283
"3516",436892.314406475
"3517",771592.121831671
"3518",457801.281384471
"3519",421689.553486655
"3520",830353.822905806
"3521",323427.101144493
"3522",581173.309660705
"3523",253557.212080492
"3524",502324.534944597
"3525",986171.663273129
"3526",410958.211028045
"3527",340798.235570354
"3528",1009766.49690075
"3529",366191.504570244
"3530",551839.263920417
"3531",524144.83679492
"3532",683043.067124253
"3533",364620.91931974
"3534",713104.418874992
"3535",572077.802902815
"3536",414306.61332588
"3537",333713.148851414
"3538",518140.211495449
"3539",271800.40802988
"3540",361061.498748934
"3541",406460.227572045
"3542",565054.77680673
"3543",292502.32215116
"3544",403515.358255879
"3545",417325.844260702
"3546",420646.535325005
"3547",417007.841535291
"3548",394986.794694347
"3549",440844.471416293
"3550",400701.96904316
"3551",403312.011988189
"3552",396969.350879286
"3553",527495.321528717
"3554",283341.251119808
"3555",617594.299618536
"3556",360464.344521097
"3557",658775.689058852
"3558",364661.639423975
"3559",681130.549466605
"3560",328920.724656217
"3561",304649.727413101
"3562",369227.426357752
"3563",516032.614969307
"3564",410247.024506877
"3565",418664.475022675
"3566",455178.969554112
"3567",455802.380875358
"3568",512857.026204137
"3569",468282.369552325
"3570",258918.429050806
"3571",593368.624241772
"3572",449206.152004869
"3573",281598.033299206
"3574",745331.843087555
"3575",415138.489944885
"3576",450841.142319653
"3577",479201.60014273
"3578",343053.408494115
"3579",382256.868499174
"3580",670898.996007297
"3581",398163.731146147
"3582",335588.25017717
"3583",660261.504926313
"3584",331367.290585591
"3585",460328.587773531
"3586",744953.519579896
"3587",456087.257126118
"3588",375795.136966842
"3589",285574.787535301
"3590",412922.344810794
"3591",343238.255441533
"3592",805327.594848917
"3593",612689.853149363
"3594",274385.33857949
"3595",412794.342026521
"3596",367625.568601691
"3597",560202.780508277
"3598",565355.43126871
"3599",624997.098745545
"3600",282455.756415144
"3601",418691.487753988
"3602",371222.24697093
"3603",387050.291197562
"3604",373903.731240374
"3605",455012.053198162
"3606",305571.869676
"3607",350842.345065958
"3608",347273.704877193
"3609",1483081.5582227
"3610",403800.614001397
"3611",272642.818520725
"3612",362304.827789654
"3613",282283.883937451
"3614",451137.401276935
"3615",1430578.7561271
"3616",307400.124157059
"3617",699323.435390268
"3618",479313.792874857
"3619",315912.191433293
"3620",551459.15410913
"3621",1091172.23846092
"3622",391124.322234071
"3623",280846.67526203
"3624",222564.970472273
"3625",407706.391627818
"3626",311892.857034037
"3627",318008.158376632
"3628",413150.515968199
"3629",339382.831850293
"3630",409456.876498243
"3631",588848.519703633
"3632",261787.657271568
"3633",241889.319579435
"3634",402438.61471773
"3635",544204.787583095
"3636",634119.053382556
"3637",333324.248384891
"3638",737390.383399341
"3639",592241.441202873
"3640",303898.593808728
"3641",851080.628476411
"3642",373765.029255125
"3643",481459.190370275
"3644",343342.861691489
"3645",516400.656784528
"3646",333950.41918866
"3647",337211.786906354
"3648",344510.139389213
"3649",546793.158896648
"3650",580525.78545978
"3651",528780.254339102
"3652",414844.46830397
"3653",337108.756657089
"3654",343147.738717649
"3655",281818.893951774
"3656",676073.7936922
"3657",441642.664014085
"3658",495616.050713745
"3659",787191.793199185
"3660",584116.242151373
"3661",309747.501947591
"3662",452294.86548928
"3663",610326.473870887
"3664",413180.514674004
"3665",368995.666140249
"3666",695572.367886845
"3667",405419.317115658
"3668",312198.945088107
"3669",333939.353115111
"3670",638691.773479241
"3671",431586.764163051
"3672",333074.404167596
"3673",266938.322950476
"3674",503491.006659212
"3675",374276.723482494
"3676",581219.608878858
"3677",447904.718178885
"3678",306402.953075324
"3679",415684.987454122
"3680",1532328.81115557
"3681",419472.078189292
"3682",637470.192193345
"3683",563003.611552534
"3684",454140.816911734
"3685",426520.121940793
"3686",519509.677882112
"3687",272308.809044995
"3688",537156.853627201
"3689",403363.009937705
"3690",620041.652559328
"3691",412542.322482335
"3692",1029907.37657604
"3693",485422.172982616
"3694",339888.887236183
"3695",459558.413514551
"3696",539934.091462015
"3697",305787.743634338
"3698",496265.837104099
"3699",625494.519748176
"3700",442459.785155499
"3701",709860.795556864
"3702",668884.001167335
"3703",721959.864058275
"3704",396583.116938525
"3705",325190.02070016
"3706",348059.626315017
"3707",265564.026338719
"3708",327223.161866807
"3709",414222.059332957
"3710",355657.409495403
"3711",354078.021848161
"3712",308101.238130461
"3713",401862.872493277
"3714",370336.275894408
"3715",489072.674262894
"3716",394861.803138202
"3717",413463.027924865
"3718",396815.645992529
"3719",310034.001839159
"3720",489619.577166688
"3721",371512.865506551
"3722",266899.084906467
"3723",362863.962639509
"3724",676349.594657846
"3725",395852.839792578
"3726",472867.268732276
"3727",694278.898813422
"3728",583842.328483848
"3729",445772.675170332
"3730",679280.421112348
"3731",486097.486285635
"3732",582178.924360416
"3733",425284.217367112
"3734",525650.542893082
"3735",556931.786360029
"3736",758445.224529398
"3737",332571.447956898
"3738",362531.975378972
"3739",470624.73262402
"3740",383273.939934124
"3741",344464.51836736
"3742",486147.318138902
"3743",445582.490222907
"3744",454047.222446527
"3745",389723.012406148
"3746",339059.996282268
"3747",260724.396702278
"3748",500049.841074323
"3749",569701.134124252
"3750",300905.477504298
"3751",913512.230574508
"3752",379397.982431976
"3753",652225.960050414
"3754",405563.87061925
"3755",558208.647288213
"3756",244970.819787049
"3757",826101.080238734
"3758",313928.8250806
"3759",843775.70665095
"3760",1288657.80790587
"3761",411108.201507936
"3762",645346.600889212
"3763",593185.651607935
"3764",499357.790520213
"3765",295796.920357838
"3766",696041.375885964
"3767",692740.87859888
"3768",294699.140319944
"3769",735606.788454026
"3770",302096.607818872
"3771",358850.187563977
"3772",509708.059899484
"3773",332899.424213824
"3774",531575.154243859
"3775",397230.671575964
"3776",360269.451811398
"3777",406390.426518521
"3778",447666.460666287
"3779",541183.918171954
"3780",376630.167300157
"3781",841518.998915883
"3782",449614.308349966
"3783",434869.820199515
"3784",345268.782430221
"3785",2092524.06899585
"3786",340242.694479616
"3787",1053461.49358644
"3788",904438.607702986
"3789",1094240.93946381
"3790",428874.766438864
"3791",317104.410142442
"3792",1045306.34862176
"3793",815708.370293153
"3794",766341.236578469
"3795",849593.954612214
"3796",279788.00878828
"3797",279483.400752589
"3798",281405.2883898
"3799",567513.160608674
"3800",363062.17068374
"3801",255526.329483596
"3802",456386.438305897
"3803",559327.349568306
"3804",977404.344490277
"3805",743916.078383304
"3806",388783.378947977
"3807",477592.966641952
"3808",317786.797251304
"3809",585304.951277072
"3810",743426.356486362
"3811",425600.857486857
"3812",367302.993196812
"3813",1027271.60894519
"3814",849946.728927881
"3815",352182.404746007
"3816",426407.268428206
"3817",330978.440860334
"3818",426653.722806793
"3819",407980.547949618
"3820",673938.126215225
"3821",584476.556150681
"3822",432883.886026061
"3823",345367.209814216
"3824",494889.611501931
"3825",290234.158905558
"3826",330414.020998853
"3827",649001.016507559
"3828",503947.323209259
"3829",417348.753506195
"3830",1521235.24194921
"3831",283765.534631928
"3832",315759.40113764
"3833",1076599.86644212
"3834",600300.147703488
"3835",632915.407741198
"3836",432932.675653312
"3837",378527.137533555
"3838",579785.673648817
"3839",979960.762167316
"3840",320308.070844617
"3841",585197.222270086
"3842",298894.102181396
"3843",429022.87489701
"3844",267228.590200888
"3845",393335.550212602
"3846",350255.768526804
"3847",307678.028725428
"3848",538814.803957369
"3849",401497.926938773
"3850",1546299.68186179
"3851",465404.004853836
"3852",282996.494300631
"3853",291105.646981827
"3854",433902.510630996
"3855",415665.403835751
"3856",1132395.81819743
"3857",399268.579255576
"3858",965395.639876039
"3859",341391.980990408
"3860",437606.109993391
"3861",700339.344477012
"3862",466611.234751575
"3863",473932.265012804
"3864",446682.883778193
"3865",335205.480182253
"3866",484218.277509918
"3867",428688.245999282
"3868",536018.394323938
"3869",908623.452937708
"3870",711599.591934249
"3871",489923.695535576
"3872",468959.373528222
"3873",641303.863390532
"3874",714392.859310255
"3875",1229609.23248671
"3876",618461.468690421
"3877",500994.001873482
"3878",268032.799533011
"3879",566660.124130626
"3880",531730.487549065
"3881",295222.154885141
"3882",1698593.58429273
"3883",281958.551121803
"3884",322338.434180239
"3885",411619.691263396
"3886",1142373.91756963
"3887",986255.014064812
"3888",372339.654189417
"3889",291045.874104671
"3890",407153.93151106
"3891",547658.705056421
"3892",731287.793608477
"3893",830439.889473397
"3894",476061.549120377
"3895",445518.132335186
"3896",567406.020723636
"3897",707604.194301521
"3898",646207.048649937
"3899",733989.977542256
"3900",664143.655105985
"3901",351129.168694017
"3902",298781.933302476
"3903",852830.332616864
"3904",441525.656771272
"3905",931092.436236664
"3906",895749.534432398
"3907",364770.31131433
"3908",575901.463520431
"3909",638780.887183731
"3910",459461.125208154
"3911",530108.843270281
"3912",333352.690518461
"3913",724527.092164274
"3914",324377.112845614
"3915",365859.320589081
"3916",497083.37470742
"3917",475771.347876861
"3918",374392.053178824
"3919",407050.787551062
"3920",811740.912960515
"3921",525185.015835127
"3922",736910.860581534
"3923",377310.00193236
"3924",539807.656556149
"3925",290750.421518119
"3926",300236.227778616
"3927",291459.939327166
"3928",366943.315626354
"3929",335764.608292915
"3930",393702.829348098
"3931",932357.48267529
"3932",315015.792119577
"3933",596605.479197838
"3934",620872.036434575
"3935",786440.169492134
"3936",428505.417283479
"3937",440641.322011622
"3938",319263.026566197
"3939",335577.549470359
"3940",1358763.85835789
"3941",1116131.61522385
"3942",858673.839372675
"3943",313879.506380196
"3944",280860.331185498
"3945",602807.502871396
"3946",315686.865834545
"3947",739947.027301313
"3948",328952.779814096
"3949",704754.567644484
"3950",929820.048808196
"3951",309864.859717515
"3952",337223.953441105
"3953",698563.741717419
"3954",840706.328940262
"3955",410814.331190409
"3956",610975.812474006
"3957",1437945.24807962
"3958",388729.806513207
"3959",530810.790219797
"3960",661526.613389846
"3961",414403.045856055
"3962",677798.340353743
"3963",677798.340353743
"3964",912142.507428059
"3965",952700.426866393
"3966",310318.924517305
"3967",367653.933417442
"3968",473900.795895954
"3969",628744.254584157
"3970",422500.320303687
"3971",345056.067318957
"3972",588521.993488861
"3973",580015.559975877
"3974",604144.53249533
"3975",776177.122977009
"3976",283993.926887146
"3977",351387.620372526
"3978",545229.133357485
"3979",995890.41475323
"3980",345068.467332897
"3981",315168.102722536
"3982",757544.567870372
"3983",778212.190661981
"3984",597182.642012772
"3985",424805.407200513
"3986",728256.494103877
"3987",591506.583093095
"3988",527946.698968256
"3989",464933.361526441
"3990",888483.901978197
"3991",473249.964608292
"3992",333632.760125716
"3993",930980.596147451
"3994",578533.094927428
"3995",347000.483379462
"3996",308304.137227689
"3997",1030806.71150277
"3998",749598.437388887
"3999",370653.673375822
"4000",712257.377058449
"4001",317566.235462703
"4002",795233.979833919
"4003",734103.452062244
"4004",362692.163674679
"4005",1309769.3395672
"4006",558889.619726303
"4007",457679.560324056
"4008",265280.307752002
"4009",380594.089253499
"4010",703090.23272891
"4011",360758.721301802
"4012",355635.655351941
"4013",654774.241618943
"4014",1167311.39365507
"4015",359712.120478273
"4016",875986.838022851
"4017",494532.640622886
"4018",1108962.84844998
"4019",324112.112166372
"4020",364078.182723748
"4021",349696.661918514
"4022",331105.997472393
"4023",2323076.94995999
"4024",335577.549470359
"4025",1386777.42055307
"4026",524776.994079963
"4027",764262.095564314
"4028",289177.898499031
"4029",441751.396548162
"4030",859819.925493951
"4031",641863.25884506
"4032",626693.143003945
"4033",366235.247522465
"4034",651849.051290832
"4035",356751.915349196
"4036",738242.476034156
"4037",339214.170860325
"4038",304367.274389643
"4039",373090.553000815
"4040",1089213.92186957
"4041",334160.071807375
"4042",379676.652433936
"4043",314219.081828462
"4044",303735.670577696
"4045",378811.717325278
"4046",364897.950772336
"4047",322270.165341656
"4048",366061.859571294
"4049",334260.301001384
"4050",304879.449003387
"4051",320976.940341274
"4052",578226.090644445
"4053",552046.369359143
"4054",782527.180663672
"4055",299583.941659059
"4056",296583.787992767
"4057",890937.015682777
"4058",313945.927179538
"4059",937765.85630371
"4060",340338.199394124
"4061",513792.033833817
"4062",816261.058535955
"4063",700702.984435992
"4064",853961.15683445
"4065",494574.098634257
"4066",370680.994572812
"4067",907306.539504965
"4068",370167.839989821
"4069",561506.626399158
"4070",509108.848135102
"4071",683937.373006619
"4072",371786.039769181
"4073",486043.924601082
"4074",313879.506380196
"4075",460051.528539488
"4076",420041.970717534
"4077",421961.862276027
"4078",374680.621275207
"4079",357375.791520174
"4080",441994.187659609
"4081",330044.974033793
"4082",293254.909354444
"4083",520673.388607631
"4084",649885.411443448
"4085",267141.707067816
"4086",533549.147798093
"4087",397134.127015191
"4088",662770.283899098
"4089",382388.26710823
"4090",337016.809963414
"4091",745416.94883906
"4092",754478.601681091
"4093",1001056.312026
"4094",682071.110226637
"4095",556793.949851477
"4096",399789.864445526
"4097",653972.763438517
"4098",387143.881804602
"4099",632935.421807307
"4100",1153054.80982021
"4101",577202.017481524
"4102",446682.883778193
"4103",345056.067318957
"4104",398205.285777966
"4105",750291.425092192
"4106",320393.937158382
"4107",951762.950782476
"4108",356751.915349196
"4109",439283.446372293
"4110",691836.976568966
"4111",354841.584501335
"4112",305896.311738556
"4113",707877.038845213
"4114",363343.488925056
"4115",366068.177327972
"4116",422912.616914627
"4117",594492.518552002
"4118",331844.271370662
"4119",362677.062164395
"4120",587606.616246336
"4121",332142.312411954
"4122",777715.846540952
"4123",341047.965073877
"4124",287004.7905983
"4125",625953.89491101
"4126",376964.416538956
"4127",456821.555490579
"4128",530062.880357766
"4129",580511.137310296
"4130",891055.672527077
"4131",749929.9813421
"4132",542921.552859478
"4133",672181.018773743
"4134",865307.131989486
"4135",801497.229748315
"4136",311257.195412356
"4137",309864.859717515
"4138",1023413.88805795
"4139",382779.521663253
"4140",994320.630318905
"4141",260980.367597771
"4142",672401.16735925
"4143",311894.508619617
"4144",394603.845116973
"4145",356286.254972491
"4146",472533.957389825
"4147",400268.522429287
"4148",631727.707862788
"4149",436049.400270235
"4150",281875.971945613
"4151",466843.831520925
"4152",711599.591934249
"4153",599495.237952895
"4154",737473.550643981
"4155",469728.329055623
"4156",766047.331030889
"4157",364932.07327214
"4158",390731.289828981
"4159",597489.878812676
"4160",534496.604563615
"4161",335443.686138456
"4162",354723.55009032
"4163",684910.028247326
"4164",533769.689754955
"4165",299075.679322279
"4166",313973.936845496
"4167",357478.038265301
"4168",371068.215216063
"4169",589047.918577748
"4170",654704.99126928
"4171",578693.207064336
"4172",344793.616943652
"4173",846184.751624788
"4174",328187.400461543
"4175",544975.500277573
"4176",282370.398388231
"4177",295535.586003859
"4178",289308.231327204
"4179",389409.1630961
"4180",684888.069173225
"4181",661224.677425239
"4182",561111.755917699
"4183",535698.053585929
"4184",335632.424848213
"4185",313940.281318774
"4186",348762.364789573
"4187",986933.429126386
"4188",1022783.33386619
"4189",322264.717569786
"4190",340669.149409732
"4191",889974.712326075
"4192",466843.831520925
"4193",478492.329001655
"4194",510834.602902093
"4195",923653.40060214
"4196",809626.922595495
"4197",348920.872268495
"4198",405151.982810035
"4199",909862.44009498
"4200",589276.691399563
"4201",402571.143530077
"4202",307851.253234957
"4203",299659.460585975
"4204",500320.827182809
"4205",802118.410500071
"4206",733300.08835088
"4207",734565.471557092
"4208",702476.390405642
"4209",446853.275959547
"4210",300549.477242155
"4211",1318172.80579654
"4212",618544.32510464
"4213",1287968.69920292
"4214",745727.036816695
"4215",286542.961139755
"4216",501914.669110106
"4217",499418.631093244
"4218",396103.467917231
"4219",518433.31962736
"4220",837451.628512364
"4221",763985.922403454
"4222",398117.647997741
"4223",342955.285322986
"4224",280860.331185498
"4225",958355.860111561
"4226",553885.991699927
"4227",556362.941395361
"4228",455272.583708442
"4229",283631.671918169
