"","lambda.min"
"1",334706.646726813
"2",852396.046235836
"3",304065.080305361
"4",601021.198090042
"5",553741.969702215
"6",475920.171804685
"7",648599.222051058
"8",318663.85701699
"9",231590.153338776
"10",642810.925410965
"11",310938.46526142
"12",271376.613647827
"13",200112.394863606
"14",295784.623786398
"15",499745.516285484
"16",699378.906502542
"17",758112.076806213
"18",438642.105097213
"19",651777.815698053
"20",318553.22017222
"21",845304.682732357
"22",193766.972750118
"23",284280.328277186
"24",406328.753127402
"25",744619.278271412
"26",292149.562595743
"27",1119999.22008367
"28",476564.973446811
"29",199883.291917176
"30",304786.375732586
"31",196054.304931439
"32",942807.532465291
"33",624959.349851433
"34",155973.695966736
"35",219018.737094527
"36",464300.657734311
"37",173536.04165581
"38",1157562.64162409
"39",1625917.34334843
"40",253993.635637748
"41",663082.267162756
"42",1042742.04057604
"43",246326.390215932
"44",354584.809825625
"45",146978.579379904
"46",1215226.20586734
"47",826236.864220074
"48",554470.801872448
"49",408296.43504274
"50",688336.550452296
"51",342616.652147238
"52",377447.218793926
"53",1430621.06951064
"54",1450189.79583662
"55",540844.818746344
"56",472170.287713712
"57",164704.250449209
"58",292983.934846356
"59",937541.840349448
"60",489458.458459875
"61",1022308.34602779
"62",662056.169386704
"63",361814.788287296
"64",537458.369954394
"65",460192.931749441
"66",211418.445631389
"67",128817.48372646
"68",932814.345819395
"69",645235.787164204
"70",480679.223548189
"71",793968.397184839
"72",938218.557837554
"73",358490.264567231
"74",522339.73170819
"75",399531.8064533
"76",910856.183032935
"77",388031.365715651
"78",664293.284088249
"79",315771.018247483
"80",1293659.7770932
"81",641255.601025837
"82",485326.894216348
"83",252329.943796694
"84",579634.587010885
"85",491408.781960107
"86",669260.06738187
"87",530540.189496725
"88",455161.980465623
"89",1193494.23168186
"90",1326818.57352693
"91",776420.918820916
"92",269062.018010734
"93",114459.960806249
"94",313275.870630816
"95",239134.024746293
"96",444975.467684892
"97",259807.680660967
"98",424945.248312263
"99",276511.358937104
"100",277901.949819016
"101",1078562.33152119
"102",437649.049991333
"103",365455.290622464
"104",730121.926001363
"105",516467.766438535
"106",985102.505014904
"107",188290.844923991
"108",293033.627243004
"109",1464212.81167083
"110",258902.835718184
"111",1766037.71074849
"112",184306.891755948
"113",270778.156459522
"114",327405.793821475
"115",2678632.48272145
"116",376703.324939467
"117",1501418.46396376
"118",137116.077307514
"119",397587.831844624
"120",654082.430965175
"121",255827.760700983
"122",239895.857870113
"123",266798.085677305
"124",812622.998317981
"125",256617.387255088
"126",383563.034956279
"127",827354.590141659
"128",1102467.71198675
"129",439994.138160895
"130",603353.28478818
"131",507529.105887199
"132",588070.348998427
"133",357502.965408294
"134",286276.631833182
"135",700828.298257302
"136",436496.461099526
"137",1065654.20943513
"138",244868.788632104
"139",472545.81137888
"140",271557.457409493
"141",527328.802432371
"142",943898.837583303
"143",475909.795550356
"144",365669.907466847
"145",712563.606461058
"146",694488.546295257
"147",240723.213915493
"148",319568.246524375
"149",580470.566182613
"150",244940.084505405
"151",226315.009592931
"152",306346.984802592
"153",252373.072492081
"154",1169917.12581913
"155",549094.614277532
"156",383698.631777168
"157",533393.613385076
"158",485467.376977505
"159",609426.619783214
"160",868051.616712942
"161",1311661.28979257
"162",793065.356995245
"163",340911.45704771
"164",1146543.50747843
"165",426126.519519286
"166",552547.537857625
"167",272119.237898796
"168",466540.260015191
"169",248151.959905806
"170",186989.674665464
"171",432386.845049219
"172",670159.911360901
"173",317424.401604864
"174",315146.531021681
"175",334758.960116226
"176",275643.877380139
"177",407769.318328324
"178",287027.411104598
"179",432842.741807278
"180",172948.828038094
"181",582689.694767319
"182",237442.148251113
"183",1005270.28573733
"184",796151.012294773
"185",862311.697072239
"186",1225359.62020706
"187",286018.782680666
"188",471989.259011605
"189",220785.720161642
"190",455045.104611793
"191",199331.899367178
"192",562258.427814812
"193",249743.033203846
"194",289437.340548711
"195",267226.913258414
"196",382191.969434015
"197",198986.880407913
"198",250909.869912479
"199",431757.707915219
"200",187701.665269773
"201",363904.223273575
"202",223892.891090277
"203",146983.177667084
"204",247946.983984037
"205",573238.324787964
"206",283709.843275973
"207",348637.947579105
"208",210420.679649589
"209",543849.86789073
"210",255486.563384132
"211",134772.060240306
"212",585906.942594653
"213",449634.067926131
"214",578500.341060814
"215",831353.797951945
"216",265782.086173038
"217",725338.942456701
"218",244464.339878335
"219",278689.381484474
"220",382577.381408886
"221",236715.184999993
"222",643730.023084713
"223",227770.837941697
"224",153962.419416641
"225",338556.862351073
"226",144735.809116217
"227",934764.301547093
"228",573403.611337597
"229",482766.323145381
"230",776880.62679146
"231",337745.330033019
"232",320621.202509789
"233",397388.618519377
"234",451175.66359649
"235",160762.238293268
"236",486251.644373947
"237",499870.801207446
"238",479692.649895146
"239",433108.936471045
"240",912946.253684159
"241",354100.065226962
"242",447868.940080449
"243",539520.651359146
"244",385074.367751938
"245",746096.719351124
"246",649608.76533024
"247",304880.391961931
"248",223327.468839029
"249",414177.206206404
"250",872628.724362715
"251",665239.54195613
"252",427646.194719883
"253",419530.419847576
"254",366101.795251867
"255",219934.042638213
"256",391530.365783037
"257",186191.131058724
"258",555162.464390019
"259",461227.414117806
"260",361423.345070427
"261",1049198.09753322
"262",592231.901534817
"263",313243.038617602
"264",555212.207150597
"265",634396.455512338
"266",527142.213138746
"267",496789.111826138
"268",573359.649698072
"269",428141.385397165
"270",507566.3891972
"271",776638.1252824
"272",350645.393944716
"273",150710.462593569
"274",988645.275892829
"275",674932.030282434
"276",478554.498321925
"277",443348.552498331
"278",243931.680208157
"279",653128.284532601
"280",335437.728408181
"281",989835.950186474
"282",283764.260268724
"283",693711.909458692
"284",284987.391986464
"285",644872.91925357
"286",595058.118494585
"287",565896.758810521
"288",1458324.34366557
"289",281498.827976349
"290",580414.778274073
"291",243437.951423835
"292",319252.731646599
"293",478181.27973881
"294",1350781.02363928
"295",691119.140939545
"296",328618.718234859
"297",741742.038892281
"298",180784.872558081
"299",626894.763635131
"300",1036557.73176879
"301",320005.887015473
"302",380184.031460143
"303",788830.356484915
"304",789243.640562894
"305",472645.722482003
"306",1220005.05763906
"307",463773.332295356
"308",332409.366287291
"309",457722.439441814
"310",531185.945352599
"311",438590.618158021
"312",756532.244895596
"313",145602.87241939
"314",552181.489974633
"315",874936.45565741
"316",1484932.5250536
"317",489910.589191536
"318",284690.274508426
"319",1106143.27911406
"320",477162.009152485
"321",769774.560838625
"322",529672.589753198
"323",276167.525002144
"324",260342.148235396
"325",573247.253307986
"326",299423.760391302
"327",528989.26707559
"328",474354.876325864
"329",281068.419537409
"330",992033.588770576
"331",460363.898199523
"332",488307.479996695
"333",1200743.20577511
"334",384129.841934302
"335",412287.680435213
"336",250168.094548843
"337",819318.698927447
"338",598874.953451226
"339",368325.291871607
"340",600231.580306903
"341",230398.380229864
"342",360333.755542031
"343",275428.799429586
"344",233469.154568857
"345",269323.459358384
"346",335465.713373283
"347",218365.423906738
"348",342462.818234795
"349",476609.305828429
"350",460875.642420701
"351",308931.110438989
"352",394909.764239758
"353",341145.746374196
"354",557638.62120375
"355",349283.242677854
"356",503990.580594447
"357",453537.369451943
"358",337277.545581493
"359",300864.659551044
"360",320196.234973642
"361",489746.19931682
"362",1011965.81352143
"363",1484292.65852634
"364",411071.424757607
"365",148266.986541541
"366",838636.381803175
"367",364634.916474323
"368",331743.817347641
"369",658420.968597329
"370",553116.499338915
"371",321193.984493666
"372",418351.16470931
"373",536574.90543381
"374",666850.435204083
"375",427874.620554048
"376",1603588.23607798
"377",159803.946611569
"378",632297.592974839
"379",505281.0107425
"380",456200.634002484
"381",600900.956856227
"382",771829.466056316
"383",351632.262846016
"384",369289.10211716
"385",485104.747220278
"386",531741.370517455
"387",611962.043842783
"388",995115.199486214
"389",302137.904086096
"390",810269.00508613
"391",1448993.6571865
"392",648338.432705047
"393",753724.340773076
"394",1071432.42187733
"395",582286.246286445
"396",358331.678526154
"397",171959.661354071
"398",419585.957517186
"399",828936.613201147
"400",418057.35583486
"401",909382.842548784
"402",136532.061401301
"403",598067.636138098
"404",134482.334810775
"405",224564.942325755
"406",876853.648882764
"407",188654.934798694
"408",889898.514858703
"409",601987.682067436
"410",334795.869863182
"411",334361.940984151
"412",654681.471297013
"413",323768.753401348
"414",154380.335388344
"415",1144132.17557111
"416",367459.121999421
"417",304759.915243078
"418",240141.336224263
"419",292117.178457863
"420",145479.456649114
"421",434547.160173084
"422",999205.191970643
"423",254850.166874282
"424",939437.134617351
"425",680258.188455818
"426",489131.365539543
"427",1034684.45514908
"428",1386785.13512797
"429",1113172.20940308
"430",686349.428416276
"431",827855.178406873
"432",342483.737711528
"433",665435.708548639
"434",589767.650427343
"435",259912.190821473
"436",703372.229130012
"437",399493.152781603
"438",1038880.78704703
"439",523116.305703448
"440",189506.832128293
"441",541986.238355399
"442",275895.994530161
"443",798177.392154027
"444",1262820.05487409
"445",207710.062420237
"446",344899.062910049
"447",297429.520262855
"448",416709.18133422
"449",260788.920977032
"450",665850.102104627
"451",851065.384181318
"452",271316.781874434
"453",453962.825442482
"454",443503.843798688
"455",507818.775219963
"456",524832.117995908
"457",185780.406475787
"458",658134.462378833
"459",922882.979206914
"460",197847.320925015
"461",1143794.80931035
"462",280873.040980639
"463",1240036.54806165
"464",658526.816048981
"465",471000.587206165
"466",591437.17110315
"467",400034.976928183
"468",311654.840239464
"469",164397.397638347
"470",801166.154804866
"471",775047.712050132
"472",244874.298816598
"473",239775.393292673
"474",911244.371997593
"475",365545.347355216
"476",470030.202532249
"477",378260.109103021
"478",474238.490999903
"479",301431.529841391
"480",459190.598373505
"481",287379.65969524
"482",286168.382185084
"483",635784.524883691
"484",772398.078396592
"485",438266.231518616
"486",597913.364431693
"487",511645.246599113
"488",1211323.66422117
"489",260099.017742972
"490",241788.06335094
"491",394141.007325701
"492",494745.561240727
"493",114450.221220004
"494",322748.449599115
"495",1435136.89230167
"496",290626.894541385
"497",325493.284914643
"498",1351649.65982742
"499",801189.537048933
"500",407194.674945136
"501",160230.269739728
"502",266079.368315691
"503",320807.456029844
"504",468869.434193296
"505",299455.602128604
"506",213886.532683948
"507",119133.446479031
"508",522826.484774269
"509",943062.430671572
"510",638493.723231942
"511",392873.46316955
"512",226491.996398099
"513",602463.350573147
"514",757711.82472027
"515",1111495.2949537
"516",1313575.21371123
"517",1339329.45697932
"518",277613.332385885
"519",129828.666238196
"520",388797.079605495
"521",572311.75858953
"522",373416.652974559
"523",563529.727254327
"524",566666.437232844
"525",498325.452720164
"526",233557.564567795
"527",507037.80458254
"528",262278.468009321
"529",1096813.7362284
"530",564169.264349079
"531",410662.463848446
"532",1143512.14079613
"533",868074.602333833
"534",831597.555745999
"535",678292.508569661
"536",473291.302818864
"537",935937.961824912
"538",576093.428704728
"539",318631.7227298
"540",459689.405265616
"541",579054.439441361
"542",304546.227256126
"543",417462.802017499
"544",693269.879898666
"545",1058082.03655746
"546",296743.127782536
"547",416692.762289937
"548",241044.226229374
"549",829946.909063109
"550",580705.528717416
"551",174343.074219913
"552",580424.452376608
"553",685181.808710051
"554",775192.109640164
"555",600709.135016156
"556",275909.588517653
"557",245008.333394677
"558",550364.921521957
"559",164295.05423417
"560",810043.847325343
"561",544382.433717914
"562",439787.340303759
"563",299096.243892384
"564",909939.882385458
"565",178785.955269291
"566",428093.970398543
"567",665071.565479308
"568",484288.273973765
"569",1170795.93218325
"570",331510.566891095
"571",415296.655734449
"572",621047.768314864
"573",266963.725096757
"574",473224.956360895
"575",270661.783346908
"576",159626.795076984
"577",556045.10186749
"578",330606.570903586
"579",973686.978866121
"580",337141.431865704
"581",677916.241519162
"582",309541.183510587
"583",657287.396962661
"584",534931.624292325
"585",534598.906874609
"586",424881.768889237
"587",297878.898227157
"588",976718.398647444
"589",290505.794821098
"590",254185.228243429
"591",107223.119848252
"592",169405.740724617
"593",508328.815062054
"594",460774.516228438
"595",348182.486201542
"596",1381047.77326405
"597",408760.62454872
"598",622139.077065652
"599",565604.987850835
"600",839414.684951927
"601",686597.999142065
"602",684299.074816886
"603",575887.575468509
"604",277991.229912911
"605",477602.246193729
"606",744165.093580507
"607",124133.079102148
"608",462938.497850989
"609",336683.728033149
"610",487849.936428344
"611",1818993.46082699
"612",558559.356590865
"613",609893.026874837
"614",263175.33987293
"615",418486.922487596
"616",231526.480554488
"617",1050870.30277791
"618",179644.797094345
"619",392446.72621345
"620",552630.141649643
"621",855244.528275739
"622",288404.600824386
"623",511325.561198433
"624",230139.329257961
"625",435797.175333246
"626",712780.63210581
"627",345238.510701678
"628",1040993.45469835
"629",502776.038625264
"630",473195.091850279
"631",481076.653632412
"632",264295.233734126
"633",495757.302074646
"634",131090.660066025
"635",501437.181966855
"636",563086.375858786
"637",475565.647586784
"638",460545.984503673
"639",132221.123760145
"640",458679.170468221
"641",250184.539789431
"642",486191.335673836
"643",447469.886785009
"644",423023.837073674
"645",363085.724410062
"646",1094803.14448863
"647",375592.498363252
"648",495451.783941277
"649",649686.913968844
"650",788455.697032826
"651",224962.206158566
"652",1109473.27707685
"653",636589.013651002
"654",165117.76557528
"655",991537.536277562
"656",231401.823163808
"657",179476.500021625
"658",422544.000964055
"659",355398.02091421
"660",403396.053771137
"661",377520.793870564
"662",444632.970776474
"663",705794.685650097
"664",298124.037567914
"665",174108.594393346
"666",74890.3452550213
"667",392456.094420484
"668",636709.11188367
"669",488742.992756708
"670",488114.06425304
"671",536306.403792637
"672",485339.41975651
"673",1392686.01564844
"674",484700.147252394
"675",407532.673921366
"676",725220.78428864
"677",1238187.84278674
"678",132959.721808859
"679",455143.694063865
"680",469480.521719734
"681",255268.665958602
"682",173937.371509114
"683",1111668.24940078
"684",510377.440419638
"685",403664.050657872
"686",751310.420325727
"687",413040.122910827
"688",275193.314512272
"689",681111.986022425
"690",381373.159321912
"691",412649.9448976
"692",1263767.84773076
"693",653965.25139995
"694",786102.414414402
"695",637685.502311686
"696",804262.692267988
"697",489963.205966159
"698",522010.144757833
"699",294143.891542871
"700",1527031.29020582
"701",648133.539408389
"702",1527094.28874484
"703",514806.291349797
"704",268024.667576095
"705",469295.411560268
"706",500346.475662437
"707",550646.762639447
"708",850479.178343998
"709",163556.107911945
"710",498312.073684821
"711",777135.53734236
"712",867444.269806055
"713",641934.878683566
"714",407939.99673071
"715",526601.534988118
"716",624560.140185119
"717",205056.213943102
"718",356963.271856315
"719",310786.616107722
"720",487416.809177397
"721",966656.50521309
"722",733781.338443831
"723",669121.930711488
"724",504192.97462669
"725",860914.151910339
"726",370306.8585912
"727",431254.584205235
"728",149908.392898619
"729",1381509.01605255
"730",487140.713062863
"731",502775.216791061
"732",476856.861364814
"733",803621.893539198
"734",1395820.35493257
"735",668495.053854685
"736",523038.867303621
"737",748949.527918423
"738",232620.515029642
"739",548653.357491259
"740",303792.01539283
"741",818016.529502022
"742",912097.936465024
"743",513733.681378092
"744",538912.33875136
"745",389278.716655832
"746",565210.906952793
"747",248152.828456399
"748",137082.327568213
"749",536502.542759822
"750",526565.356261699
"751",375603.618567592
"752",1749854.61493887
"753",966971.324119079
"754",412132.6439836
"755",872213.069594175
"756",260867.309999027
"757",606681.530195272
"758",713647.584091345
"759",454787.62658726
"760",493390.075124535
"761",508853.159363779
"762",238168.099855966
"763",437258.027574312
"764",101136.803203351
"765",299388.785647756
"766",311085.035865581
"767",271671.688754634
"768",712107.806769508
"769",323822.56796576
"770",1170565.64000791
"771",621745.228956313
"772",1129010.34847757
"773",1044609.17881664
"774",397234.348074331
"775",245676.711085149
"776",476362.871952477
"777",650981.030415732
"778",1008505.57812356
"779",553881.242789952
"780",289549.035064017
"781",468111.73071075
"782",511370.467179947
"783",394521.511629443
"784",183141.660048199
"785",172682.196889604
"786",394220.089729644
"787",443947.136836243
"788",511729.97170951
"789",288214.891943062
"790",737463.951593434
"791",377748.658485691
"792",748106.478846558
"793",1220290.937588
"794",453463.049472743
"795",711476.772760751
"796",556900.335541136
"797",390746.358132325
"798",469399.416891286
"799",172070.429680988
"800",837178.788493122
"801",217416.203268752
"802",865834.621341459
"803",497224.998273585
"804",606126.742335782
"805",758114.219329798
"806",723326.598794206
"807",901034.636318379
"808",671384.664735522
"809",501286.717770459
"810",367554.01409681
"811",635869.143365688
"812",447097.791675686
"813",757243.199364441
"814",493554.966094394
"815",251929.829288911
"816",376949.517851699
"817",376425.587783979
"818",268025.646171191
"819",237762.824626344
"820",936736.894117803
"821",314599.497400649
"822",737331.690990482
"823",1007267.46041101
"824",588149.076169685
"825",731772.557269489
"826",419768.598263252
"827",389789.004447035
"828",506870.984883468
"829",631918.564476578
"830",291975.995544182
"831",653399.51551128
"832",161361.797757572
"833",297229.849388881
"834",250162.22505535
"835",775473.786938153
"836",473144.330631487
"837",416084.104979892
"838",796197.903244291
"839",478221.642949715
"840",627322.707363321
"841",457733.718274533
"842",1173234.02578187
"843",2155727.31148973
"844",238832.05088374
"845",749374.015820104
"846",789708.154868166
"847",652067.004982398
"848",349771.23444573
"849",1723862.01191145
"850",272248.063777821
"851",84965.2465456715
"852",396072.12841473
"853",292242.223973667
"854",302598.532884794
"855",522475.140838306
"856",406766.045775192
"857",279755.798741102
"858",469201.569835345
"859",244729.65187079
"860",788747.14930785
"861",541410.753126284
"862",169104.452880023
"863",532545.266383663
"864",411460.458485042
"865",329446.915265205
"866",1002178.64796973
"867",404386.157689188
"868",345347.21114975
"869",802886.123265453
"870",499449.441426181
"871",558959.291616581
"872",327256.506658955
"873",254290.351216004
"874",409812.132763617
"875",455760.0022333
"876",782664.193431524
"877",383996.910403951
"878",874188.86800934
"879",674286.217903378
"880",1483692.25534163
"881",1166651.03851094
"882",373593.719107076
"883",336278.199562193
"884",842380.202760615
"885",390314.030855562
"886",257430.766455519
"887",238394.081979115
"888",579417.249236822
"889",518091.633559398
"890",366411.27524493
"891",378227.418659653
"892",310505.757748386
"893",272077.091062662
"894",423140.703966311
"895",643290.33768988
"896",698066.479492005
"897",416172.949007919
"898",339098.610246658
"899",276501.081174527
"900",404117.816133072
"901",371141.029261654
"902",642057.177895525
"903",179436.195131478
"904",243837.695841043
"905",571770.904526354
"906",212213.873669564
"907",442409.416981306
"908",375169.401857693
"909",831623.083602926
"910",310440.572495157
"911",393868.28256682
"912",597940.016183389
"913",297323.171632295
"914",290470.458014437
"915",150788.492126403
"916",360504.423351824
"917",629507.788687262
"918",474686.248632358
"919",970133.334405996
"920",678794.993611886
"921",359787.797934742
"922",446109.625177227
"923",708233.717675502
"924",1594233.10860213
"925",546071.336731317
"926",234899.429877003
"927",539997.629711656
"928",641101.44022021
"929",310390.18705192
"930",283925.391357419
"931",1551127.903708
"932",157864.863967102
"933",874017.100365001
"934",364971.445564138
"935",436931.300062307
"936",653634.548795104
"937",209300.719176669
"938",319795.939860219
"939",219338.615252223
"940",358798.145880441
"941",639376.870475675
"942",474138.880282843
"943",613036.491772747
"944",313473.436367145
"945",271764.90121406
"946",1003665.18400215
"947",117464.499607557
"948",195011.193893708
"949",311028.299875593
"950",490706.515690492
"951",646226.88052406
"952",532517.308583749
"953",239770.982771106
"954",404452.370208455
"955",810645.968304353
"956",150442.111171496
"957",629001.07498987
"958",279872.717440182
"959",506407.22904346
"960",842504.055334944
"961",860239.101751486
"962",912939.787138623
"963",305851.839698882
"964",328220.589471868
"965",426626.151069241
"966",529865.480402346
"967",517152.542435636
"968",533439.046407562
"969",723319.597087083
"970",761959.699902209
"971",565548.418192308
"972",391136.88976978
"973",258843.505433826
"974",810898.356214077
"975",606662.191864141
"976",515009.943562464
"977",872317.646768291
"978",530597.990923745
"979",411477.358612097
"980",318720.015521081
"981",719089.110450337
"982",671929.276204617
"983",410863.315429864
"984",403872.674038153
"985",254706.176866993
"986",393102.130300595
"987",428689.037092545
"988",240842.739845844
"989",654193.907054306
"990",318016.592848095
"991",312764.090938252
"992",734545.973295367
"993",1616378.55105663
"994",295416.238672357
"995",467503.307915473
"996",467098.750573327
"997",663079.962346887
"998",771309.066221832
"999",535970.603090041
"1000",644417.413409151
"1001",572525.747947992
"1002",609301.897528237
"1003",342510.709327165
"1004",1202416.71089336
"1005",339541.268416672
"1006",576240.293071485
"1007",778101.818243105
"1008",965480.907622067
"1009",808092.929790334
"1010",624296.368950836
"1011",577690.538884915
"1012",163432.006973278
"1013",907400.555484045
"1014",369983.574383902
"1015",412941.935917972
"1016",729913.130885164
"1017",154901.536845823
"1018",92182.3099485295
"1019",216973.54526451
"1020",442096.454494627
"1021",434518.98735944
"1022",638734.930125377
"1023",826174.321355595
"1024",762179.006280543
"1025",283072.745959075
"1026",179195.14953961
"1027",786026.917081234
"1028",147744.818614221
"1029",363474.072530293
"1030",476412.139380575
"1031",602763.967278583
"1032",408947.012362198
"1033",295863.151487706
"1034",747498.338990206
"1035",492130.377957759
"1036",619052.628339871
"1037",699535.010772674
"1038",412846.493582774
"1039",277602.866319749
"1040",398950.225055132
"1041",700627.721257117
"1042",560992.64625933
"1043",152027.931519542
"1044",364672.307599426
"1045",268786.673650234
"1046",677684.634158024
"1047",441111.220235632
"1048",258707.004281292
"1049",208398.090350925
"1050",825084.226949473
"1051",489236.653965087
"1052",325976.476587787
"1053",412479.626626979
"1054",479443.644112898
"1055",310110.333675693
"1056",442704.405301157
"1057",762783.910306188
"1058",484568.883409524
"1059",670921.623632079
"1060",572931.893929756
"1061",637162.011502105
"1062",1430794.74826475
"1063",528581.03040719
"1064",249037.000968032
"1065",662366.281962241
"1066",300131.331463283
"1067",335491.864529417
"1068",464448.38632823
"1069",631596.138444606
"1070",667463.509072332
"1071",1047199.28987827
"1072",250971.066236588
"1073",264047.567134484
"1074",195865.067615552
"1075",299619.401783827
"1076",834760.157213171
"1077",224448.755900291
"1078",777908.58358442
"1079",222133.269472999
"1080",205495.257222038
"1081",468174.626806605
"1082",293831.222359129
"1083",324154.739933284
"1084",473250.791824314
"1085",543100.077571469
"1086",251593.642194256
"1087",566298.277337669
"1088",656233.506881083
"1089",199907.703807873
"1090",380954.027079555
"1091",363642.442538612
"1092",271536.887089511
"1093",357204.332343245
"1094",490587.152441863
"1095",662355.504361037
"1096",563333.565821451
"1097",393469.622316113
"1098",185587.376068286
"1099",777285.993033322
"1100",197769.09868572
"1101",525282.985526546
"1102",325250.054869167
"1103",557526.071976721
"1104",488803.394125665
"1105",1750829.56407088
"1106",1307111.12666295
"1107",603381.032650587
"1108",312716.029026733
"1109",132992.032650212
"1110",973638.302992103
"1111",425789.527042296
"1112",503780.320218841
"1113",608292.991989976
"1114",824575.621452562
"1115",47841.0665224426
"1116",554572.759246097
"1117",537505.740992234
"1118",311292.750433416
"1119",659515.905083827
"1120",972602.347527442
"1121",1988073.37280641
"1122",497553.021563201
"1123",317344.096097345
"1124",717586.335257405
"1125",304864.471988078
"1126",830392.044493434
"1127",242077.792702985
"1128",370553.02943918
"1129",452743.99735061
"1130",659501.594593105
"1131",617087.727411235
"1132",616197.530751184
"1133",315747.029758272
"1134",562113.856454575
"1135",566001.741984844
"1136",222798.121982603
"1137",692170.537482849
"1138",778586.950993015
"1139",422818.228818617
"1140",609194.641157192
"1141",210635.692025078
"1142",572541.970069515
"1143",296901.371411936
"1144",529826.495339123
"1145",510280.365610308
"1146",1062547.53201744
"1147",398757.664710442
"1148",176236.483501414
"1149",558660.296397244
"1150",604018.096173797
"1151",2479852.82153829
"1152",437363.702406589
"1153",405274.350927685
"1154",453949.651300317
"1155",245247.153764566
"1156",440890.275202468
"1157",533210.97865819
"1158",197681.289451046
"1159",836126.316909669
"1160",223474.231063176
"1161",395952.304355646
"1162",482855.474341084
"1163",809650.947586834
"1164",311179.976559564
"1165",179580.494501968
"1166",482807.594540634
"1167",275295.419693067
"1168",280781.04740878
"1169",223979.829201448
"1170",390195.023148988
"1171",666959.728635457
"1172",743960.187974428
"1173",301410.657296287
"1174",1087265.67725276
"1175",561023.555041861
"1176",139410.127872642
"1177",1609074.98741405
"1178",545672.186845133
"1179",250401.532818565
"1180",271296.257865443
"1181",472706.516130607
"1182",608992.112791749
"1183",319427.767747394
"1184",189876.887822561
"1185",873269.067889012
"1186",929606.207599508
"1187",308372.354984921
"1188",445673.87652607
"1189",622633.885842051
"1190",264879.745798761
"1191",321242.050200721
"1192",686236.808658324
"1193",307949.789894282
"1194",435566.629554903
"1195",920091.251764663
"1196",312000.01280384
"1197",551911.870366533
"1198",652983.260892475
"1199",213143.272145177
"1200",580640.663700852
"1201",241149.818686444
"1202",763793.001085898
"1203",428307.711357923
"1204",112866.761069636
"1205",376149.157018175
"1206",315764.001119084
"1207",928939.42666834
"1208",149131.180310753
"1209",664772.345200264
"1210",144500.475801868
"1211",1085284.74124193
"1212",260322.031667689
"1213",319830.910247812
"1214",208948.781328361
"1215",802924.094500626
"1216",321316.280887317
"1217",293039.104583508
"1218",207385.329716867
"1219",565913.152525066
"1220",1111659.73988801
"1221",690146.740859613
"1222",564487.943105027
"1223",450539.53445487
"1224",516104.591167494
"1225",324821.178747795
"1226",328248.358565391
"1227",208310.872500739
"1228",429257.61320864
"1229",416745.892287178
"1230",969807.674928906
"1231",377661.578505631
"1232",526284.940898006
"1233",488022.610577497
"1234",329242.621833116
"1235",263617.500616766
"1236",251626.370458265
"1237",966557.188825312
"1238",906222.843704577
"1239",422610.219056048
"1240",1136899.08307294
"1241",977461.804217984
"1242",195315.843504746
"1243",1239712.50049374
"1244",268991.727708509
"1245",362780.127644576
"1246",234002.960449569
"1247",251022.533430331
"1248",132873.607942971
"1249",144011.305246615
"1250",302541.448928243
"1251",407747.9414452
"1252",450292.611929017
"1253",445571.333984846
"1254",505697.687888219
"1255",423035.178861529
"1256",305408.536333995
"1257",573318.521775973
"1258",325110.811562001
"1259",957346.560953916
"1260",528568.413437629
"1261",526794.002365286
"1262",450107.558556659
"1263",138641.444161249
"1264",523853.407253228
"1265",584378.593075743
"1266",2515170.8284751
"1267",2702692.69049352
"1268",205037.003953728
"1269",171163.141536491
"1270",782680.775645495
"1271",1301277.67041707
"1272",515647.392672724
"1273",254686.905196369
"1274",1248152.71091453
"1275",566567.23770853
"1276",567811.544618938
"1277",301057.522128479
"1278",563968.846187763
"1279",261601.349197921
"1280",581543.458365637
"1281",553678.540563172
"1282",454706.820568045
"1283",199098.760854534
"1284",1059520.41028322
"1285",646562.71028718
"1286",424893.383445628
"1287",467058.236003377
"1288",581601.295570053
"1289",595737.654825237
"1290",422872.499968979
"1291",716524.796493885
"1292",395880.826754972
"1293",340878.403941204
"1294",527262.844666332
"1295",630181.095879404
"1296",373154.315321745
"1297",642591.992210956
"1298",124289.470284607
"1299",485709.727745246
"1300",362531.127515469
"1301",348476.580397673
"1302",577368.740150921
"1303",505945.828649892
"1304",640994.236009325
"1305",566317.470196472
"1306",545575.381144878
"1307",329945.031729467
"1308",580142.678237099
"1309",203892.789794554
"1310",341558.531518738
"1311",801064.768134265
"1312",243558.551516874
"1313",421906.187372263
"1314",685898.960518767
"1315",332371.22397459
"1316",306283.386347558
"1317",506490.042689328
"1318",432322.636748018
"1319",558411.989743335
"1320",1004759.8548913
"1321",444223.474228615
"1322",516990.877678033
"1323",350275.195900699
"1324",1190795.03386825
"1325",719433.962915686
"1326",807717.891084022
"1327",245646.488075683
"1328",560623.241626525
"1329",1000104.16798203
"1330",475155.24014553
"1331",1396063.11093555
"1332",468102.555931188
"1333",474735.992974516
"1334",290254.491400865
"1335",564641.143516942
"1336",346679.810429241
"1337",825502.532999893
"1338",303586.340354834
"1339",517611.023587066
"1340",486658.577621539
"1341",282322.091658326
"1342",604488.923925074
"1343",375422.861913128
"1344",617312.772424958
"1345",1122950.78416623
"1346",605251.753301291
"1347",507545.985614968
"1348",383884.040846232
"1349",345281.861319249
"1350",459109.598139979
"1351",409737.734366601
"1352",612913.258595336
"1353",610967.637644564
"1354",641761.689248439
"1355",223482.067832645
"1356",819761.38165133
"1357",543640.511655607
"1358",2071725.38965924
"1359",266367.582540642
"1360",1246433.01915674
"1361",431009.424837705
"1362",174947.670919725
"1363",704876.963114648
"1364",261383.557168951
"1365",530184.061133783
"1366",1823643.60909693
"1367",345641.923980169
"1368",552330.982193952
"1369",2061806.38743147
"1370",349733.465213423
"1371",790173.476940349
"1372",78741.0488398097
"1373",788428.920964138
"1374",331807.444938953
"1375",165347.916775617
"1376",200142.97176589
"1377",593503.232216506
"1378",270499.426272942
"1379",309427.026856749
"1380",252707.737824639
"1381",609659.670221915
"1382",986127.445222707
"1383",268275.688339012
"1384",409054.327871457
"1385",221173.205378472
"1386",446647.550211207
"1387",403237.738052315
"1388",444797.25867835
"1389",213985.835750745
"1390",417063.174717719
"1391",843980.304976995
"1392",182076.368661893
"1393",622128.634405828
"1394",707223.676327979
"1395",389583.316490343
"1396",728418.405829091
"1397",314708.075424638
"1398",640517.252288048
"1399",257030.508258846
"1400",1010942.71757043
"1401",520049.005811088
"1402",576098.576857971
"1403",727702.948472271
"1404",260315.039324323
"1405",444267.852739919
"1406",633010.951862701
"1407",347743.658395986
"1408",582705.307686312
"1409",589900.192175958
"1410",373830.711810254
"1411",427862.563885996
"1412",479674.3743641
"1413",350522.101161618
"1414",508236.379398822
"1415",637970.925140759
"1416",741112.747198917
"1417",383816.777084056
"1418",520498.995992289
"1419",449584.118222125
"1420",232839.543438942
"1421",568004.236065054
"1422",616893.849750825
"1423",314338.355445657
"1424",517721.216073518
"1425",1333890.73621939
"1426",495408.784409823
"1427",579252.499997451
"1428",2050269.55954241
"1429",561384.091047557
"1430",682197.025298821
"1431",572132.292960969
"1432",529798.362153232
"1433",486564.773670159
"1434",621407.892126693
"1435",874352.324630167
"1436",634830.499444785
"1437",323609.074424193
"1438",497125.149936792
"1439",237941.16323911
"1440",270069.540814432
"1441",310969.267357001
"1442",452141.863730147
"1443",134521.361061659
"1444",444001.275848435
"1445",784418.577979817
"1446",590354.205085014
"1447",711333.479153791
"1448",428568.395010905
"1449",335253.223623526
"1450",851051.038390879
"1451",330121.396412682
"1452",394827.182889245
"1453",586088.202042783
"1454",242329.012696525
"1455",313291.97178993
"1456",398955.136828123
"1457",587445.938229164
"1458",488704.695762461
"1459",392844.535713584
"1460",445723.009720484
"1461",1083393.89707586
"1462",94646.8125510426
"1463",358256.982936905
"1464",337861.758329307
"1465",488057.722788966
"1466",457928.519015351
"1467",829982.031996046
"1468",425097.561794472
"1469",655584.937038535
"1470",735770.286500865
"1471",381192.65393867
"1472",667251.512023953
"1473",298165.527135309
"1474",174102.553958983
"1475",456128.816384704
"1476",406445.834695581
"1477",343323.518881702
"1478",314322.731303584
"1479",493139.092325011
"1480",211827.531798861
"1481",379501.968784827
"1482",755028.222661711
"1483",581655.766740313
"1484",665416.238937659
"1485",564720.912675611
"1486",173755.764970182
"1487",377112.023775083
"1488",905056.433956665
"1489",940665.40810317
"1490",1460965.16737556
"1491",268474.793331986
"1492",627061.693121669
"1493",693092.453510638
"1494",467798.678593517
"1495",517513.197889902
"1496",221186.585006295
"1497",431340.909947682
"1498",465913.077582593
"1499",244057.495805057
"1500",2045263.03926274
"1501",274554.905578175
"1502",512972.150256403
"1503",1401807.46675087
"1504",351126.846731526
"1505",164133.661079311
"1506",421499.285926622
"1507",737582.256144109
"1508",395442.122511056
"1509",546539.112758451
"1510",570212.329982363
"1511",497404.699482587
"1512",348319.321068249
"1513",357302.291555096
"1514",248434.542990965
"1515",1194830.47413431
"1516",428630.147801097
"1517",568377.686689989
"1518",556894.893120271
"1519",404881.020447712
"1520",585992.17137995
"1521",731928.381441309
"1522",230184.952895144
"1523",209260.2868135
"1524",731172.980549112
"1525",693893.668209997
"1526",122007.484439071
"1527",328733.827085001
"1528",509116.83978059
"1529",329196.056688946
"1530",231796.908303837
"1531",155438.530952096
"1532",412634.418011385
"1533",1176775.02803563
"1534",364493.842085271
"1535",327434.069977887
"1536",498838.124819356
"1537",376476.850859505
"1538",427712.255780919
"1539",371372.103568244
"1540",650428.8787673
"1541",727523.938448056
"1542",671335.117768815
"1543",528368.896326553
"1544",111854.427936698
"1545",255767.135336494
"1546",1756230.01039789
"1547",602051.415326904
"1548",393477.488614322
"1549",389192.55409248
"1550",721202.087453848
"1551",313781.64985217
"1552",253382.022015056
"1553",83714.6314769163
"1554",450793.792858409
"1555",189666.752117194
"1556",2390933.67635434
"1557",788689.872951414
"1558",490544.273236601
"1559",285263.734973282
"1560",464933.881509498
"1561",379950.356788354
"1562",180704.311447053
"1563",416991.904022202
"1564",496874.480051015
"1565",990429.457018134
"1566",1091998.54293095
"1567",549289.918854236
"1568",401852.761667597
"1569",1019349.39606582
"1570",1727562.5245415
"1571",622738.726705003
"1572",315096.985194613
"1573",417910.209834172
"1574",405314.971383981
"1575",663631.900179373
"1576",493585.8405944
"1577",484759.530444712
"1578",632427.87242535
"1579",531167.534123961
"1580",303640.036338048
"1581",304487.704286763
"1582",450280.30678925
"1583",217521.229833864
"1584",344477.289354995
"1585",1140347.16860668
"1586",223318.622273188
"1587",394796.53405627
"1588",1568293.4546568
"1589",362529.067901158
"1590",283798.161733808
"1591",379934.400525835
"1592",403590.205475908
"1593",213243.988097809
"1594",534643.7674192
"1595",263773.368644451
"1596",226601.520311122
"1597",210879.484254792
"1598",1181940.09904834
"1599",758655.337546405
"1600",404984.948595862
"1601",199491.333326202
"1602",320893.903787863
"1603",239576.061901005
"1604",274408.291322489
"1605",346387.171899785
"1606",675940.351526465
"1607",678392.286656531
"1608",284655.754916746
"1609",559995.423137688
"1610",253744.894651544
"1611",582695.088177671
"1612",333299.385815663
"1613",232245.836229437
"1614",351480.944145078
"1615",511816.992134948
"1616",112750.28191099
"1617",340254.078996584
"1618",996181.410891571
"1619",694659.041287037
"1620",302854.613175542
"1621",177568.530612883
"1622",1163602.96913886
"1623",416571.552854765
"1624",275717.869245447
"1625",424653.891251123
"1626",281608.576380644
"1627",256901.191855104
"1628",290208.202564046
"1629",666672.060450296
"1630",909762.81482386
"1631",1252920.15074855
"1632",268174.695968021
"1633",794947.336741155
"1634",988181.644229799
"1635",454423.342497001
"1636",190603.543155622
"1637",216697.967620346
"1638",403731.936141565
"1639",556056.385165476
"1640",479630.548605771
"1641",1165789.54867713
"1642",364768.088722243
"1643",627115.408176093
"1644",643665.610890271
"1645",348922.533513759
"1646",502903.993535344
"1647",147166.384864941
"1648",991834.376652445
"1649",334413.219110586
"1650",254427.651457085
"1651",256455.24900615
"1652",417547.636230881
"1653",157074.188780427
"1654",488573.079072655
"1655",383630.833679075
"1656",532200.483286765
"1657",305150.75997002
"1658",1429575.84655009
"1659",302001.115743372
"1660",387223.29184165
"1661",258484.901909943
"1662",390311.058736859
"1663",223478.706927778
"1664",485146.59042837
"1665",578277.237125602
"1666",568903.740651503
"1667",514522.28086812
"1668",519881.381508701
"1669",477346.127333219
"1670",986935.435734865
"1671",271964.208298196
"1672",174298.039637518
"1673",647823.940899172
"1674",203037.654169813
"1675",320147.381407603
"1676",142218.29629821
"1677",399197.037053153
"1678",1170337.0512686
"1679",317108.907237831
"1680",656475.303793566
"1681",442573.997267987
"1682",137991.395335669
"1683",495211.788867705
"1684",214727.432147893
"1685",306513.476920875
"1686",942688.606654677
"1687",166366.836895959
"1688",645069.354712803
"1689",268783.064135995
"1690",215289.20390505
"1691",292619.769374963
"1692",289415.888538711
"1693",541823.983914779
"1694",168720.307669417
"1695",438252.502398287
"1696",340851.343639638
"1697",326191.996380458
"1698",1195680.70587117
"1699",308253.623130349
"1700",444033.61293969
"1701",513638.636935228
"1702",406379.966714753
"1703",265223.547856793
"1704",512980.855592812
"1705",356131.660958087
"1706",548249.336337628
"1707",654538.083412993
"1708",348916.491261427
"1709",525796.89807362
"1710",188816.27765577
"1711",524216.941262672
"1712",520385.372416504
"1713",465236.116424385
"1714",595949.932420471
"1715",669162.284843486
"1716",221139.050236055
"1717",734205.744333841
"1718",1172469.77730694
"1719",550025.084544016
"1720",227787.037703064
"1721",641958.145979757
"1722",955458.881169989
"1723",357617.34639323
"1724",234959.822848145
"1725",1161504.25147184
"1726",607188.431304526
"1727",793653.100100839
"1728",765222.460254515
"1729",769751.97608078
"1730",515447.602604696
"1731",356170.757874815
"1732",348119.903770402
"1733",280500.301262754
"1734",504107.324653036
"1735",539485.449801334
"1736",736070.681749801
"1737",408729.186166272
"1738",799545.063996413
"1739",219478.391631507
"1740",165876.145654841
"1741",269656.380449465
"1742",293054.375213294
"1743",237768.137070788
"1744",150143.66925847
"1745",446118.795589439
"1746",387566.975161872
"1747",1095747.12016792
"1748",490531.631757057
"1749",322036.467182541
"1750",237136.694095142
"1751",314906.859578323
"1752",937972.703099481
"1753",251243.825657267
"1754",599845.512691962
"1755",363020.063995261
"1756",912676.828793935
"1757",443481.808994913
"1758",378924.396031426
"1759",562693.787324961
"1760",468856.417553357
"1761",861925.242854142
"1762",861990.315403767
"1763",435088.73757573
"1764",321997.474843959
"1765",544211.981246865
"1766",835284.068390902
"1767",572657.368960297
"1768",724649.776408707
"1769",439005.072734029
"1770",360338.095563365
"1771",209312.024425569
"1772",513273.137195906
"1773",347375.20071565
"1774",383949.761078848
"1775",759256.517878905
"1776",239745.989789492
"1777",706726.646639214
"1778",365420.044729875
"1779",231872.104685201
"1780",397795.762666647
"1781",755307.624124426
"1782",366758.876330887
"1783",852285.798409129
"1784",387949.646269578
"1785",966565.515479816
"1786",805551.683388968
"1787",429584.66811602
"1788",1317578.86891882
"1789",455718.956548254
"1790",544906.804638271
"1791",746053.660832597
"1792",808695.805421834
"1793",458266.971254863
"1794",139569.330003961
"1795",616030.654930963
"1796",1117713.53446118
"1797",371729.001408483
"1798",353860.099893441
"1799",210885.565962122
"1800",1024010.51789233
"1801",273071.09634582
"1802",200104.517589894
"1803",709677.635229241
"1804",388320.326943167
"1805",466362.942312672
"1806",1007018.52349342
"1807",780046.364809697
"1808",634256.312136385
"1809",224463.213501609
"1810",676046.419358282
"1811",825682.535154243
"1812",264058.911733955
"1813",1426130.77504642
"1814",1426386.69649854
"1815",4799176.03554662
"1816",267969.236427028
"1817",612719.484396781
"1818",656728.899912869
"1819",120103.714625442
"1820",628055.370873309
"1821",520671.575635916
"1822",572294.6449511
"1823",341015.610367437
"1824",296380.97994152
"1825",1175217.98624286
"1826",418248.269687239
"1827",764464.090418372
"1828",61528.3081086858
"1829",476444.27494589
"1830",383906.67148578
"1831",746788.595807099
"1832",186338.683887343
"1833",243308.062472362
"1834",330738.187149582
"1835",341245.474827389
"1836",385515.909071933
"1837",805082.521240123
"1838",480245.544568841
"1839",281432.246765056
"1840",826089.38714539
"1841",223982.213816845
"1842",271806.083797346
"1843",291003.962703499
"1844",332786.903528165
"1845",884306.536338296
"1846",397072.307575268
"1847",651534.453236957
"1848",342585.451439139
"1849",144986.477974443
"1850",270785.13817367
"1851",355615.784718578
"1852",233523.00128021
"1853",417270.449472542
"1854",770104.877898963
"1855",590495.595998707
"1856",542744.065713862
"1857",236882.808631382
"1858",200018.929256547
"1859",268913.318098037
"1860",464326.275881463
"1861",877227.985671516
"1862",775068.456338085
"1863",262982.806540103
"1864",238364.562801323
"1865",369989.69402994
"1866",379605.690417126
"1867",244809.724043334
"1868",442419.637554015
"1869",212281.089864092
"1870",558564.623150149
"1871",639228.501814445
"1872",371055.005545969
"1873",906999.231403964
"1874",211275.265060462
"1875",524150.127088682
"1876",320511.689737877
"1877",230760.436658903
"1878",460448.348913562
"1879",407116.969711606
"1880",510423.835235795
"1881",1375851.84082712
"1882",748860.735947366
"1883",509185.005774141
"1884",408828.066068927
"1885",489499.935338117
"1886",112856.932183774
"1887",280629.063969466
"1888",1024958.28697318
"1889",1008485.5836671
"1890",182496.687715896
"1891",338520.198307914
"1892",981905.251088629
"1893",503175.814091672
"1894",286596.764156556
"1895",657554.052676144
"1896",258788.625799229
"1897",767710.589141559
"1898",222528.883709483
"1899",496556.187174371
"1900",676304.217749945
"1901",385126.753485407
"1902",1403121.70887834
"1903",272922.605881248
"1904",760572.473904641
"1905",411803.217938735
"1906",418972.764331539
"1907",789873.603640202
"1908",360882.682955389
"1909",296041.81256271
"1910",608881.654337058
"1911",825138.80064186
"1912",183702.521532705
"1913",1585533.85140801
"1914",839602.506026733
"1915",299397.439841335
"1916",114241.270722787
"1917",567661.142918613
"1918",548409.38208556
"1919",426227.455113993
"1920",760927.724555653
"1921",897364.680558563
"1922",583765.136972714
"1923",161072.026777932
"1924",543285.918689635
"1925",806770.768430501
"1926",724051.221329128
"1927",255695.385829737
"1928",284334.966292613
"1929",603141.645747019
"1930",432787.17296078
"1931",580072.629635184
"1932",276049.769091096
"1933",268894.866378491
"1934",690820.708650818
"1935",1050949.9213491
"1936",1103881.12904172
"1937",651158.406964854
"1938",262626.989365366
"1939",463880.451106184
"1940",98284.5932317746
"1941",464883.336018221
"1942",274392.854898935
"1943",471471.840078024
"1944",527650.15751472
"1945",258736.273620071
"1946",748481.966465856
"1947",295236.086685188
"1948",806801.114355615
"1949",559622.319651058
"1950",643631.423808212
"1951",248744.869195945
"1952",677720.960221141
"1953",679271.115809795
"1954",987970.549731556
"1955",471663.326354808
"1956",499536.640080055
"1957",252045.396851186
"1958",192458.622512887
"1959",1215351.72738774
"1960",514351.309465487
"1961",206726.395970503
"1962",847265.187826416
"1963",311125.64666926
"1964",151488.952303075
"1965",767800.123351275
"1966",772678.701167858
"1967",884770.54057451
"1968",412389.458307483
"1969",611131.778502476
"1970",420608.003720614
"1971",494885.317041988
"1972",346605.074749808
"1973",389089.238507516
"1974",555955.288175508
"1975",217833.136903282
"1976",287284.962568849
"1977",322771.824961879
"1978",489243.192488762
"1979",575758.298240009
"1980",1036234.45602452
"1981",569398.993134436
"1982",633532.067893192
"1983",135657.429066371
"1984",393682.525248933
"1985",339178.885420108
"1986",800225.502470117
"1987",836781.347625116
"1988",524804.226814293
"1989",488982.365279745
"1990",703082.449156892
"1991",262457.6534385
"1992",293615.774650437
"1993",986984.109459931
"1994",434381.610965766
"1995",935100.738411043
"1996",858245.589271488
"1997",1026215.27759193
"1998",472283.262099934
"1999",250273.660955351
"2000",340117.352272918
"2001",589003.086656585
"2002",236190.142798721
"2003",731539.538503667
"2004",552540.57401402
"2005",544300.236352204
"2006",492821.20584013
"2007",458897.519810668
"2008",606131.844638309
"2009",961021.086498384
"2010",483692.042219842
"2011",192890.284534868
"2012",397060.455066415
"2013",619804.717807267
"2014",525707.355388129
"2015",86666.5017787388
"2016",764952.948793121
"2017",397957.801010267
"2018",516970.439852135
"2019",277276.907466021
"2020",336563.16738363
"2021",588394.563392315
"2022",509889.249072322
"2023",319377.029423495
"2024",556407.596064513
"2025",389823.2850541
"2026",259659.270668054
"2027",397406.451552213
"2028",564776.517903279
"2029",217679.764652133
"2030",577369.818285146
"2031",406811.371936357
"2032",349234.680686255
"2033",574327.427243419
"2034",696663.401232957
"2035",369541.641933544
"2036",970564.641056602
"2037",442576.301881325
"2038",473810.79717972
"2039",501438.132348008
"2040",439299.597868017
"2041",518286.14508759
"2042",504025.862233383
"2043",671018.211087545
"2044",1617112.84685492
"2045",597814.043033275
"2046",239413.600075616
"2047",1032848.49116474
"2048",412303.584572865
"2049",239099.703307651
"2050",744492.097383216
"2051",825599.55054205
"2052",661267.424987255
"2053",659349.008068998
"2054",575971.101353571
"2055",627636.024174964
"2056",350355.098119771
"2057",459583.133585595
"2058",1800902.38337447
"2059",805280.676697112
"2060",676000.195685226
"2061",428559.186924975
"2062",434088.743858564
"2063",233596.732847076
"2064",1062114.45019059
"2065",263285.307056075
"2066",549463.405309478
"2067",363819.78971387
"2068",1373041.69013818
"2069",447050.172145639
"2070",1258072.62277736
"2071",364465.073353512
"2072",483541.246260991
"2073",331425.93675668
"2074",360554.685377942
"2075",107953.832799088
"2076",573846.477314402
"2077",296451.62600304
"2078",341488.521234826
"2079",736199.265005035
"2080",466877.72240997
"2081",272721.888211949
"2082",758981.205542797
"2083",383435.112802515
"2084",544233.413155623
"2085",536753.727181997
"2086",876407.137555894
"2087",702571.063452511
"2088",401936.391956392
"2089",484969.040893105
"2090",191916.779077349
"2091",349326.944771419
"2092",694903.006152217
"2093",411472.536022369
"2094",370633.473332772
"2095",317651.772822494
"2096",417625.621621596
"2097",464007.776352455
"2098",554537.162600936
"2099",562445.011147095
"2100",265830.657916065
"2101",402540.172116689
"2102",451352.826687019
"2103",611359.693524476
"2104",199874.85617215
"2105",44227.7907291741
"2106",399159.413248444
"2107",119852.168843773
"2108",430541.750748994
"2109",764080.879275109
"2110",230279.867037724
"2111",610058.287307773
"2112",672737.973882101
"2113",407461.531964985
"2114",432349.921542506
"2115",721280.229685249
"2116",1288592.96421058
"2117",301488.253305016
"2118",361897.918587176
"2119",504550.120302732
"2120",399010.32285856
"2121",1017317.78868195
"2122",1394246.85130479
"2123",1000399.57474618
"2124",552297.410163231
"2125",373765.41125341
"2126",428132.871247479
"2127",372062.251352936
"2128",521451.192793067
"2129",421031.13211871
"2130",208731.584958397
"2131",514854.949096679
"2132",627271.788012913
"2133",300550.627776496
"2134",387690.458933248
"2135",335092.9706499
"2136",544573.34776056
"2137",422017.944868988
"2138",413420.510247503
"2139",1249163.62000466
"2140",56983.199379457
"2141",1496082.95262104
"2142",940064.814878149
"2143",595785.35026365
"2144",493580.670257792
"2145",510644.858654666
"2146",171872.850711665
"2147",346968.685924372
"2148",951784.711748318
"2149",507076.743379654
"2150",822158.638652974
"2151",452925.25417091
"2152",1275878.76416672
"2153",652269.499532721
"2154",492611.777844042
"2155",1162138.4244624
"2156",370560.409492434
"2157",589684.473984213
"2158",274741.006970927
"2159",250992.928730952
"2160",933094.417972942
"2161",475075.416006416
"2162",693082.874342005
"2163",498559.009335396
"2164",320801.252875729
"2165",783436.183247539
"2166",789089.019177169
"2167",426416.893372246
"2168",399928.165480351
"2169",271778.061204689
"2170",290941.709682832
"2171",712467.955116085
"2172",578102.415967589
"2173",405420.156861044
"2174",457466.235462422
"2175",627725.453117715
"2176",407555.207170161
"2177",696038.910484762
"2178",155439.055392847
"2179",152177.195963253
"2180",255308.454275202
"2181",1142404.26062694
"2182",724061.669469025
"2183",567651.917373647
"2184",549784.864358704
"2185",216259.465730141
"2186",200876.493535195
"2187",880300.329584034
"2188",493476.428469026
"2189",545975.728650638
"2190",206023.104872328
"2191",385435.281106885
"2192",483609.513431472
"2193",1197686.75134795
"2194",172694.084262906
"2195",1225786.42773947
"2196",459018.900909008
"2197",1278711.49908217
"2198",616020.427112331
"2199",918875.841940472
"2200",320267.294698038
"2201",212087.109573515
"2202",422461.756198487
"2203",140316.936091457
"2204",353813.868524984
"2205",300672.045991417
"2206",268953.44647358
"2207",712271.971845865
"2208",135850.261089303
"2209",474072.814367028
"2210",951525.033217538
"2211",1826432.26991162
"2212",178044.397803627
"2213",618639.03793793
"2214",761420.780951407
"2215",242389.65513196
"2216",309669.137902087
"2217",630140.605461659
"2218",253609.944056422
"2219",257167.123300292
"2220",515024.26752072
"2221",559154.431978357
"2222",350589.078363063
"2223",530038.250197172
"2224",392650.786429303
"2225",1200997.28858398
"2226",302632.164854624
"2227",366082.48385135
"2228",527548.582206477
"2229",185451.027718821
"2230",561587.152604345
"2231",418933.665368918
"2232",538887.696568112
"2233",638039.796608434
"2234",911348.697268042
"2235",730599.39839594
"2236",531699.92371407
"2237",274323.356440083
"2238",1025089.86694293
"2239",499107.487548097
"2240",364704.105174475
"2241",226116.574407914
"2242",285078.095156178
"2243",731456.765589752
"2244",226581.704409018
"2245",145380.626279655
"2246",244528.072742322
"2247",337811.436723374
"2248",531966.422651587
"2249",776933.61926962
"2250",639577.381566445
"2251",153990.114653707
"2252",741304.711358674
"2253",1418394.4142443
"2254",266237.583231565
"2255",184942.373468609
"2256",957910.767802197
"2257",788665.461007961
"2258",688210.167061739
"2259",484504.579380673
"2260",296009.419988009
"2261",231129.784882169
"2262",456538.075808999
"2263",518032.673942284
"2264",936021.746993195
"2265",423383.714139334
"2266",529746.227128581
"2267",316030.20284411
"2268",507878.537524576
"2269",435516.016936833
"2270",92413.2810753794
"2271",209190.052381809
"2272",192206.702403532
"2273",756759.872992953
"2274",612318.898695676
"2275",833236.530645034
"2276",620477.653114411
"2277",564046.87934419
"2278",674633.999764497
"2279",284920.14466226
"2280",336757.175907372
"2281",413949.882480564
"2282",537167.851405442
"2283",877855.361947146
"2284",251635.580111113
"2285",188248.316219343
"2286",447740.315619838
"2287",250085.643815409
"2288",284267.922286336
"2289",2117415.88952168
"2290",460156.944284177
"2291",110223.846673983
"2292",393261.927038102
"2293",188893.377794835
"2294",1044340.9893063
"2295",330769.704448946
"2296",807482.581220968
"2297",232047.637887696
"2298",254315.498879323
"2299",313048.054319686
"2300",284086.93523294
"2301",1166918.19874529
"2302",528290.898315534
"2303",421689.430934363
"2304",337627.688362899
"2305",322105.996362001
"2306",532168.10313928
"2307",169353.489111238
"2308",656218.051634071
"2309",285739.711203654
"2310",815708.128712711
"2311",390484.641455937
"2312",1376837.92682477
"2313",534005.390867816
"2314",815140.07075913
"2315",710095.110165423
"2316",273359.784783274
"2317",608729.913006522
"2318",926091.560840906
"2319",396020.993129774
"2320",158203.735164233
"2321",574230.71646474
"2322",463872.059026212
"2323",247739.117754731
"2324",541185.699281418
"2325",436069.072406767
"2326",694830.898554844
"2327",532310.93136806
"2328",903152.780533841
"2329",1365534.17921158
"2330",479668.763790557
"2331",684631.540015696
"2332",928673.282112416
"2333",153521.730277265
"2334",824157.284939033
"2335",450713.175565606
"2336",342202.084715086
"2337",704166.244293753
"2338",506396.73849417
"2339",954070.65126096
"2340",219851.10731436
"2341",614803.650644721
"2342",479794.069706789
"2343",426026.449976097
"2344",1164110.0292733
"2345",161082.517581607
"2346",536483.086992509
"2347",1265814.50354411
"2348",762824.104362001
"2349",445781.114825768
"2350",519124.123326323
"2351",561941.513968644
"2352",1172416.13448801
"2353",657759.982503807
"2354",405176.899283134
"2355",695961.455123003
"2356",381731.339145265
"2357",702289.063730622
"2358",435975.111718609
"2359",218868.700382242
"2360",675644.293834434
"2361",828418.320939143
"2362",526526.907529704
"2363",555634.052493553
"2364",266778.031241651
"2365",361686.279364336
"2366",446254.972091266
"2367",180826.083359449
"2368",429172.439743818
"2369",177514.497050942
"2370",771438.042573067
"2371",522735.092445559
"2372",800594.091388315
"2373",306339.281080036
"2374",624796.156535091
"2375",472165.05577787
"2376",1820869.39107899
"2377",530153.655852057
"2378",1295295.58837926
"2379",683479.23769753
"2380",339506.882622784
"2381",978968.889376027
"2382",539599.107033114
"2383",209711.890023173
"2384",223686.661939728
"2385",1136303.46464018
"2386",298212.216020239
"2387",638604.116481467
"2388",62184.5319520085
"2389",489914.349881012
"2390",479778.73287576
"2391",424416.034681964
"2392",1005918.02134462
"2393",683601.891045392
"2394",197728.04371626
"2395",374333.611181272
"2396",542243.380102951
"2397",306644.14502348
"2398",1146146.37355137
"2399",794322.138988046
"2400",254980.56313462
"2401",504307.912810413
"2402",388217.251291229
"2403",282335.348304241
"2404",1336494.61392286
"2405",465257.893089299
"2406",1059499.70588742
"2407",247592.971653069
"2408",1223730.96955746
"2409",797771.258341684
"2410",329762.09830873
"2411",946831.251277798
"2412",956507.7207354
"2413",261096.484004734
"2414",393978.568620301
"2415",397594.1856209
"2416",546979.868677565
"2417",621558.665284684
"2418",1863875.343843
"2419",383018.490904031
"2420",531278.066990667
"2421",778800.847281675
"2422",224509.949555584
"2423",235792.665286121
"2424",147294.86517178
"2425",250139.949137515
"2426",277921.68567649
"2427",1039363.66947312
"2428",685110.008407992
"2429",697729.95509669
"2430",585482.428041843
"2431",221141.585296324
"2432",1025495.23556024
"2433",489675.844771997
"2434",676291.695791897
"2435",275707.106637231
"2436",262106.776399036
"2437",1127314.8784183
"2438",1668483.42283725
"2439",803265.357892947
"2440",315979.806436059
"2441",478485.526717907
"2442",271961.355846006
"2443",79669.4414736851
"2444",454316.156576973
"2445",675662.035669222
"2446",862287.69062201
"2447",278726.121447281
"2448",781431.754699845
"2449",419657.631059672
"2450",266332.966109513
"2451",440712.763273555
"2452",343725.899511146
"2453",425789.233634117
"2454",714922.515182356
"2455",219914.416646099
"2456",552425.957234815
"2457",304282.046375808
"2458",474541.197476967
"2459",485318.652723805
"2460",547212.134384103
"2461",1923384.55299654
"2462",349432.985751202
"2463",576558.294784477
"2464",574351.673126411
"2465",367479.483647529
"2466",407200.46288927
"2467",300052.878704454
"2468",941568.306192495
"2469",1128256.37482578
"2470",809315.304087407
"2471",279680.142987857
"2472",439462.254538438
"2473",429430.104636242
"2474",607835.237245533
"2475",310413.038459004
"2476",471424.25388963
"2477",425499.141468773
"2478",1464314.71399144
"2479",776574.057752434
"2480",247896.653348773
"2481",370799.462550744
"2482",502462.114769136
"2483",481930.289730357
"2484",331984.188503026
"2485",284500.553295734
"2486",451244.61343188
"2487",301195.72951583
"2488",271782.840065329
"2489",420240.251559425
"2490",539053.453270601
"2491",507994.022915315
"2492",745407.771338922
"2493",203488.579753152
"2494",267871.760183127
"2495",576948.183354555
"2496",359485.536711343
"2497",887604.313268353
"2498",735856.310393465
"2499",174863.384403231
"2500",564695.577039143
"2501",324433.657271281
"2502",993806.573395489
"2503",168476.129067581
"2504",448044.051880817
"2505",482821.941402181
"2506",723252.606914194
"2507",238551.396942455
"2508",2609082.30546065
"2509",491655.218892883
"2510",579333.793447488
"2511",150180.826621866
"2512",303033.686034816
"2513",664232.502534796
"2514",305429.042927714
"2515",348470.472598304
"2516",332510.137528884
"2517",212006.572799569
"2518",344291.177666115
"2519",549679.685571838
"2520",437409.917723976
"2521",333430.997054397
"2522",759556.77967491
"2523",235045.707404379
"2524",522937.285082972
"2525",605077.493273561
"2526",429074.884658857
"2527",307200.114470393
"2528",439392.632201554
"2529",355173.774814547
"2530",481441.335896405
"2531",616916.504053393
"2532",556574.325456919
"2533",243280.008662287
"2534",1269700.72407954
"2535",582581.470341768
"2536",498167.029898728
"2537",384896.96913205
"2538",1239189.28595202
"2539",607752.626273495
"2540",364892.73706951
"2541",1220051.33576627
"2542",1292812.98637764
"2543",723188.635619548
"2544",426352.839826041
"2545",263504.538592882
"2546",912718.8389819
"2547",234364.649510293
"2548",1062771.694019
"2549",561649.022157235
"2550",450325.400272956
"2551",487621.592467831
"2552",232214.340465992
"2553",723354.980809868
"2554",362472.811070044
"2555",375538.454193646
"2556",473071.224521493
"2557",712942.44090559
"2558",225483.491115865
"2559",425459.941967009
"2560",252960.411386156
"2561",468779.239908141
"2562",242318.919672328
"2563",641524.624399192
"2564",638236.085043297
"2565",879650.569542999
"2566",485203.600013655
"2567",918356.025281143
"2568",677058.670663386
"2569",529951.97283438
"2570",1086180.23768083
"2571",536596.741014173
"2572",318838.542469881
"2573",512137.008618074
"2574",491063.747157094
"2575",1506242.67463608
"2576",288627.917884926
"2577",742924.351135898
"2578",527604.996864186
"2579",611495.597649403
"2580",299335.020440554
"2581",1061181.90864559
"2582",224534.742986449
"2583",274985.674194154
"2584",336012.173083791
"2585",370879.055602218
"2586",511473.840527935
"2587",746545.540553905
"2588",289221.088121724
"2589",447693.192934701
"2590",476912.560582545
"2591",518544.278789672
"2592",259081.93636028
"2593",236052.718301193
"2594",727025.442130831
"2595",577242.162739207
"2596",839834.88565169
"2597",465562.533248829
"2598",584459.558516421
"2599",800710.241954004
"2600",499074.171307012
"2601",226242.927720069
"2602",288113.488704101
"2603",740023.964355583
"2604",330192.252490682
"2605",152181.39984576
"2606",729124.061474717
"2607",794792.652804758
"2608",259024.055539304
"2609",755933.717937087
"2610",1004691.24644964
"2611",587181.986323894
"2612",182499.902195463
"2613",389676.235161266
"2614",352097.167540004
"2615",772887.641883584
"2616",668850.287994511
"2617",563021.370273034
"2618",1166714.19544036
"2619",493992.603704762
"2620",354546.594807426
"2621",534546.837822083
"2622",565577.960556713
"2623",815090.69260646
"2624",625737.095206774
"2625",224202.346187772
"2626",897667.822793819
"2627",282914.250927867
"2628",757093.531823795
"2629",441851.583927612
"2630",268977.227928756
"2631",312087.222434172
"2632",1123326.83488159
"2633",338012.880579544
"2634",389176.902710775
"2635",1639663.57638241
"2636",254644.049564297
"2637",784276.34887942
"2638",371862.879121858
"2639",1057307.63918862
"2640",422404.960416524
"2641",1558221.02847123
"2642",280504.636239381
"2643",1147039.23186349
"2644",1047143.61218602
"2645",583332.378794828
"2646",567072.38386993
"2647",320859.787215418
"2648",225278.795325805
"2649",919630.34978891
"2650",1848799.51493912
"2651",536005.171533012
"2652",860925.296290303
"2653",186387.43650841
"2654",1370381.08662121
"2655",1141259.46469572
"2656",427417.210299576
"2657",464642.257584166
"2658",403960.208646397
"2659",746652.904140224
"2660",289502.566348348
"2661",376641.110569731
"2662",481977.01861741
"2663",566653.024768823
"2664",558532.554636515
"2665",489041.815544074
"2666",495445.434164908
"2667",253302.562213038
"2668",710864.180532344
"2669",167072.255537586
"2670",283664.293060286
"2671",476187.369277209
"2672",532218.121698577
"2673",817271.540794823
"2674",217943.161300037
"2675",662286.765971184
"2676",322412.920099255
"2677",752109.700778849
"2678",641254.798243827
"2679",634129.89454614
"2680",21933.9221424958
"2681",180985.679397738
"2682",199822.369539715
"2683",237544.790517794
"2684",504642.855671543
"2685",1509638.36717882
"2686",719672.373817659
"2687",671746.159749695
"2688",966248.902217712
"2689",445085.296269879
"2690",468216.674504514
"2691",537245.348612274
"2692",469845.831023212
"2693",445745.157649546
"2694",560717.904938443
"2695",355678.836180721
"2696",360099.98802551
"2697",1458889.98622374
"2698",522318.887092428
"2699",449602.780619102
"2700",343172.578798534
"2701",649160.43834759
"2702",532398.326960876
"2703",638918.365453913
"2704",537647.438908312
"2705",426668.969196534
"2706",495310.118704264
"2707",301868.903877454
"2708",653844.054963821
"2709",423104.320736639
"2710",492496.675378696
"2711",321272.98231687
"2712",622018.089712587
"2713",399491.060302006
"2714",787299.428656098
"2715",984752.083004481
"2716",734373.678467388
"2717",2188381.47609488
"2718",644560.032294296
"2719",106929.973257595
"2720",298188.862174528
"2721",205275.011248987
"2722",339789.014959332
"2723",1984725.16229848
"2724",430119.927986181
"2725",532863.424719196
"2726",409547.12250753
"2727",238683.261522771
"2728",692265.016934088
"2729",174570.020448634
"2730",316782.64947096
"2731",414801.3789475
"2732",470079.95443176
"2733",594483.83989624
"2734",98591.7548227117
"2735",455626.180487658
"2736",553098.170423134
"2737",126528.598696283
"2738",220445.892152969
"2739",410142.813847314
"2740",280879.896628774
"2741",280645.777634994
"2742",522590.735919517
"2743",475591.634376329
"2744",139944.889140391
"2745",234522.951723525
"2746",491413.968660372
"2747",536135.750667332
"2748",182012.556505439
"2749",194925.118025847
"2750",364250.597177845
"2751",160016.742136427
"2752",270524.378131129
"2753",587314.278124473
"2754",513205.795954683
"2755",526251.613505335
"2756",269992.352511646
"2757",699725.238393989
"2758",765725.620400706
"2759",2108682.95686408
"2760",449671.074924528
"2761",246096.75708696
"2762",863880.660822332
"2763",424029.065557146
"2764",211438.428686079
"2765",248376.405908777
"2766",142617.413823964
"2767",960236.797084728
"2768",821854.790607559
"2769",439153.182561103
"2770",26934.4210520695
"2771",283699.217399051
"2772",280415.571195701
"2773",752609.295062399
"2774",399969.070328281
"2775",148566.530463077
"2776",489587.674866084
"2777",668037.569733563
"2778",101805.802157315
"2779",295164.721459371
"2780",837616.920468318
"2781",979294.107098905
"2782",481886.736655296
"2783",439155.923968329
"2784",286594.849522602
"2785",398287.521033387
"2786",322225.253487515
"2787",698464.460246166
"2788",1125660.87390516
"2789",868347.047126321
"2790",476961.431845446
"2791",399820.202664429
"2792",305179.206232993
"2793",571057.834874435
"2794",511110.559825041
"2795",418077.567282293
"2796",662771.655874571
"2797",540809.811396596
"2798",295211.758964511
"2799",131576.111465336
"2800",680307.217393748
"2801",142118.484461261
"2802",312298.232927189
"2803",653151.000065701
"2804",451371.664860345
"2805",354852.05946079
"2806",334815.809782862
"2807",259353.552284184
"2808",145450.17763517
"2809",707541.434104957
"2810",284672.316062143
"2811",372069.851332591
"2812",171013.973177013
"2813",383933.48228033
"2814",271124.841788192
"2815",284585.503971992
"2816",606304.65411688
"2817",687756.878094349
"2818",369478.744723599
"2819",633523.264020541
"2820",347149.543627578
"2821",1477008.41454064
"2822",685212.431376914
"2823",261427.327166878
"2824",603939.896518375
"2825",471493.01004252
"2826",562995.600782072
"2827",200804.038856684
"2828",434462.917606915
"2829",1059850.06931588
"2830",142614.647386637
"2831",160567.64639572
"2832",376495.153229253
"2833",642463.322001291
"2834",466322.490083728
"2835",184342.061182278
"2836",622236.539651589
"2837",523611.372776599
"2838",291574.904616781
"2839",598726.589358984
"2840",289483.608005406
"2841",712129.184935865
"2842",617053.006807305
"2843",290912.667854927
"2844",363290.275061782
"2845",641722.525230365
"2846",518094.007701138
"2847",431123.983638553
"2848",134952.396756701
"2849",366205.513918479
"2850",578101.763380103
"2851",576671.116278155
"2852",540275.178767537
"2853",818729.871981585
"2854",207437.486481302
"2855",368840.628691293
"2856",1102995.79205116
"2857",362754.842168575
"2858",1230073.0466659
"2859",368002.295988125
"2860",965944.140284911
"2861",137604.829307844
"2862",547349.227602893
"2863",545217.728079128
"2864",196077.447364208
"2865",310297.178933154
"2866",306299.449249562
"2867",309155.857354982
"2868",683696.092076947
"2869",508456.158884162
"2870",610424.392858893
"2871",598499.284673723
"2872",410294.324253924
"2873",654168.460182233
"2874",634206.677356642
"2875",853424.034172302
"2876",290199.970774586
"2877",562068.907441489
"2878",120614.519523321
"2879",788264.944112334
"2880",2218679.05444279
"2881",686851.296884319
"2882",431817.918948844
"2883",853060.210083424
"2884",404938.231681596
"2885",862795.627891944
"2886",557653.852815224
"2887",2150168.21882596
"2888",465102.93130267
"2889",941493.234378365
"2890",177933.14214889
"2891",581026.250893642
"2892",184183.054063038
"2893",539039.748630498
"2894",790430.508446762
"2895",308141.900293262
"2896",477579.420388399
"2897",260474.132650799
"2898",834368.057705074
"2899",1003607.16378483
"2900",471237.169025393
"2901",348919.492912528
"2902",587750.068291771
"2903",895783.596468221
"2904",641240.132153144
"2905",945921.459948034
"2906",164567.492555306
"2907",321048.628046621
"2908",481393.660492326
"2909",355762.45870842
"2910",305300.030934739
"2911",1635173.55975176
"2912",191102.59039969
"2913",951398.726106791
"2914",252190.664911913
"2915",814653.47504345
"2916",335390.991398725
"2917",673680.421537528
"2918",252982.741954925
"2919",1162622.38882585
"2920",351659.097812617
"2921",493926.462546124
"2922",234093.876426837
"2923",265561.970456228
"2924",470501.213627587
"2925",257088.604440551
"2926",701050.422135845
"2927",832726.752420727
"2928",996630.222496626
"2929",473880.589805725
"2930",289825.426830202
"2931",455007.22991807
"2932",471870.872082175
"2933",324592.040068132
"2934",447523.002413697
"2935",217021.02259286
"2936",159773.79491502
"2937",202953.522156284
"2938",685769.293644089
"2939",779365.106030199
"2940",393080.917707596
"2941",1520400.87725795
"2942",1009837.95986063
"2943",209404.092148966
"2944",1170989.45909267
"2945",154081.744394391
"2946",479213.248327669
"2947",315105.419520361
"2948",206348.203982462
"2949",385246.873257516
"2950",439378.061923661
"2951",750699.464318015
"2952",927415.988325004
"2953",366118.134580503
"2954",422387.874445287
"2955",790698.336295729
"2956",366648.315505517
"2957",212439.072183123
"2958",916067.257854425
"2959",189026.94602204
"2960",642622.87379631
"2961",732185.739427056
"2962",394129.168260185
"2963",463346.172077851
"2964",1407502.11098379
"2965",638798.082639841
"2966",349842.567329287
"2967",662699.285548978
"2968",565258.317419773
"2969",602902.38913918
"2970",1207771.01670026
"2971",161770.47527341
"2972",586543.924774128
"2973",486345.124423833
"2974",996281.988464192
"2975",381048.673664154
"2976",1130432.30578884
"2977",212216.715609307
"2978",1456622.88873505
"2979",437267.789023866
"2980",440303.286407702
"2981",1266605.9901163
"2982",483214.035786123
"2983",286248.900202889
"2984",493520.726178762
"2985",521696.688241881
"2986",682900.502918821
"2987",457817.363541323
"2988",490681.023324785
"2989",1038435.19796258
"2990",273360.751216626
"2991",345006.494293512
"2992",1162876.38127744
"2993",400801.293078141
"2994",890787.656962022
"2995",267421.293688221
"2996",129883.611632576
"2997",614032.496898317
"2998",143368.568201164
"2999",303599.814997634
"3000",562190.686926531
"3001",558268.749845334
"3002",874955.459287832
"3003",836424.874585038
"3004",771607.436887742
"3005",968797.938121631
"3006",524378.402758804
"3007",651063.476881145
"3008",371210.418536455
"3009",315760.303929385
"3010",408825.210173152
"3011",598040.562096518
"3012",477305.466236247
"3013",588496.906710028
"3014",1445667.21119195
"3015",612583.516218968
"3016",264533.451762758
"3017",397625.920568876
"3018",322524.131027632
"3019",356985.392672128
"3020",342450.273099175
"3021",534458.378710917
"3022",478598.077250129
"3023",703057.322401289
"3024",350349.095811307
"3025",258488.339249238
"3026",637679.789984044
"3027",490030.32868788
"3028",671024.658573514
"3029",421196.744675868
"3030",361330.627191743
"3031",314665.203002663
"3032",273213.689726853
"3033",593826.156612761
"3034",469114.686886304
"3035",626100.865423857
"3036",1282558.26826836
"3037",287661.068572593
"3038",255398.654280428
"3039",116932.806726961
"3040",694509.660205162
"3041",258286.596963127
"3042",314890.734755552
"3043",443301.013269649
"3044",708897.256589544
"3045",320727.564416787
"3046",208745.089985571
"3047",363170.082623282
"3048",425586.765680634
"3049",346414.940546545
"3050",500971.209485034
"3051",659643.926107206
"3052",296999.622063168
"3053",154797.501223584
"3054",632670.517157371
"3055",425651.76749527
"3056",783704.718726207
"3057",622330.835766954
"3058",784282.090987959
"3059",236989.642199801
"3060",508077.735306594
"3061",458658.470440411
"3062",1330883.96658929
"3063",333247.803579959
"3064",1058570.97120019
"3065",2562066.43026775
"3066",214049.207474585
"3067",59314.357852485
"3068",857883.150021139
"3069",537331.879325175
"3070",515908.766135328
"3071",318965.385404487
"3072",289679.076232493
"3073",259843.154382304
"3074",421892.500148897
"3075",826404.966713318
"3076",446717.442962153
"3077",591375.413642882
"3078",940538.942072281
"3079",361355.327435057
"3080",630659.946290898
"3081",443400.075595492
"3082",416648.158226521
"3083",348166.540216086
"3084",382616.619229043
"3085",435278.472910723
"3086",460357.932512409
"3087",316212.216342228
"3088",368167.751277901
"3089",132455.993830819
"3090",273903.11727674
"3091",442612.477204907
"3092",412572.113247175
"3093",668466.649716514
"3094",439245.69519146
"3095",1556158.3477773
"3096",480458.699419457
"3097",556144.636616856
"3098",469359.926948687
"3099",460720.116397941
"3100",485870.209040559
"3101",300933.475227699
"3102",385285.088458563
"3103",174547.106744645
"3104",88775.5525299647
"3105",310546.899214549
"3106",312937.808985471
"3107",647061.475034425
"3108",378072.089803314
"3109",173091.813741192
"3110",294609.750387579
"3111",209696.698284175
"3112",353342.667401075
"3113",744682.960635321
"3114",454930.194628658
"3115",326441.659800358
"3116",568495.222081685
"3117",367058.038511505
"3118",128328.654941829
"3119",486150.085237903
"3120",860312.318429767
"3121",700204.339810558
"3122",707222.26983124
"3123",399399.331525183
"3124",464518.852082611
"3125",507765.6848923
"3126",448917.971266371
"3127",600896.168906303
"3128",193857.338322681
"3129",1412523.8862378
"3130",641067.31752633
"3131",164130.861673173
"3132",515820.724021101
"3133",1242600.29538308
"3134",496695.076904635
"3135",844908.826294814
"3136",424948.807614686
"3137",512503.155980632
"3138",484789.89257369
"3139",448117.689233982
"3140",468784.04252118
"3141",433968.133395075
"3142",332697.374005498
"3143",522603.190033063
"3144",186813.98029089
"3145",275643.329670784
"3146",470857.097126198
"3147",501023.323562949
"3148",627418.011623176
"3149",414333.289548427
"3150",1038907.13622025
"3151",407711.023099326
"3152",561943.951218392
"3153",543219.274831247
"3154",405275.974101244
"3155",260515.867418211
"3156",383259.267309046
"3157",435710.204496757
"3158",1352311.19640953
"3159",525317.460897813
"3160",508347.78838795
"3161",361837.600659353
"3162",205341.2947734
"3163",463387.836598196
"3164",681419.165344845
"3165",569772.86290386
"3166",236162.36883864
"3167",505491.805627378
"3168",433281.858542449
"3169",690945.166464341
"3170",641990.957866757
"3171",552026.148466017
"3172",689999.474618246
"3173",416663.908058529
"3174",563530.138078528
"3175",432940.839886502
"3176",557934.296188438
"3177",983293.576862135
"3178",338515.821846656
"3179",321221.787715498
"3180",601236.686320261
"3181",443098.112539387
"3182",266324.316989352
"3183",217760.985470424
"3184",773287.273854647
"3185",607175.360374529
"3186",763387.358231149
"3187",194885.852954168
"3188",308512.622852604
"3189",1126439.61666793
"3190",569620.750076794
"3191",278345.244426111
"3192",208262.846758207
"3193",174350.821613146
"3194",713218.828596645
"3195",272929.771646722
"3196",178757.605304114
"3197",570769.952306143
"3198",1028075.54470921
"3199",637180.432784887
"3200",207872.236701499
"3201",947213.818766959
"3202",553511.958504884
"3203",261771.492853511
"3204",602644.472082135
"3205",892312.193074168
"3206",316737.112262643
"3207",334631.395663647
"3208",212691.906560705
"3209",1552082.80075776
"3210",792851.442488728
"3211",634869.063453577
"3212",935650.270312745
"3213",275857.373045269
"3214",396489.291919314
"3215",483895.064725632
"3216",699855.031560873
"3217",366717.397852446
"3218",1271768.26794762
"3219",781226.21586529
"3220",406761.888937235
"3221",596640.345693747
"3222",718295.972685897
"3223",113067.641519787
"3224",524116.533625072
"3225",129185.037616026
"3226",734950.964068156
"3227",849291.164145506
"3228",565217.91542211
"3229",555167.677547906
"3230",475514.674402769
"3231",768154.353426181
"3232",480850.934457427
"3233",270221.862868226
"3234",211784.045066137
"3235",169238.255329667
"3236",431662.895011788
"3237",828260.051594089
"3238",278840.684289521
"3239",1450398.75078953
"3240",297600.25427432
"3241",840490.892935585
"3242",574095.818273447
"3243",211820.484383593
"3244",935458.098261794
"3245",331987.974237097
"3246",490159.075799225
"3247",125071.917540837
"3248",467426.48477451
"3249",1112517.40797402
"3250",218589.277207359
"3251",1290348.30827665
"3252",915602.639871565
"3253",493618.236955499
"3254",706956.796281531
"3255",128960.711579291
"3256",235860.236121761
"3257",876761.062376522
"3258",531771.748918529
"3259",1044110.55380724
"3260",760339.177806349
"3261",238822.993337369
"3262",260257.14057136
"3263",793792.471789
"3264",1024072.35364249
"3265",418005.875574318
"3266",567538.778794947
"3267",388962.096643102
"3268",303066.467412942
"3269",350420.186586134
"3270",421391.707553557
"3271",1176502.38726322
"3272",373473.380265374
"3273",1023326.26957393
"3274",616223.426256485
"3275",221699.39599885
"3276",667121.75541719
"3277",337060.192788687
"3278",641287.757957672
"3279",523552.05858777
"3280",117656.722406661
"3281",60308.5199950677
"3282",362708.576119207
"3283",289677.09189805
"3284",1171585.16405778
"3285",365369.007719173
"3286",165807.609473519
"3287",777102.253270707
"3288",166398.416918989
"3289",727457.392456532
"3290",546337.809015489
"3291",1025744.05722367
"3292",713618.42957852
"3293",457671.167621431
"3294",297749.806348735
"3295",413904.559512743
"3296",311369.523840841
"3297",480559.255943214
"3298",431631.812300119
"3299",288415.624516789
"3300",161733.379780157
"3301",588038.157747476
"3302",461718.485211325
"3303",478748.782428094
"3304",380361.970935938
"3305",342379.181995528
"3306",187125.332897349
"3307",927655.601518264
"3308",768089.520332616
"3309",191825.644426448
"3310",360083.271582422
"3311",1395391.8951443
"3312",263513.433575557
"3313",677446.135233918
"3314",475195.816465217
"3315",612213.044129544
"3316",960668.827109539
"3317",276115.23676715
"3318",125102.706649244
"3319",365310.16636508
"3320",708251.445322647
"3321",797088.110166853
"3322",1361391.33631518
"3323",194250.428752143
"3324",341693.613238174
"3325",831451.870173753
"3326",544932.617823141
"3327",1138667.94434553
"3328",94958.0377693492
"3329",631334.695722148
"3330",445859.802046037
"3331",253860.975231343
"3332",353098.68045937
"3333",606661.951051843
"3334",249190.376657038
"3335",442677.296560233
"3336",781739.125741683
"3337",354121.518483376
"3338",2073376.10854437
"3339",484576.538587197
"3340",377566.71069554
"3341",492957.836479198
"3342",257245.930833816
"3343",415532.671164834
"3344",417371.675310742
"3345",200299.007368022
"3346",729423.356609397
"3347",484640.625801825
"3348",644701.709271376
"3349",190162.12507008
"3350",172461.326263949
"3351",230926.276174245
"3352",309244.118186626
"3353",372748.923992121
"3354",485702.190017144
"3355",297804.237912476
"3356",1109878.64049406
"3357",495246.397624746
"3358",402569.876804905
"3359",440671.791612144
"3360",648294.070262088
"3361",357137.384268324
"3362",418306.270554541
"3363",1248669.69233624
"3364",385081.896835736
"3365",200862.108264135
"3366",603962.441203589
"3367",227522.883086314
"3368",674182.010763565
"3369",459052.760098353
"3370",645840.281888838
"3371",257039.122276446
"3372",1381170.6208399
"3373",437223.090348672
"3374",929236.020950279
"3375",347795.271816628
"3376",1469769.34289555
"3377",612121.341312484
"3378",879104.018139459
"3379",230020.666707675
"3380",296548.289374715
"3381",1668856.57296103
"3382",233787.934232427
"3383",597731.676214008
"3384",580324.860651213
"3385",1230474.4723766
"3386",358790.189561907
"3387",484086.045623911
"3388",199691.506996135
"3389",489751.641111535
"3390",814157.370345558
"3391",595631.249905722
"3392",399605.489856529
"3393",270520.08918159
"3394",388028.825427964
"3395",185119.110229061
"3396",596438.070387473
"3397",461959.688264042
"3398",615434.268180743
"3399",176662.636569591
"3400",466751.821238206
"3401",380773.637135517
"3402",572006.367262947
"3403",1100179.99435191
"3404",631968.681435793
"3405",383489.133602367
"3406",828332.491664659
"3407",185346.746614364
"3408",581596.674328179
"3409",400257.88774054
"3410",498838.436171903
"3411",902796.717624356
"3412",357663.999855975
"3413",877100.449674662
"3414",184119.420089106
"3415",741911.456311773
"3416",1028217.30482095
"3417",258907.90242775
"3418",450127.386407964
"3419",139516.692683637
"3420",250447.848750523
"3421",1744825.83412619
"3422",326782.30621719
"3423",394025.373407523
"3424",383121.623442168
"3425",704194.399725961
"3426",212023.987767929
"3427",234765.577016022
"3428",149578.54204919
"3429",429046.708755643
"3430",600616.402088483
"3431",645699.738508196
"3432",695105.935696621
"3433",642943.430749963
"3434",682942.31759175
"3435",528348.958339443
"3436",175740.755085103
"3437",296756.437067098
"3438",192177.47706957
"3439",405988.237424605
"3440",421960.185765462
"3441",961048.901809764
"3442",187790.793687898
"3443",455563.963182049
"3444",276608.294031793
"3445",667655.776214997
"3446",470708.392449578
"3447",727971.628556667
"3448",379533.169508666
"3449",497203.74549263
"3450",217525.720440326
"3451",1070082.77145154
"3452",1081071.3378082
"3453",280701.991788226
"3454",876802.714975656
"3455",425998.317171065
"3456",388322.085347076
"3457",168435.56543898
"3458",177657.608879962
"3459",962391.376652359
"3460",465856.69143168
"3461",679574.739962117
"3462",652755.715484157
"3463",239485.260429022
"3464",641236.476683487
"3465",353382.19303074
"3466",654907.353526387
"3467",391396.35655141
"3468",423777.92951611
"3469",407976.45811458
"3470",472016.859659672
"3471",438447.514353368
"3472",378313.825670549
"3473",965771.333513194
"3474",1120555.24098258
"3475",308159.953574918
"3476",524659.385536702
"3477",289667.600904023
"3478",997381.376353445
"3479",663543.354341122
"3480",739928.026089457
"3481",483808.54287551
"3482",599429.333778789
"3483",447270.771236954
"3484",645550.012883912
"3485",256851.876951192
"3486",499925.343205699
"3487",458044.301954849
"3488",132546.159556716
"3489",506143.138693985
"3490",499825.90769249
"3491",731738.452532661
"3492",414214.408096829
"3493",885444.001730153
"3494",402311.626043229
"3495",498769.65997612
"3496",442732.580252197
"3497",443688.031159847
"3498",149783.541660508
"3499",758164.599146862
"3500",555246.516233669
"3501",368297.152953654
"3502",446458.748613349
"3503",679760.862531246
"3504",577304.02019172
"3505",511409.247694095
"3506",156846.12736455
"3507",718885.446864054
"3508",447226.147475871
"3509",359691.343604841
"3510",418926.972080375
"3511",745101.444922762
"3512",342730.589675123
"3513",421839.087021854
"3514",522733.033339472
"3515",1164022.68866153
"3516",907269.017337119
"3517",1175836.89483878
"3518",347626.976150898
"3519",270224.787829215
"3520",1040634.71382695
"3521",500189.449010912
"3522",531427.787181734
"3523",217311.998525336
"3524",408902.32030072
"3525",1325028.29653099
"3526",957311.390357833
"3527",301114.21710143
"3528",1136752.99221247
"3529",258710.509119761
"3530",458711.148749281
"3531",1015743.17390305
"3532",785427.323823825
"3533",180029.802399252
"3534",516394.024097221
"3535",471749.493382181
"3536",317891.307106479
"3537",499673.84852285
"3538",507739.872592871
"3539",413523.532518207
"3540",168415.689027016
"3541",502279.929330777
"3542",1164400.34681275
"3543",314219.76146919
"3544",443089.370081659
"3545",288267.490259549
"3546",336960.681992065
"3547",352546.22797184
"3548",393627.038196845
"3549",294076.656516797
"3550",506381.162394515
"3551",479169.62814587
"3552",442874.652928802
"3553",896970.376085252
"3554",185657.740417212
"3555",705126.28587633
"3556",209212.612743446
"3557",747453.179208325
"3558",330696.098870968
"3559",606309.006289771
"3560",185681.484074906
"3561",389329.350682489
"3562",543450.78749762
"3563",537682.108610609
"3564",407821.886537789
"3565",338360.887067136
"3566",607156.473050395
"3567",430194.068605074
"3568",450745.639673511
"3569",647035.100860017
"3570",219726.83991725
"3571",535741.490322614
"3572",530897.4470235
"3573",371810.268060377
"3574",698219.004327116
"3575",571424.944528304
"3576",293559.627072185
"3577",422405.704138251
"3578",669429.398057887
"3579",176545.451990244
"3580",913752.861000769
"3581",440933.341016298
"3582",264444.910787887
"3583",1142279.40079307
"3584",231819.920712435
"3585",274525.56162039
"3586",443651.374941233
"3587",292815.585210866
"3588",380143.525187712
"3589",261044.990944117
"3590",246815.288693714
"3591",480173.960803456
"3592",518120.200588517
"3593",854408.70886112
"3594",97401.9418942264
"3595",481104.103064002
"3596",440925.097410953
"3597",646316.102202537
"3598",574198.94734119
"3599",387664.615691792
"3600",438306.31244933
"3601",280816.435403696
"3602",604884.875621969
"3603",602710.00197652
"3604",220939.346959235
"3605",404115.415070712
"3606",293730.961095581
"3607",495625.44923262
"3608",169148.657747141
"3609",1878073.60431078
"3610",330624.41280237
"3611",281645.449097639
"3612",397644.416023637
"3613",66455.887896213
"3614",217200.036906248
"3615",1907017.98633832
"3616",335411.414383749
"3617",863638.071384893
"3618",632573.744875585
"3619",332069.541285043
"3620",397495.349043465
"3621",2145348.97632641
"3622",616270.868855415
"3623",293773.1537049
"3624",121125.840432672
"3625",345454.686874806
"3626",244502.939502735
"3627",512966.119654616
"3628",581245.356739001
"3629",589785.935980668
"3630",727337.178176034
"3631",732794.059681703
"3632",94933.2472899186
"3633",400266.416343771
"3634",467771.795383546
"3635",698268.274864034
"3636",737984.838586449
"3637",199967.541445766
"3638",985256.694629668
"3639",418847.670587143
"3640",431116.219147259
"3641",959919.005582625
"3642",537563.455762878
"3643",369582.780340651
"3644",328148.171838161
"3645",444069.892953265
"3646",535137.742749578
"3647",217000.507557986
"3648",479570.961032802
"3649",404425.984946589
"3650",1323312.89755288
"3651",405436.1250955
"3652",261185.726444146
"3653",479850.153470399
"3654",499971.827819475
"3655",475744.457877067
"3656",506320.503629553
"3657",613759.426553253
"3658",590495.881166659
"3659",1346796.12009827
"3660",567000.9171148
"3661",120622.645958026
"3662",432919.608067901
"3663",476405.880874079
"3664",382033.583610337
"3665",368066.320927712
"3666",904185.530281179
"3667",484725.469971001
"3668",534271.4291183
"3669",548914.13846793
"3670",716637.396777229
"3671",428588.579328618
"3672",290542.003027012
"3673",259816.429722776
"3674",692626.01663988
"3675",361735.591054354
"3676",583287.931379608
"3677",466748.453244897
"3678",157448.704546327
"3679",760736.368001539
"3680",1716864.96493798
"3681",282198.189337914
"3682",872930.931463416
"3683",700192.220253765
"3684",390049.771142918
"3685",469293.5435076
"3686",344820.742889891
"3687",283608.114313838
"3688",552116.797785763
"3689",561334.58726557
"3690",444664.843062617
"3691",587222.997991166
"3692",693544.964806356
"3693",588082.073327854
"3694",219257.485671845
"3695",1400704.85012875
"3696",613506.88658203
"3697",326134.021973492
"3698",427200.949702434
"3699",889753.118219201
"3700",673184.05268294
"3701",1121130.66414062
"3702",920902.597022284
"3703",635356.018648108
"3704",1104186.20958554
"3705",312061.650852068
"3706",531289.845454899
"3707",235347.936306675
"3708",285357.553507773
"3709",282739.2278074
"3710",384726.705460365
"3711",425090.485299745
"3712",160704.566707436
"3713",622159.537693565
"3714",165405.414242994
"3715",555267.987171615
"3716",497105.468723123
"3717",493622.440026592
"3718",423597.685552707
"3719",464939.815559729
"3720",473714.980422431
"3721",220755.63427223
"3722",67115.8645712987
"3723",293821.958009694
"3724",886075.751005816
"3725",282158.719849693
"3726",555509.050312679
"3727",1052793.65357764
"3728",449854.96366549
"3729",279917.531976535
"3730",943050.708330764
"3731",574398.882578247
"3732",921085.503406382
"3733",445815.910378389
"3734",841018.529604822
"3735",615374.090338817
"3736",524784.494016142
"3737",242138.928622385
"3738",343992.012990255
"3739",333354.54599014
"3740",174707.133203441
"3741",913350.614576609
"3742",410315.976672638
"3743",476387.04598888
"3744",429361.519515953
"3745",235162.02174513
"3746",316110.723014222
"3747",382773.172628079
"3748",632586.634373214
"3749",687981.412063838
"3750",372268.933069373
"3751",960789.330860871
"3752",226663.151185361
"3753",555876.245064443
"3754",467929.361584822
"3755",513741.617936164
"3756",46669.6440745888
"3757",822288.171415891
"3758",543815.042802557
"3759",827535.680861344
"3760",1117713.63960236
"3761",490437.224986297
"3762",515568.285419857
"3763",647184.411833124
"3764",404247.962557386
"3765",301446.938264707
"3766",629729.262565567
"3767",917880.236044891
"3768",351836.160977119
"3769",824748.607757707
"3770",448006.550094105
"3771",178205.757404248
"3772",481500.15743027
"3773",350557.420090382
"3774",535791.345693721
"3775",385113.472896428
"3776",347364.601537869
"3777",438243.112825739
"3778",328809.325313027
"3779",400982.01611835
"3780",234778.542956668
"3781",1018501.87102705
"3782",434258.997581203
"3783",325142.603153934
"3784",345969.746363946
"3785",2030791.82458693
"3786",279447.979444062
"3787",2242385.61529286
"3788",803718.594060072
"3789",1237320.67817942
"3790",375968.768888259
"3791",323205.125569132
"3792",1425481.00547396
"3793",760131.847490813
"3794",1225542.16787203
"3795",859842.725321053
"3796",185169.01160906
"3797",308544.812916316
"3798",276136.903768044
"3799",546997.951273627
"3800",390852.702954797
"3801",232934.816178589
"3802",305860.900798522
"3803",741046.95555972
"3804",1424246.78524921
"3805",839609.612841856
"3806",230517.765350503
"3807",378631.056493865
"3808",443844.690374351
"3809",653744.963909537
"3810",775912.606424732
"3811",421081.19789393
"3812",567986.534808824
"3813",1260107.82720803
"3814",861780.931845485
"3815",276518.626887105
"3816",317804.583330628
"3817",553246.333505425
"3818",248590.132169778
"3819",416119.965712792
"3820",882727.53463094
"3821",646510.898554775
"3822",650194.05463998
"3823",482363.754365761
"3824",470781.172684494
"3825",161589.135962261
"3826",221295.575978043
"3827",683066.478143109
"3828",443899.186394778
"3829",791580.147601148
"3830",1500152.84443191
"3831",236479.549566674
"3832",364851.425161895
"3833",1036777.17474537
"3834",589240.889591867
"3835",515402.144227963
"3836",676098.843428109
"3837",202375.307343799
"3838",1200693.13634377
"3839",1006692.05680025
"3840",806516.654276595
"3841",394422.719315278
"3842",412820.102780676
"3843",436301.123556493
"3844",213035.078245966
"3845",718120.961720663
"3846",158382.717459236
"3847",275895.872543716
"3848",780350.344032008
"3849",209132.388024413
"3850",1320627.95828576
"3851",494140.60205812
"3852",288131.45812098
"3853",424630.05065561
"3854",570313.55225654
"3855",705113.673038721
"3856",1335482.36135426
"3857",436252.842181402
"3858",965930.753871269
"3859",480474.047769812
"3860",391958.925686096
"3861",1370775.12255512
"3862",366458.351044455
"3863",507937.816709025
"3864",394863.244264962
"3865",441849.684572533
"3866",355684.033110273
"3867",308148.227614942
"3868",569226.77272516
"3869",786037.292952097
"3870",892766.78713742
"3871",499186.663068015
"3872",736278.766672492
"3873",968495.738612053
"3874",773716.64937575
"3875",830070.629290238
"3876",514596.122770643
"3877",480318.470354622
"3878",288419.169588164
"3879",668111.53385768
"3880",508319.205681022
"3881",284068.638721326
"3882",1499713.37417734
"3883",407831.488220387
"3884",483484.569063006
"3885",268900.301352339
"3886",2066092.07956431
"3887",734958.657902129
"3888",427208.587538582
"3889",204309.533585429
"3890",424712.954403056
"3891",381399.523436648
"3892",755889.570795906
"3893",1013301.69981485
"3894",532447.107125163
"3895",494891.502610178
"3896",356513.053435076
"3897",615996.432320268
"3898",472431.8282256
"3899",496711.062588111
"3900",596554.128446807
"3901",607199.415879815
"3902",470728.48135645
"3903",899069.098239069
"3904",275515.01221708
"3905",756052.686406117
"3906",861265.372962315
"3907",604568.657221481
"3908",556272.073146473
"3909",991198.073668829
"3910",350616.863300952
"3911",422785.100384603
"3912",334607.257087383
"3913",621196.987805257
"3914",378259.101310868
"3915",526121.740713842
"3916",693499.765190137
"3917",435467.284498153
"3918",435943.577867406
"3919",790696.315783951
"3920",832901.264523333
"3921",575593.475171371
"3922",940761.369316731
"3923",254879.9183901
"3924",817345.743618745
"3925",481163.399817607
"3926",482338.274104408
"3927",438042.289042236
"3928",800832.310728041
"3929",174868.516132123
"3930",547979.845095643
"3931",886041.450168545
"3932",500111.73180151
"3933",365948.168909297
"3934",822580.217286961
"3935",792313.522162184
"3936",463105.535888541
"3937",274298.683376306
"3938",311152.637775177
"3939",513343.073819118
"3940",1450890.53220217
"3941",1062123.25549634
"3942",1045323.37766182
"3943",406193.494603115
"3944",575728.849638969
"3945",641175.23129293
"3946",480314.857430684
"3947",982110.450722502
"3948",376551.725792293
"3949",635372.633071424
"3950",892894.651227912
"3951",617166.373605927
"3952",495883.015488236
"3953",687309.447114431
"3954",1057457.32960153
"3955",321400.102556184
"3956",701285.666321368
"3957",1492259.23190578
"3958",441870.31813359
"3959",479265.645870471
"3960",584956.332705946
"3961",565705.91165755
"3962",606948.39139291
"3963",636189.016937473
"3964",1320783.72441232
"3965",820183.030909875
"3966",242770.981968621
"3967",590313.359118128
"3968",348068.230604855
"3969",605524.776246365
"3970",441786.412347356
"3971",517398.632394219
"3972",480807.115985091
"3973",575267.157612185
"3974",575426.569529965
"3975",683734.211783402
"3976",220135.47230371
"3977",499488.64399651
"3978",536736.075678051
"3979",897830.900883798
"3980",531921.013848445
"3981",302772.579354534
"3982",1070585.84127357
"3983",717679.149225439
"3984",608756.132303383
"3985",558028.67696661
"3986",793612.675619842
"3987",499256.175140256
"3988",478881.33519095
"3989",289230.59606798
"3990",1007350.10289694
"3991",325712.011212536
"3992",467846.094855483
"3993",784605.372556059
"3994",740670.226615003
"3995",524937.469607152
"3996",376956.920295637
"3997",1293886.54158066
"3998",691857.381296074
"3999",194619.371065516
"4000",715231.258936142
"4001",326072.30195281
"4002",1212775.25305152
"4003",670463.442826697
"4004",531275.345889208
"4005",1076105.21900498
"4006",474282.085045829
"4007",521228.003060544
"4008",291695.824487953
"4009",540146.177226644
"4010",673294.749963565
"4011",490273.168470618
"4012",192470.770975304
"4013",545695.77200579
"4014",780494.292352951
"4015",598888.866870022
"4016",1096783.1685459
"4017",327110.333268517
"4018",1208009.13375121
"4019",287832.779564277
"4020",404406.033484694
"4021",389959.278227728
"4022",251728.319402781
"4023",1822073.3461759
"4024",319630.07749331
"4025",1110348.88338739
"4026",544170.721003005
"4027",672904.736587263
"4028",427858.361159929
"4029",727882.512430474
"4030",953488.122626317
"4031",1485352.27064865
"4032",538784.481466906
"4033",778556.96748788
"4034",757553.596776664
"4035",506644.063190471
"4036",539992.242234364
"4037",690672.090603382
"4038",633241.511830344
"4039",317763.708756385
"4040",1503922.09696962
"4041",415794.352402048
"4042",204650.269050681
"4043",449889.069941323
"4044",475002.89977324
"4045",433838.810692298
"4046",401521.66511127
"4047",436145.419373999
"4048",742942.201572189
"4049",136658.116596578
"4050",310691.248547004
"4051",252308.692672362
"4052",711582.344152281
"4053",430986.34753187
"4054",592119.656339881
"4055",455680.980501844
"4056",271776.287757187
"4057",899071.872415873
"4058",451567.203144272
"4059",1041998.97794509
"4060",185715.135011149
"4061",779744.428269521
"4062",688579.732000342
"4063",553201.401053365
"4064",685056.658521848
"4065",445712.263979849
"4066",503571.489135109
"4067",889785.31339724
"4068",442239.688789771
"4069",552613.21464246
"4070",499126.971270737
"4071",574386.788307447
"4072",467251.060904979
"4073",523466.6784018
"4074",378170.53825205
"4075",349442.329098184
"4076",581821.184518533
"4077",336953.118039481
"4078",193490.789244818
"4079",459405.836005416
"4080",311993.251493684
"4081",322671.848307251
"4082",325902.367001377
"4083",501855.047065571
"4084",477764.483274205
"4085",244788.968219917
"4086",714847.794499318
"4087",486080.25997833
"4088",537342.63204636
"4089",796272.136202827
"4090",285487.531088176
"4091",1477194.5688556
"4092",943842.864017794
"4093",1297985.85630678
"4094",1266687.66630747
"4095",393068.640311518
"4096",330876.028298898
"4097",464155.7290276
"4098",354096.775882329
"4099",414882.17809389
"4100",967786.501884896
"4101",554416.153750465
"4102",256222.155624134
"4103",528579.056407979
"4104",377828.405336905
"4105",833839.158273947
"4106",285759.276874728
"4107",1279368.34087685
"4108",508555.950245309
"4109",311167.682799646
"4110",991235.704961362
"4111",415050.636677905
"4112",548719.961248824
"4113",679309.332129446
"4114",655077.099913794
"4115",400993.432564713
"4116",217270.393335334
"4117",532560.072463218
"4118",498428.854544
"4119",674481.400783549
"4120",424999.032667656
"4121",343772.635996268
"4122",865476.283438775
"4123",339919.77847142
"4124",268736.182632309
"4125",535164.561368341
"4126",437694.08050262
"4127",320392.896678806
"4128",367168.984217026
"4129",510538.618557006
"4130",797543.911329514
"4131",946964.662160444
"4132",555067.897705264
"4133",578314.526612932
"4134",832795.747411393
"4135",726943.360297706
"4136",457076.395025529
"4137",610804.546767344
"4138",1182590.255548
"4139",1019418.82447538
"4140",1360155.5817119
"4141",164609.074806351
"4142",816682.393910547
"4143",301280.912062038
"4144",453152.853829809
"4145",675191.340154934
"4146",514506.815778449
"4147",315342.31720037
"4148",652485.986586489
"4149",275476.371958346
"4150",425475.640843358
"4151",375720.930437824
"4152",888774.155785765
"4153",479639.271147922
"4154",849973.302807577
"4155",692026.447223584
"4156",679318.660199466
"4157",532658.040426173
"4158",558446.417785709
"4159",484943.728337846
"4160",410360.616121106
"4161",328701.543348685
"4162",323162.114813597
"4163",731343.797959665
"4164",1166531.69320661
"4165",399069.643694826
"4166",239833.99299571
"4167",435949.499849612
"4168",608902.463212293
"4169",657519.97856218
"4170",451717.402102413
"4171",450796.855422375
"4172",437252.320975902
"4173",1652895.46699092
"4174",519456.590459095
"4175",596896.527238222
"4176",426581.636809136
"4177",456202.824520942
"4178",424444.419598125
"4179",472765.68692962
"4180",562092.430078276
"4181",824796.182023727
"4182",333087.807206732
"4183",823619.759432274
"4184",390563.788267314
"4185",475169.243068498
"4186",343398.752486177
"4187",1670694.15121685
"4188",1401429.95919205
"4189",420238.229598073
"4190",422114.57388076
"4191",1590330.75063453
"4192",390532.385547868
"4193",334139.231944993
"4194",386274.319293478
"4195",893888.7249916
"4196",738313.924657627
"4197",526394.382671473
"4198",244475.853017777
"4199",1006712.48605937
"4200",467118.240556248
"4201",482545.581504953
"4202",479042.748918993
"4203",432127.254516045
"4204",299801.886749761
"4205",974016.754079872
"4206",571931.883749049
"4207",718758.016049658
"4208",756258.972685589
"4209",621540.399869482
"4210",349142.879372354
"4211",1336572.98840395
"4212",547151.172345559
"4213",1315188.39278987
"4214",797739.702550702
"4215",413396.702720069
"4216",506489.720788213
"4217",413516.584369397
"4218",304673.447857551
"4219",390427.120388028
"4220",1550144.90153802
"4221",448158.496069737
"4222",611874.38255252
"4223",500939.074731062
"4224",575622.818602771
"4225",1094407.71541725
"4226",380910.501283539
"4227",532007.498673314
"4228",436280.626133202
"4229",337375.477647856
