,x
1,331724.9359
2,919904.262
3,311931.4558
4,535044.7601
5,488928.2332
6,469562.4836
7,672420.1637
8,300016.3707
9,225675.3584
10,660221.0453
11,311623.8438
12,280546.7966
13,213253.2756
14,288464.333
15,532412.6191
16,780384.5581
17,765356.6165
18,451738.3346
19,622984.4437
20,324764.8852
21,867302.7856
22,193517.1249
23,283420.6827
24,420161.8354
25,725297.0335
26,286900.392
27,1148202.321
28,459900.8952
29,206790.7461
30,309268.1319
31,205820.2163
32,954967.1165
33,624489.8937
34,152672.356
35,209854.9261
36,443381.1621
37,171504.4847
38,1134069.758
39,1089482.841
40,244218.2446
41,687388.0196
42,603167.5306
43,254276.9446
44,371801.4045
45,154570.5742
46,1261480.826
47,827332.9312
48,523190.236
49,377766.108
50,778495.0758
51,343937.3049
52,377284.479
53,1497598.933
54,1517485.372
55,541538.3543
56,480620.0813
57,144403.7202
58,321239.8009
59,911574.2317
60,478771.9939
61,1044037.069
62,642831.547
63,338878.8086
64,549218.968
65,454669.6734
66,196992.1402
67,114080.8274
68,931802.8816
69,700837.0985
70,487811.0993
71,836495.7603
72,943739.5297
73,334550.8508
74,502813.8894
75,395652.6051
76,935204.1075
77,394271.7873
78,668433.4336
79,291843.5699
80,1288386.335
81,657397.4914
82,478893.0936
83,250570.0249
84,533578.9997
85,563196.4904
86,691117.8673
87,515199.7776
88,439887.796
89,1173163.611
90,1326657.501
91,765665.3491
92,226876.6821
93,114022.115
94,299548.5515
95,229809.3502
96,455062.5127
97,254735.3958
98,417254.4604
99,315630.575
100,270625.7919
101,1080210.81
102,456089.7318
103,372207.6628
104,740334.6462
105,506130.49
106,988608.1097
107,173813.116
108,307162.3738
109,1501113.98
110,274611.6905
111,1807694.004
112,194199.824
113,287664.0641
114,324251.5034
115,2218229.641
116,366617.3631
117,1596031.395
118,130408.4475
119,358424.9051
120,652802.2636
121,262439.3462
122,243445.4431
123,254527.4662
124,919320.0888
125,237694.4031
126,363715.3762
127,878672.8461
128,1122400.253
129,403885.5822
130,596332.7158
131,505369.1055
132,594341.319
133,350174.3548
134,280263.9637
135,695778.421
136,429032.9835
137,1148322.871
138,228137.2714
139,457443.0669
140,324291.9464
141,512901.8515
142,1032225.852
143,462016.5373
144,380277.1592
145,715844.1844
146,742325.7112
147,206624.3084
148,327599.5966
149,607783.1101
150,245209.1489
151,227342.233
152,300567.8971
153,254146.9066
154,1203186.215
155,630693.5867
156,387102.8478
157,516149.6414
158,457561.887
159,615740.3742
160,977200.9153
161,1435820.065
162,779265.04
163,297877.4869
164,1140349.391
165,418958.0209
166,553736.9188
167,298126.5487
168,458212.7501
169,254694.8835
170,200309.8288
171,440746.1663
172,671622.7651
173,299077.8957
174,321361.9956
175,357803.3465
176,259646.8053
177,392874.9109
178,293813.914
179,432457.3854
180,161079.2857
181,567786.8542
182,251217.404
183,1169021.543
184,824230.3343
185,851267.1801
186,1206587.624
187,287458.0365
188,477550.7409
189,231683.0671
190,450884.5812
191,161884.1419
192,614843.3098
193,254334.1413
194,298180.02
195,262274.1234
196,349055.58
197,195513.7984
198,236148.8894
199,427457.0174
200,186760.6832
201,357677.6358
202,206002.5952
203,149003.0658
204,243546.9909
205,580935.5841
206,287972.6217
207,348995.3884
208,200067.4989
209,528722.5686
210,269897.7049
211,130842.9786
212,563832.035
213,426624.53
214,562202.8271
215,814792.1176
216,269342.8023
217,725615.533
218,235889.0896
219,299871.7016
220,368836.0914
221,229828.6811
222,639213.1447
223,277939.7506
224,172105.7805
225,323340.258
226,158634.8209
227,938797.4549
228,576835.4481
229,472836.5421
230,768469.4756
231,349614.4095
232,328225.5838
233,413270.0208
234,444459.9826
235,154260.6999
236,465563.3692
237,497611.1194
238,489853.0972
239,415014.0333
240,933289.4947
241,350995.3298
242,409993.2127
243,524116.3037
244,369023.5322
245,723436.9641
246,645170.2231
247,266416.2663
248,225906.2864
249,386991.2542
250,967803.6448
251,683918.0449
252,423304.4961
253,407756.8139
254,340422.2394
255,220538.3546
256,363077.0492
257,198185.2836
258,518107.5345
259,457843.9747
260,377309.0655
261,1124797.234
262,587071.2737
263,315614.3374
264,536548.3575
265,616998.7363
266,613881.8025
267,466808.9369
268,574974.2369
269,459743.5082
270,521031.0118
271,784768.7654
272,347550.4083
273,157695.0462
274,986174.8395
275,669985.7337
276,493673.6432
277,438759.0385
278,231240.1419
279,654250.2515
280,337086.818
281,976757.6647
282,284794.6394
283,681902.4995
284,288139.1123
285,731854.3619
286,581191.4034
287,573213.7811
288,1454161.268
289,289007.995
290,576200.301
291,238002.7784
292,324186.4345
293,516646.7343
294,826137.0244
295,678412.5136
296,348041.3691
297,806154.6141
298,171552.0606
299,612182.9985
300,1025074.949
301,305812.5429
302,366006.6297
303,798669.3894
304,869302.6892
305,474934.8638
306,1277953.014
307,509619.9093
308,343005.6573
309,461954.814
310,524339.5102
311,433851.0065
312,750189.1665
313,145032.7998
314,546453.8288
315,907833.5703
316,1517423.734
317,476676.0637
318,244187.7156
319,1131038.93
320,470683.0004
321,774985.2855
322,519281.8175
323,273732.1856
324,270230.2701
325,525287.5951
326,319621.8763
327,546890.3583
328,483173.5328
329,269704.7515
330,979746.7403
331,477719.3851
332,517154.427
333,1196138.916
334,413667.3691
335,419260.7535
336,229874.7456
337,872754.4342
338,665713.3338
339,343547.432
340,684087.088
341,220836.2147
342,375927.4048
343,271377.3786
344,252725.4414
345,271901.866
346,328852.8668
347,214142.5044
348,346242.8241
349,480191.9979
350,470967.9645
351,313424.185
352,426867.94
353,312690.7893
354,571058.4211
355,341003.8358
356,470944.6582
357,464829.4858
358,338745.4788
359,302650.775
360,331263.3497
361,490972.3853
362,1034909.431
363,1646187.454
364,428578.9407
365,125664.1579
366,804811.1162
367,374720.3683
368,329975.4177
369,639088.1645
370,550033.3491
371,316596.7618
372,423220.0187
373,517429.2873
374,665670.5077
375,420159.2158
376,1683048.457
377,166187.7844
378,693113.741
379,483364.8086
380,481971.8681
381,615863.5247
382,876953.1175
383,334580.0112
384,352523.5222
385,489918.6022
386,484953.7196
387,627014.1202
388,1008613.243
389,285554.8591
390,819749.0668
391,1459109.826
392,657211.5838
393,752194.581
394,1114383.712
395,573713.5577
396,346023.0603
397,178341.5607
398,432148.645
399,787027.6511
400,420150.4339
401,916375.3693
402,141181.8184
403,595981.921
404,140544.0305
405,230723.6493
406,986509.4382
407,150505.2097
408,879555.973
409,630720.6498
410,339797.9821
411,321977.8796
412,629740.7973
413,316385.1591
414,151511.1975
415,1086314.757
416,365368.8671
417,335163.6424
418,244658.9067
419,301061.0359
420,146407.7144
421,425494.9441
422,1015671.32
423,250255.6783
424,1043298.946
425,678349.5125
426,484415.7243
427,1009705.901
428,1378771.77
429,1132817.095
430,755417.0748
431,843122.9312
432,354908.1092
433,662166.9083
434,579821.9381
435,264770.6623
436,759363.985
437,382145.1622
438,1035991.672
439,528067.0526
440,201544.035
441,503305.7985
442,250319.513
443,794385.1483
444,1252040.802
445,217586.641
446,357176.7693
447,288547.4157
448,420606.6301
449,270801.1426
450,663063.4352
451,844756.4829
452,264640.1382
453,464433.9897
454,454935.4956
455,485285.8169
456,521682.3682
457,169398.338
458,639206.8521
459,938617.2308
460,184241.0191
461,1152025.74
462,289680.9389
463,1271579.507
464,671823.7036
465,459252.4243
466,580876.994
467,493071.2752
468,312173.6625
469,170671.6158
470,833593.7227
471,806123.2688
472,274287.2224
473,251094.372
474,1030301.483
475,463067.3654
476,448472.0003
477,362618.5627
478,467379.4874
479,296236.5864
480,456037.5009
481,287531.6841
482,285666.3365
483,647038.714
484,748653.7089
485,466366.3867
486,577691.1767
487,560557.9497
488,1215846.592
489,256896.5722
490,261151.745
491,395187.3479
492,446465.8812
493,116471.0427
494,313136.1003
495,1482207.776
496,299068.5013
497,315264.1259
498,1440745.554
499,867180.9909
500,432964.967
501,180676.0339
502,270160.3199
503,304626.4231
504,500119.4322
505,278467.618
506,212246.5575
507,132289.7846
508,484385.2274
509,946135.0789
510,615070.7545
511,398361.5909
512,216770.776
513,594932.5386
514,722305.187
515,1092873.072
516,1416656.203
517,1442828.585
518,268819.5502
519,128462.1001
520,385233.6694
521,599595.0856
522,361546.4832
523,569737.0406
524,561891.0537
525,542430.5737
526,232719.6027
527,509516.5008
528,271641.9641
529,1093289.889
530,517193.2942
531,401399.5587
532,1158575.637
533,819639.2311
534,862980.6266
535,683361.9954
536,459329.7742
537,1023880.294
538,584738.5797
539,312994.0115
540,454638.2802
541,586856.1588
542,310530.8909
543,408065.3562
544,678008.2767
545,1071095.556
546,309574.5033
547,420924.8084
548,235018.221
549,828784.8262
550,585130.1978
551,199040.1647
552,558038.3436
553,681972.6899
554,737126.9189
555,591454.9066
556,278209.425
557,253081.434
558,545530.0798
559,164547.3045
560,820086.751
561,545799.6449
562,437076.725
563,314086.3544
564,907180.7898
565,189229.675
566,434362.5112
567,643917.62
568,481607.6068
569,1250067.631
570,325892.3168
571,403735.8687
572,622530.4904
573,239707.9924
574,471232.2263
575,275329.428
576,169814.0396
577,531448.3965
578,308093.4416
579,967453.2857
580,385060.0146
581,681788.785
582,322275.3986
583,642755.2625
584,537533.7065
585,503094.4687
586,428618.2388
587,297815.1087
588,977161.0165
589,300292.7379
590,271998.7602
591,30428.97861
592,175630.1497
593,498459.1181
594,435986.9118
595,337543.1027
596,894724.2336
597,408561.6847
598,610882.61
599,573274.5014
600,857327.7819
601,741841.2795
602,670331.1817
603,570419.9026
604,275634.4077
605,370718.0081
606,730100.2468
607,123681.3498
608,431472.4627
609,359344.9665
610,496427.4495
611,1837727.641
612,646717.2618
613,580491.8303
614,268134.1571
615,381835.1642
616,222165.3895
617,1044732.575
618,183015.5629
619,391949.3406
620,545170.9253
621,883868.9247
622,295172.4155
623,514941.906
624,225252.0728
625,396843.3249
626,712546.3671
627,345776.0964
628,503883.1718
629,580448.9881
630,477472.061
631,474087.8283
632,263441.6394
633,497861.7872
634,133578.9505
635,492133.9326
636,533380.9578
637,455032.3029
638,474429.5516
639,223236.0928
640,438776.8706
641,264703.1785
642,488377.0704
643,434850.9443
644,429127.6054
645,356338.2171
646,1040559.266
647,386035.2824
648,524397.7481
649,700222.5274
650,809076.1234
651,213693.0038
652,1139767.207
653,629104.4346
654,125598.6302
655,1021267.812
656,256874.6829
657,158883.7789
658,409642.8301
659,361579.2499
660,384529.2229
661,375307.255
662,420143.44
663,687134.6088
664,300588.1891
665,183967.9134
666,69380.26291
667,414666.5331
668,630042.7371
669,494286.4169
670,481883.7941
671,536040.8207
672,472460.8845
673,1461713.625
674,474981.8763
675,385937.7326
676,712730.3167
677,1203380.686
678,133512.0206
679,464100.8923
680,435606.5728
681,260645.0959
682,150280.0924
683,1127530.24
684,525600.177
685,387303.8718
686,728838.5091
687,384623.3191
688,380201.1031
689,771592.884
690,428789.4474
691,407029.5826
692,1253294.786
693,640423.0574
694,774252.0301
695,628968.8504
696,787612.5202
697,478261.8266
698,518336.0764
699,381148.1214
700,1577193.119
701,634178.5214
702,1512418.066
703,519429.3244
704,261441.0263
705,459799.8343
706,503677.3897
707,543281.6606
708,850969.6825
709,152796.8864
710,459570.6126
711,785461.424
712,945473.9882
713,671937.6839
714,406386.2132
715,529420.8967
716,610109.0813
717,205920.8415
718,354129.8515
719,328326.0161
720,520245.5712
721,968616.2675
722,736102.2712
723,673177.6577
724,506192.6666
725,853005.6597
726,364010.8095
727,462812.4645
728,144822.6025
729,1357937.914
730,471263.3974
731,482358.1458
732,476373.3672
733,794237.0253
734,1371120.949
735,649518.9515
736,505653.9203
737,854320.735
738,236954.5614
739,559463.5466
740,287175.3498
741,819891.274
742,919155.0292
743,512527.7098
744,554738.7855
745,380935.3833
746,558979.2349
747,240080.9612
748,161408.9222
749,490288.9717
750,502126.3492
751,368969.516
752,1818489.202
753,1013861.553
754,382518.7172
755,865240.4821
756,279604.7658
757,587574.7874
758,692963.3849
759,468453.1012
760,485311.9774
761,499568.6168
762,214630.775
763,433353.7282
764,85591.21284
765,288038.4172
766,299924.5646
767,273291.2812
768,815207.5769
769,304367.4459
770,1175832.622
771,623813.112
772,1102535.632
773,1039761.554
774,389008.4523
775,247099.273
776,462764.8311
777,641043.3167
778,1011283.91
779,535738.6559
780,310391.3999
781,453156.3148
782,477285.3625
783,364229.5493
784,177537.7917
785,153673.7593
786,382947.3392
787,458601.4294
788,521204.6632
789,315912.2368
790,872530.3713
791,382812.496
792,735786.6758
793,1199910.595
794,442599.0777
795,673692.6979
796,541713.6996
797,395146.2531
798,478236.069
799,175893.2961
800,838639.5495
801,215225.3301
802,933175.5036
803,477070.9748
804,583648.9905
805,770597.7192
806,671315.9965
807,904540.2305
808,674063.7504
809,509774.6204
810,387793.3696
811,651191.3978
812,465652.7779
813,793406.3583
814,515032.9328
815,233118.481
816,369905.693
817,368876.9289
818,259206.1517
819,248366.1396
820,918227.0509
821,302598.4929
822,740303.1417
823,1000349.188
824,626426.4371
825,698249.6658
826,433975.1762
827,392494.1497
828,492046.1981
829,611705.5694
830,290130.0314
831,682856.6939
832,167056.9766
833,315856.8823
834,248852.5545
835,791421.5204
836,461386.4662
837,413418.8262
838,806456.1652
839,488042.6036
840,621434.8122
841,483219.8268
842,1143757.572
843,1572180.734
844,217563.4657
845,708787.6227
846,763486.9395
847,626695.9605
848,342322.2907
849,1726569.824
850,244973.2241
851,114525.3986
852,374922.2636
853,305177.7914
854,301498.8388
855,531848.976
856,404098.0586
857,266193.9263
858,449462.4394
859,240652.1444
860,778324.5634
861,582535.988
862,161988.4349
863,514094.3415
864,400802.7295
865,334050.4193
866,1095481.563
867,507965.7952
868,331238.3489
869,813548.8311
870,504162.333
871,546556.0508
872,338776.2335
873,257278.9646
874,394241.158
875,434729.5171
876,773628.1751
877,380981.2805
878,870482.5272
879,683874.9883
880,1468972.774
881,1166638.124
882,366772.8831
883,332751.3815
884,844051.8686
885,373137.7844
886,266621.2778
887,219565.8027
888,581034.2195
889,508003.1856
890,358127.5926
891,485925.2108
892,315322.5712
893,281101.9461
894,425304.8139
895,640690.6036
896,703331.6678
897,407783.8359
898,327972.9982
899,292294.6155
900,402943.3335
901,375124.1291
902,643941.6378
903,189994.5174
904,242840.4577
905,625916.5051
906,220038.9493
907,443865.7301
908,366967.0082
909,852693.0813
910,314513.0867
911,383585.1407
912,588149.8361
913,291397.1732
914,298996.4329
915,140597.1934
916,361895.1483
917,637917.0142
918,484339.9496
919,1088987.925
920,776597.5112
921,332061.5259
922,443945.8782
923,679574.873
924,1634646.055
925,558399.2506
926,234332.9875
927,519398.1476
928,656114.5301
929,306782.0805
930,290958.4016
931,1046407.813
932,151589.6619
933,886534.9389
934,370878.4646
935,441016.5047
936,639961.6921
937,190781.0607
938,333560.5683
939,246231.7732
940,340352.6502
941,604504.553
942,461390.1388
943,616311.2661
944,328166.1996
945,276007.4608
946,994736.5248
947,115176.1299
948,186731.542
949,299688.9752
950,507587.0545
951,650887.9449
952,530069.6478
953,254750.3264
954,387251.1438
955,869280.137
956,144655.7161
957,618679.4015
958,291271.101
959,495666.6461
960,828392.6555
961,867317.5557
962,993888.0335
963,303648.2858
964,351210.8465
965,419641.832
966,535641.5881
967,485456.3491
968,555642.5116
969,705280.4387
970,770402.9459
971,573488.9917
972,387310.6483
973,250985.8002
974,835302.6691
975,601102.196
976,509191.2395
977,932758.4445
978,545838.9305
979,418957.5061
980,321105.9034
981,739768.7495
982,657767.9193
983,420265.5537
984,445990.6695
985,270530.1421
986,386197.3077
987,438358.253
988,216491.038
989,654827.8382
990,296469.105
991,300699.6635
992,771004.0744
993,1619348.442
994,314500.0692
995,455993.6149
996,477857.0822
997,641559.3959
998,851738.7453
999,584448.6634
1000,692864.4458
1001,564550.9677
1002,616279.3138
1003,359989.7217
1004,1237441.669
1005,350585.3272
1006,693924.5228
1007,788937.3885
1008,956059.2916
1009,806658.8952
1010,609136.4403
1011,585307.1265
1012,177013.4654
1013,883318.5654
1014,377297.6371
1015,393210.2022
1016,803406.4638
1017,140875.0622
1018,101306.803
1019,201121.082
1020,444531.8973
1021,428493.641
1022,641489.0808
1023,818346.4369
1024,767294.4004
1025,386873.4506
1026,166158.2414
1027,761213.4147
1028,107818.1899
1029,349666.9939
1030,463026.0312
1031,602899.557
1032,419264.9853
1033,295300.1224
1034,732705.9298
1035,483685.2322
1036,638397.6134
1037,668544.57
1038,418431.326
1039,270735.2301
1040,394842.6599
1041,695376.7428
1042,569182.3672
1043,173605.9413
1044,365808.7619
1045,255799.7247
1046,677504.3521
1047,445420.9878
1048,253744.0703
1049,204093.8462
1050,867938.1588
1051,500557.7993
1052,315068.8424
1053,421264.1919
1054,482601.7264
1055,291540.4167
1056,450214.9356
1057,760946.0506
1058,475369.6658
1059,644866.6418
1060,571594.5167
1061,658807.7823
1062,1506001.144
1063,517962.5969
1064,253695.498
1065,643622.057
1066,313394.0325
1067,365487.4589
1068,455828.534
1069,618757.117
1070,666002.8981
1071,1032578.227
1072,249379.8524
1073,273016.0965
1074,188180.7685
1075,329124.3173
1076,814749.0934
1077,229650.0698
1078,856627.1371
1079,236728.7761
1080,201390.5729
1081,431995.7879
1082,281785.1733
1083,309590.5367
1084,455694.8183
1085,539168.3199
1086,280788.0246
1087,567008.4523
1088,641260.6843
1089,190017.6511
1090,358592.9621
1091,375378.96
1092,284585.5498
1093,360911.4205
1094,492370.9237
1095,667149.6054
1096,588902.6557
1097,371896.1358
1098,171113.3778
1099,774759.7299
1100,214810.4075
1101,519461.0433
1102,335278.6163
1103,552633.1364
1104,485852.0744
1105,1228910.974
1106,1323847.496
1107,662024.5628
1108,321987.2303
1109,131020.3009
1110,967501.6238
1111,420875.5884
1112,487622.127
1113,622342.3377
1114,787446.2692
1115,47905.39652
1116,584496.0211
1117,547837.053
1118,299613.0848
1119,667710.0882
1120,971251.531
1121,1456548.16
1122,509482.0033
1123,301295.7783
1124,713792.3584
1125,302795.2313
1126,830604.1063
1127,265362.8975
1128,373771.4134
1129,462205.3081
1130,652433.4362
1131,624773.0185
1132,606551.2432
1133,317022.8214
1134,557077.1773
1135,578194.1944
1136,223082.7236
1137,672465.4103
1138,789984.7659
1139,434432.0382
1140,579055.8535
1141,203364.5184
1142,560995.8621
1143,270779.3129
1144,508275.7916
1145,508781.2572
1146,1106753.23
1147,413423.4534
1148,94838.19026
1149,535056.4587
1150,602049.4774
1151,2463973.13
1152,450862.263
1153,389223.0819
1154,449632.4355
1155,254374.2586
1156,433118.026
1157,546319.5124
1158,203464.1431
1159,843585.3191
1160,252161.3024
1161,398068.1169
1162,478957.6656
1163,801052.5388
1164,322351.5998
1165,181111.3322
1166,467397.1634
1167,259936.1791
1168,307348.7422
1169,210928.099
1170,381106.2755
1171,655696.2378
1172,717190.0865
1173,300192.2989
1174,1105680.597
1175,523576.6651
1176,139218.2471
1177,1720472.785
1178,550563.1787
1179,237950.5822
1180,268410.2435
1181,460696.779
1182,611639.9606
1183,302192.3476
1184,186465.5239
1185,821743.8262
1186,447425.2912
1187,310193.0231
1188,433602.2733
1189,605543.131
1190,266681.036
1191,321866.9843
1192,636266.8735
1193,324494.1488
1194,450416.1274
1195,937837.1778
1196,317812.7054
1197,560524.193
1198,696128.8318
1199,223551.7858
1200,624937.8127
1201,307175.2471
1202,764119.5733
1203,425339.9448
1204,136323.7509
1205,367276.3391
1206,325770.1703
1207,929269.0087
1208,149658.2128
1209,739087.3979
1210,150083.2517
1211,1098550.297
1212,246038.6133
1213,318515.6635
1214,190579.3836
1215,794329.6557
1216,310135.2611
1217,298107.5848
1218,219812.817
1219,558527.514
1220,1110853.162
1221,696331.8572
1222,551155.4867
1223,461170.7389
1224,493829.769
1225,314283.4159
1226,316446.6041
1227,202109.0209
1228,425965.1226
1229,390298.4143
1230,975819.7308
1231,365938.3329
1232,469362.5263
1233,477007.5022
1234,330259.1033
1235,267466.0702
1236,239761.3998
1237,949775.5545
1238,927734.4766
1239,407354.2119
1240,1122061.677
1241,940168.055
1242,206204.7215
1243,1310292.143
1244,243412.3144
1245,369588.5903
1246,235627.2731
1247,212946.1731
1248,134708.3429
1249,142515.9891
1250,327572.437
1251,401644.6601
1252,461880.7229
1253,438717.3803
1254,514667.0792
1255,430799.0573
1256,294422.8699
1257,586868.9507
1258,329275.846
1259,1033082.437
1260,550562.6028
1261,515177.2009
1262,464123.7643
1263,171421.3318
1264,519104.2084
1265,758901.01
1266,2645828.172
1267,2137820.413
1268,182285.2279
1269,157396.2682
1270,788527.1545
1271,1311789.532
1272,502228.0698
1273,252846.9474
1274,1232295.032
1275,577804.8118
1276,551909.3418
1277,299481.4048
1278,568255.6395
1279,261134.8819
1280,575274.555
1281,531505.1351
1282,455508.4082
1283,182077.1424
1284,1069333.021
1285,654981.0649
1286,462208.8522
1287,467653.7962
1288,577600.5213
1289,612381.6712
1290,376298.6445
1291,720359.0929
1292,377831.3226
1293,330408.2995
1294,544675.6786
1295,603666.1754
1296,369998.8099
1297,717180.7748
1298,129019.7985
1299,477218.5129
1300,365339.29
1301,361091.4276
1302,603493.6281
1303,522355.3848
1304,644525.4821
1305,514709.1505
1306,554061.213
1307,327695.5962
1308,603270.2808
1309,203357.5406
1310,349716.2105
1311,814449.4554
1312,242634.1762
1313,418237.5075
1314,677369.3992
1315,330708.2597
1316,309687.1142
1317,530386.2746
1318,437680.064
1319,532243.2329
1320,1012876.973
1321,424298.2564
1322,534230.9227
1323,369195.8789
1324,1233682.439
1325,726116.465
1326,843970.9605
1327,235844.916
1328,566670.1494
1329,1008207.163
1330,473797.1082
1331,1506380.527
1332,471566.3562
1333,483892.2612
1334,273433.9018
1335,565599.8167
1336,358867.2328
1337,825589.3004
1338,316297.0031
1339,507409.5006
1340,499564.3357
1341,283286.9035
1342,587376.8254
1343,392012.6116
1344,598578.5652
1345,1198068.457
1346,591704.7206
1347,472084.4391
1348,392570.9029
1349,333029.0113
1350,473562.5862
1351,402997.5716
1352,559747.168
1353,604904.9554
1354,638830.2976
1355,246858.6999
1356,855692.339
1357,613345.314
1358,2171487.184
1359,277087.4664
1360,1272135.554
1361,439021.7919
1362,158290.5817
1363,687579.9777
1364,276334.2979
1365,565703.3517
1366,1957132.688
1367,358376.6749
1368,548186.6947
1369,2059606.536
1370,347366.1512
1371,855315.8957
1372,79241.22012
1373,875665.9606
1374,319795.0781
1375,155547.8394
1376,196021.6376
1377,599843.2399
1378,290546.3832
1379,308570.172
1380,217522.5204
1381,623330.0425
1382,969779.3364
1383,259064.6891
1384,408410.1809
1385,210001.7258
1386,455249.1193
1387,393561.6438
1388,414997.7512
1389,209898.3086
1390,412750.7826
1391,846121.263
1392,196871.2031
1393,601919.2345
1394,716687.0991
1395,399275.0895
1396,737601.6899
1397,339548.7834
1398,632398.9917
1399,242171.6744
1400,1007252.85
1401,511380.7669
1402,585742.2211
1403,685134.2487
1404,275174.4702
1405,441086.359
1406,628118.1787
1407,349847.1085
1408,590875.596
1409,583545.4386
1410,376240.3471
1411,421166.5213
1412,447508.7671
1413,336788.2872
1414,515314.918
1415,612105.3093
1416,721909.3788
1417,363782.2423
1418,540742.2266
1419,459652.5286
1420,211306.8058
1421,556080.156
1422,592575.6894
1423,319843.2928
1424,537097.9396
1425,1343037.308
1426,473809.0683
1427,578408.3862
1428,2087023.883
1429,564934.4494
1430,693457.8015
1431,545673.2554
1432,599711.8378
1433,496209.4247
1434,621880.7939
1435,969087.5254
1436,616783.7518
1437,316089.1245
1438,488268.241
1439,232058.4943
1440,262318.3328
1441,298029.131
1442,455629.0633
1443,142392.6998
1444,458112.5885
1445,763776.1634
1446,577096.2113
1447,731345.8042
1448,405236.2097
1449,337782.1628
1450,853484.8233
1451,362340.5782
1452,388908.9777
1453,578565.2119
1454,263477.7402
1455,298352.6915
1456,394574.9554
1457,592949.4194
1458,483457.4102
1459,389310.9002
1460,431936.4848
1461,1167600.747
1462,97494.40758
1463,326606.3227
1464,370348.6934
1465,488940.1271
1466,455208.1346
1467,839975.728
1468,452785.707
1469,650885.5023
1470,719371.1809
1471,366140.8008
1472,670892.7734
1473,295879.4001
1474,195537.4064
1475,458938.2563
1476,399055.9718
1477,340062.6645
1478,280909.2481
1479,504337.3343
1480,188666.1467
1481,368751.7625
1482,748010.6955
1483,575334.1389
1484,622125.1899
1485,537435.4736
1486,182564.1779
1487,359093.1329
1488,986855.7107
1489,896038.9099
1490,1457579.543
1491,251763.2699
1492,600038.5154
1493,686909.4935
1494,476218.0184
1495,518841.3721
1496,217637.0066
1497,427220.3161
1498,468950.5639
1499,248929.0933
1500,1553013.097
1501,255980.2685
1502,500616.5248
1503,1382118.468
1504,343720.4887
1505,178028.1032
1506,439183.1876
1507,712186.1159
1508,400828.8136
1509,544043.1594
1510,570027.6441
1511,594562.8174
1512,360973.3484
1513,345267.512
1514,255763.2072
1515,1156821.195
1516,427847.9153
1517,568788.9845
1518,562219.1298
1519,377729.0915
1520,577559.2514
1521,715394.4851
1522,219840.9166
1523,229478.3931
1524,784985.1036
1525,656976.5358
1526,125366.869
1527,330408.8091
1528,497450.7719
1529,336152.7562
1530,248776.1631
1531,128759.4536
1532,389375.3309
1533,1159813.391
1534,351401.943
1535,323233.5049
1536,491876.0754
1537,358469.7444
1538,444540.2242
1539,360806.5956
1540,644867.1786
1541,705054.0837
1542,668765.966
1543,517696.7277
1544,138571.4794
1545,271077.4008
1546,1851900.168
1547,590424.4274
1548,406836.7449
1549,384234.3782
1550,718864.5499
1551,340321.7201
1552,262971.0914
1553,87095.63014
1554,440065.0199
1555,209516.8497
1556,1860949.566
1557,848438.5621
1558,481503.3012
1559,288709.3933
1560,503531.8333
1561,362319.6836
1562,270509.4829
1563,395735.0713
1564,484493.2219
1565,1009859.953
1566,1137915.824
1567,543688.6723
1568,401846.0356
1569,998542.9932
1570,1188204.018
1571,624142.989
1572,330889.9512
1573,409640.9196
1574,379404.5249
1575,656297.3794
1576,491059.6576
1577,494398.0289
1578,609525.2699
1579,520624.422
1580,289903.3496
1581,303926.9882
1582,443848.4948
1583,215744.4278
1584,357657.9777
1585,1232610.335
1586,249097.2317
1587,378055.3475
1588,1695805.167
1589,372583.6158
1590,268811.4688
1591,386878.13
1592,441841.8205
1593,224178.3345
1594,600327.9632
1595,259630.3752
1596,219102.3935
1597,222698.1292
1598,1180897.245
1599,764919.174
1600,388581.1383
1601,196891.538
1602,410706.2923
1603,262758.9618
1604,281971.2059
1605,354590.3119
1606,674913.4786
1607,689126.2672
1608,276769.6843
1609,572129.4208
1610,280273.8487
1611,582718.7716
1612,344279.7996
1613,237125.9576
1614,345301.819
1615,519787.5697
1616,115788.5236
1617,328766.745
1618,1010648.025
1619,697702.4722
1620,286998.3853
1621,181492.6243
1622,775216.3926
1623,400672.9424
1624,291358.4734
1625,394095.0485
1626,313214.5727
1627,261428.4656
1628,287993.607
1629,659457.5833
1630,1007551.785
1631,1337608.443
1632,277290.2739
1633,776470.6323
1634,1005759.568
1635,449594.2663
1636,190773.968
1637,204622.4894
1638,416923.4363
1639,551332.6308
1640,492171.4275
1641,1123398.288
1642,367505.6767
1643,653729.8766
1644,645272.2311
1645,352145.8643
1646,480455.6147
1647,156294.3766
1648,982862.8327
1649,316692.6566
1650,260297.4665
1651,257920.5143
1652,406962.8838
1653,150099.4461
1654,485204.5602
1655,389471.1847
1656,510317.7393
1657,291757.8886
1658,1462055.292
1659,320814.8416
1660,373172.5519
1661,257899.1041
1662,396166.7986
1663,212581.9501
1664,472752.5523
1665,587956.4422
1666,577605.939
1667,494908.7615
1668,508901.4198
1669,485703.5489
1670,991698.7474
1671,264999.0736
1672,170745.9625
1673,647465.7518
1674,165736.1099
1675,320523.1158
1676,134719.7827
1677,487426.0801
1678,1281208.915
1679,317380.2457
1680,635995.2977
1681,469165.2946
1682,132260.6745
1683,457423.755
1684,203402.0871
1685,304431.8215
1686,901373.0647
1687,175507.1896
1688,622443.7771
1689,263679.4631
1690,223235.2088
1691,271552.9684
1692,286467.1797
1693,555465.1532
1694,148919.4994
1695,429449.097
1696,370153.8995
1697,302495.9289
1698,1315516.788
1699,312692.5666
1700,376549.1435
1701,515288.6828
1702,401423.2022
1703,286305.1184
1704,512222.7273
1705,361044.3505
1706,550670.2084
1707,655625.7666
1708,334411.2012
1709,522381.7568
1710,180960.0634
1711,532103.6717
1712,526346.2876
1713,447950.7686
1714,570333.9885
1715,644872.2755
1716,210727.3905
1717,835890.1389
1718,1228142.437
1719,555833.6867
1720,240370.9063
1721,639814.3288
1722,959749.654
1723,351954.3788
1724,254274.1773
1725,1175210.512
1726,611520.3757
1727,781431.1156
1728,792322.2767
1729,815429.2344
1730,503705.0973
1731,361375.3479
1732,335394.3118
1733,288071.1453
1734,510607.9922
1735,528427.9397
1736,740476.4139
1737,401089.5399
1738,832532.8061
1739,229122.6226
1740,248393.8824
1741,276845.0221
1742,293965.5042
1743,224885.6082
1744,169803.5951
1745,440296.8546
1746,447759.4046
1747,1178185.225
1748,475980.4683
1749,321065.9562
1750,233493.7599
1751,318847.1348
1752,943281.7106
1753,257071.5316
1754,600457.7687
1755,348392.2418
1756,886333.9118
1757,443472.5201
1758,373681.311
1759,546750.8829
1760,461708.0592
1761,854088.037
1762,845307.1755
1763,450261.9425
1764,325636.179
1765,527510.2189
1766,789670.7294
1767,563023.3275
1768,704269.1355
1769,413182.3287
1770,351828.002
1771,221480.2375
1772,510939.8027
1773,336274.3004
1774,377599.2588
1775,785252.025
1776,238834.5528
1777,718673.2937
1778,350095.7925
1779,194391.7039
1780,365262.257
1781,860602.3641
1782,373615.7781
1783,897461.077
1784,388825.8505
1785,983044.3387
1786,817369.5749
1787,442469.8457
1788,1415491.2
1789,450659.0878
1790,536755.0038
1791,755077.2153
1792,796441.509
1793,436320.6919
1794,117213.7046
1795,617679.3945
1796,1120916.001
1797,371484.6256
1798,340440.3475
1799,213307.49
1800,1171635.62
1801,276620.035
1802,214768.6095
1803,696386.0089
1804,380409.6036
1805,514881.3025
1806,1115716.262
1807,821542.5058
1808,624962.7717
1809,226705.8166
1810,802057.3828
1811,822606.9115
1812,254037.8315
1813,898922.0468
1814,1434662.011
1815,4835783.095
1816,284432.0101
1817,671525.0589
1818,656100.5489
1819,216174.3387
1820,603266.4215
1821,516115.7034
1822,554639.7973
1823,346487.7838
1824,338234.365
1825,1209251.4
1826,400585.5527
1827,763614.084
1828,72895.07703
1829,485174.5823
1830,398103.2298
1831,735305.2259
1832,170878.9901
1833,238555.3394
1834,329713.6343
1835,347004.0949
1836,385326.0584
1837,857435.2356
1838,474489.9494
1839,284816.8236
1840,835875.8659
1841,219061.4063
1842,268287.095
1843,291193.9003
1844,350630.8822
1845,876460.3408
1846,394664.1857
1847,647481.1221
1848,352865.5467
1849,144627.032
1850,272006.4073
1851,353090.8071
1852,241566.6641
1853,408424.3336
1854,736594.7954
1855,584433.329
1856,594287.3271
1857,238850.8919
1858,205830.9853
1859,268183.6151
1860,462156.2683
1861,829309.1752
1862,786384.99
1863,277106.0675
1864,199513.3689
1865,367229.97
1866,395454.4566
1867,232987.8424
1868,426514.8449
1869,209295.3759
1870,578642.5557
1871,645717.666
1872,395207.5076
1873,899812.2176
1874,213380.3788
1875,593340.7954
1876,325209.8821
1877,227878.7881
1878,451561.5979
1879,387533.7864
1880,506697.5761
1881,1434611.56
1882,747257.3186
1883,485348.7543
1884,409384.7838
1885,485988.1441
1886,131769.7967
1887,285041.8129
1888,1030727.281
1889,1006622.314
1890,187796.2896
1891,336468.5564
1892,943497.5705
1893,490475.6702
1894,273190.8387
1895,680826.8904
1896,256468.8575
1897,808676.2796
1898,226934.9418
1899,500837.7192
1900,681895.221
1901,395490.7419
1902,1397729.29
1903,270156.3706
1904,741708.0967
1905,410600.9817
1906,418540.9266
1907,787306.548
1908,365753.5647
1909,288723.5911
1910,612289.5358
1911,778791.0446
1912,162094.4909
1913,1663336.762
1914,890398.5056
1915,291564.2203
1916,103258.7766
1917,551030.8596
1918,602023.8867
1919,418789.1742
1920,760646.1043
1921,916322.2616
1922,545325.3393
1923,150365.9589
1924,537578.6449
1925,799015.5828
1926,722921.5259
1927,259869.3167
1928,285460.9475
1929,600706.2954
1930,428460.3911
1931,573787.9
1932,312831.8834
1933,272728.4653
1934,687988.3942
1935,1034256.075
1936,1182031.625
1937,650710.0217
1938,267058.8589
1939,467130.0456
1940,98635.57221
1941,467598.692
1942,264573.4288
1943,471290.2355
1944,531416.3413
1945,263260.7253
1946,734394.3378
1947,306843.2075
1948,788909.0052
1949,546416.3074
1950,647365.0767
1951,264261.0744
1952,700538.8578
1953,667789.1214
1954,968053.2577
1955,464107.2924
1956,502330.2995
1957,253902.7438
1958,189737.4918
1959,1187119.63
1960,533013.9208
1961,210196.6999
1962,922717.0413
1963,288922.5854
1964,141727.6894
1965,789695.0803
1966,749343.9893
1967,867939.1431
1968,415915.1799
1969,618746.891
1970,415209.4731
1971,469855.0394
1972,308215.9683
1973,454004.8657
1974,554937.1154
1975,208542.4937
1976,283262.0421
1977,309071.9861
1978,490997.1078
1979,654334.4016
1980,1009767.068
1981,554584.9673
1982,640633.6005
1983,148827.6261
1984,387088.8527
1985,345615.6099
1986,800819.8489
1987,845155.9356
1988,539795.8506
1989,494470.8446
1990,705015.3284
1991,297385.9854
1992,272841.0379
1993,970946.0517
1994,440324.1164
1995,925521.3708
1996,882508.6015
1997,1100869.781
1998,476229.1247
1999,214222.3028
2000,352949.1928
2001,581659.3016
2002,246831.7551
2003,787056.2194
2004,583495.8434
2005,540814.3023
2006,497516.9307
2007,453385.6413
2008,616312.2173
2009,1016454.129
2010,486554.8103
2011,205021.4544
2012,381556.1001
2013,630205.8968
2014,527091.1496
2015,96276.24988
2016,848727.6337
2017,416090.9994
2018,501201.2046
2019,255913.4043
2020,335901.1947
2021,621122.8253
2022,493764.4401
2023,301848.2274
2024,533978.1283
2025,399523.3477
2026,265816.167
2027,401735.9524
2028,600332.1545
2029,239236.7512
2030,577769.7438
2031,413604.266
2032,346136.0038
2033,565579.5302
2034,689023.8923
2035,353984.2632
2036,974548.9449
2037,458753.7836
2038,552896.619
2039,498218.0508
2040,423067.5699
2041,497533.7436
2042,481929.2874
2043,653075.5726
2044,1806447.203
2045,593661.3504
2046,221683.3004
2047,1030733.995
2048,401166.224
2049,250491.3549
2050,782173.1653
2051,904294.9261
2052,667393.8402
2053,660813.3612
2054,585476.603
2055,621939.5002
2056,358362.7069
2057,455840.224
2058,1794394.349
2059,795646.0116
2060,655586.2527
2061,484501.8013
2062,421247.8365
2063,220832.4918
2064,1114880.983
2065,256988.077
2066,532816.7786
2067,344133.4663
2068,1382543.22
2069,447531.8354
2070,1265018.598
2071,325549.3775
2072,488038.6799
2073,306162.1274
2074,377295.82
2075,103787.1754
2076,598054.7848
2077,321723.6595
2078,328812.4216
2079,741238.3263
2080,477704.2059
2081,258739.9619
2082,721530.6615
2083,589591.0448
2084,539235.3967
2085,537714.6052
2086,1007825.435
2087,694905.7281
2088,400733.6079
2089,483608.6577
2090,207944.8611
2091,349046.557
2092,693862.1991
2093,402685.0323
2094,373863.8235
2095,322553.5735
2096,424935.6385
2097,457955.1965
2098,613011.1
2099,565665.2604
2100,271337.5819
2101,359917.4272
2102,441457.9129
2103,620171.32
2104,221571.8292
2105,59415.94683
2106,421214.1011
2107,111492.1045
2108,433604.5103
2109,782226.7833
2110,255432.1687
2111,601159.4764
2112,763156.9362
2113,419016.3947
2114,426335.9006
2115,717361.0474
2116,1298005.967
2117,305596.4255
2118,325053.7059
2119,506092.962
2120,402869.8539
2121,1025076.198
2122,842234.8512
2123,1020882.091
2124,570570.5834
2125,372763.9165
2126,422584.6379
2127,378665.9297
2128,534385.2519
2129,432768.9762
2130,185142.7389
2131,488188.8103
2132,617688.01
2133,320497.671
2134,438510.399
2135,338234.824
2136,567099.3559
2137,428793.5518
2138,420701.5865
2139,1215119.657
2140,59497.20415
2141,1528444.674
2142,950521.8421
2143,589970.1868
2144,492824.4475
2145,469607.7943
2146,167511.1584
2147,346541.3257
2148,1020580.961
2149,498758.8521
2150,809558.149
2151,458055.3196
2152,1281875.726
2153,638630.8916
2154,510069.5038
2155,1220556.864
2156,379521.8912
2157,582279.1698
2158,305663.8243
2159,252173.0007
2160,944838.9731
2161,486926.6462
2162,690709.939
2163,504452.6137
2164,300694.0179
2165,811828.1891
2166,805984.3855
2167,446200.2425
2168,399874.3402
2169,279218.8693
2170,277120.0123
2171,746687.859
2172,656019.3327
2173,377939.0673
2174,460655.2101
2175,652530.2838
2176,385496.6947
2177,713754.0965
2178,163250.9557
2179,168599.5045
2180,234754.6299
2181,1142533.978
2182,714300.6675
2183,563186.7017
2184,536883.7685
2185,206652.3211
2186,193374.168
2187,885360.9635
2188,500438.2673
2189,556205.9218
2190,178212.9127
2191,377043.7864
2192,492376.5801
2193,1200084.545
2194,190417.0725
2195,1211386.004
2196,458979.0545
2197,1263444.28
2198,619837.0547
2199,884928.3934
2200,294619.3953
2201,210417.9194
2202,461743.7247
2203,148736.5927
2204,359598.1281
2205,280461.4439
2206,257388.6926
2207,703963.5197
2208,168741.4259
2209,460234.5184
2210,930382.7056
2211,1812597.413
2212,157784.4708
2213,596756.2219
2214,743371.3937
2215,245646.5894
2216,321210.8386
2217,631412.7737
2218,271275.135
2219,246843.1487
2220,525341.2072
2221,556676.1498
2222,331728.1125
2223,528041.7392
2224,380837.4132
2225,1200143.683
2226,288361.0479
2227,360835.9822
2228,524235.9022
2229,182219.5848
2230,528529.8264
2231,455718.2961
2232,554752.4075
2233,621467.8911
2234,888319.4768
2235,719842.917
2236,525954.6561
2237,265031.3745
2238,1038253.63
2239,493484.5968
2240,361468.6911
2241,214068.065
2242,306565.3738
2243,733492.3159
2244,227787.884
2245,151757.7641
2246,237742.1588
2247,318545.4168
2248,524553.0118
2249,803009.9996
2250,659092.5228
2251,144919.2439
2252,739220.9862
2253,1440588.794
2254,264301.0715
2255,163814.8269
2256,954408.4387
2257,838944.8131
2258,700548.9613
2259,487618.3035
2260,301623.3787
2261,221592.7286
2262,448155.4667
2263,532041.0018
2264,971332.911
2265,417363.5515
2266,537919.9213
2267,312566.2158
2268,510195.7047
2269,452770.374
2270,106712.6336
2271,202466.7709
2272,244347.12
2273,755396.5576
2274,603372.5482
2275,843737.4572
2276,576654.0288
2277,555905.5582
2278,672448.3071
2279,279249.7329
2280,317837.1691
2281,439317.6221
2282,512425.9193
2283,876848.9414
2284,242418.8225
2285,192775.3215
2286,429233.3318
2287,241388.9712
2288,284444.9268
2289,2289483.781
2290,482251.1769
2291,111114.9421
2292,381089.7883
2293,203261.6746
2294,1018497.794
2295,324912.5576
2296,800724.2136
2297,216823.8103
2298,239453.2063
2299,338317.0445
2300,325829.3553
2301,1164092.36
2302,525223.4648
2303,426824.2364
2304,356042.9223
2305,340787.5118
2306,542244.7209
2307,162653.965
2308,635750.0286
2309,299834.0876
2310,828353.4951
2311,386537.0067
2312,822968.5375
2313,520715.0077
2314,818000.4132
2315,701286.3062
2316,266221.5958
2317,599350.3458
2318,972366.6869
2319,404017.8542
2320,174387.285
2321,591836.4045
2322,459298.3761
2323,255752.0788
2324,547811.2608
2325,413010.1297
2326,658121.0529
2327,546786.5352
2328,904696.8035
2329,1367120.493
2330,484438.9261
2331,672976.4438
2332,933481.9199
2333,161555.3307
2334,823077.8391
2335,422239.4368
2336,347586.8127
2337,702284.7474
2338,491460.1198
2339,953578.1641
2340,180803.3056
2341,606299.6899
2342,464577.7861
2343,415525.0983
2344,1181923.798
2345,162766.4319
2346,533974.7993
2347,1283119.736
2348,845745.8853
2349,425614.3899
2350,522262.3894
2351,570208.8943
2352,1200195.622
2353,647320.48
2354,391699.992
2355,690282.0979
2356,372354.8434
2357,788958.114
2358,426027.2961
2359,214323.7767
2360,692073.5986
2361,836693.5556
2362,526839.7207
2363,531893.6931
2364,270727.2936
2365,358661.4112
2366,463913.1832
2367,180456.5913
2368,419083.8218
2369,185508.6161
2370,734104.4675
2371,528903.013
2372,773065.911
2373,300364.8618
2374,586944.7125
2375,490607.412
2376,1910066.457
2377,517253.0264
2378,1382606.935
2379,692055.169
2380,324704.0459
2381,1010951.269
2382,532735.2161
2383,189330.1833
2384,236929.7604
2385,1239610.202
2386,302971.8736
2387,646669.833
2388,77847.04422
2389,505782.0265
2390,488587.6134
2391,427458.8998
2392,1010934.236
2393,669300.7212
2394,197578.0566
2395,388905.022
2396,539819.9393
2397,296163.9607
2398,1161454.5
2399,779643.6583
2400,252493.2674
2401,510026.4351
2402,364566.2086
2403,297471.4475
2404,1420790.395
2405,476621.3778
2406,1046387.373
2407,255032.5178
2408,1191668.668
2409,821988.0354
2410,315874.9238
2411,962136.5188
2412,924885.3055
2413,239747.7962
2414,393359.2138
2415,418824.2458
2416,528782.6577
2417,613116.2929
2418,1994537.237
2419,386432.0899
2420,500160.6764
2421,769514.8546
2422,248945.1565
2423,214228.0044
2424,148527.3972
2425,244651.8391
2426,268781.6576
2427,1053256.439
2428,695992.1093
2429,637673.7385
2430,590232.1978
2431,225338.9841
2432,1054534.023
2433,492433.1781
2434,707011.7204
2435,275623.5137
2436,247476.6477
2437,1114666.585
2438,1075300.034
2439,841850.9233
2440,282959.4803
2441,472227.7715
2442,264993.5826
2443,87846.6237
2444,463882.5765
2445,662431.175
2446,866351.7948
2447,280738.0692
2448,799889.6057
2449,419958.8934
2450,241326.1803
2451,438768.9476
2452,346533.8438
2453,428575.0588
2454,719790.6756
2455,217715.9675
2456,578570.6026
2457,284867.3371
2458,472108.5611
2459,490785.6259
2460,566590.3985
2461,1936708.006
2462,336124.3348
2463,560215.187
2464,550416.9132
2465,388950.3993
2466,407661.1698
2467,286368.494
2468,946169.3484
2469,1103094.394
2470,830346.3571
2471,268092.6564
2472,423369.6679
2473,436969.2668
2474,610060.731
2475,322411.5691
2476,456719.5586
2477,433461.4447
2478,1454370.196
2479,780547.4291
2480,245930.5732
2481,378034.5912
2482,508815.9421
2483,467490.3349
2484,336288.5076
2485,294765.9593
2486,461295.4055
2487,309369.7604
2488,269001.5277
2489,413998.3004
2490,549139.8932
2491,494469.0552
2492,840696.0296
2493,224826.1215
2494,250561.4701
2495,580999.2812
2496,334646.9305
2497,906078.6141
2498,735604.305
2499,174230.1265
2500,540873.0628
2501,332967.5887
2502,1006182.372
2503,153166.6343
2504,436239.3909
2505,516564.6651
2506,732158.5878
2507,232290.6983
2508,2824238.189
2509,483158.3863
2510,567906.3682
2511,148367.974
2512,266079.375
2513,707378.1504
2514,303176.9994
2515,348062.7238
2516,335735.4214
2517,202103.6019
2518,295899.436
2519,622348.1804
2520,422517.4318
2521,333403.9735
2522,762216.287
2523,247437.0925
2524,527759.3433
2525,615509.8108
2526,413333.4752
2527,309966.9101
2528,431452.5375
2529,335227.3494
2530,456560.6255
2531,616551.8007
2532,538977.2705
2533,232188.594
2534,1233112.96
2535,596101.0741
2536,495652.708
2537,403386.9436
2538,1238729.914
2539,641517.1878
2540,342986.1202
2541,1299897.763
2542,1277181.794
2543,713804.6791
2544,394027.1055
2545,257541.506
2546,858965.0529
2547,250762.549
2548,1090135.642
2549,548107.7564
2550,443642.7698
2551,478146.1639
2552,235143.7323
2553,698023.0083
2554,347516.2334
2555,355456.5982
2556,429303.0289
2557,703047.8936
2558,214974.401
2559,455358.439
2560,247181.525
2561,441495.5695
2562,261087.6322
2563,637050.6965
2564,603998.5938
2565,903368.1546
2566,467088.0252
2567,930090.6352
2568,655588.0228
2569,479581.3119
2570,577170.6129
2571,566403.2202
2572,306414.2791
2573,507623.5159
2574,481701.8788
2575,1574977.13
2576,279044.0528
2577,852810.0593
2578,527861.1993
2579,586771.4672
2580,311885.1435
2581,1069498.768
2582,216488.4602
2583,261460.0682
2584,336731.8304
2585,364075.4845
2586,515535.2865
2587,745041.1478
2588,291908.2228
2589,435663.7932
2590,473278.3241
2591,514002.567
2592,282102.9687
2593,240443.9214
2594,739397.9486
2595,559484.6042
2596,924764.6743
2597,446333.0497
2598,593461.5612
2599,780065.3721
2600,492151.9508
2601,245419.8198
2602,299843.7217
2603,738564.0098
2604,330578.8364
2605,168796.9473
2606,709105.3332
2607,853510.2394
2608,260151.0298
2609,735231.0402
2610,1002527.803
2611,584493.828
2612,181170.292
2613,380825.6121
2614,389745.7519
2615,764568.042
2616,676926.2412
2617,538568.1318
2618,1270978.037
2619,496706.5655
2620,352824.9479
2621,617019.0996
2622,548019.6291
2623,838703.171
2624,622534.9691
2625,237793.9222
2626,904889.0931
2627,271143.2697
2628,742081.8413
2629,447573.6879
2630,258789.8939
2631,329697.6252
2632,604442.222
2633,337202.0491
2634,378540.6156
2635,1649941.752
2636,265048.5902
2637,771540.3292
2638,360341.3828
2639,504596.8992
2640,423663.5081
2641,1549754.269
2642,271597.5835
2643,1161458.808
2644,1119364.726
2645,592016.5601
2646,565478.1853
2647,329801.7647
2648,232489.0407
2649,913416.2685
2650,1868799.412
2651,555283.4225
2652,922031.649
2653,112160.9927
2654,1438978.431
2655,1187230.42
2656,425399.3487
2657,445715.6643
2658,390760.5439
2659,767842.0398
2660,274620.0739
2661,382539.9878
2662,502478.4816
2663,555788.3665
2664,568346.6221
2665,473012.4919
2666,518456.4391
2667,255213.9997
2668,717240.5486
2669,145020.6532
2670,298389.2426
2671,483527.61
2672,519112.9576
2673,798111.2514
2674,212621.3884
2675,669322.2211
2676,313868.8036
2677,752149.9947
2678,695561.1867
2679,622198.062
2680,21470.13065
2681,196353.8662
2682,199697.0806
2683,253024.0811
2684,499833.3332
2685,1653044.281
2686,702791.3506
2687,685670.0535
2688,947554.907
2689,460835.1772
2690,480797.9316
2691,560094.9673
2692,488535.6991
2693,440481.646
2694,568327.9982
2695,379920.4289
2696,464759.7323
2697,1518455.366
2698,560087.1245
2699,464182.4472
2700,353319.0219
2701,631857.3133
2702,542079.5724
2703,650047.2643
2704,543845.0922
2705,430573.5825
2706,486585.9536
2707,301530.2765
2708,626401.7241
2709,415620.7659
2710,478893.8389
2711,335884.7565
2712,633413.5382
2713,414903.6534
2714,865715.6587
2715,998271.6219
2716,725400.1534
2717,1629864.749
2718,645783.6201
2719,130696.928
2720,286997.1471
2721,199729.8733
2722,340898.6587
2723,2109183.524
2724,441130.0737
2725,511566.5856
2726,402006.595
2727,229977.9114
2728,682431.1172
2729,193797.3502
2730,316502.3269
2731,388525.924
2732,463812.037
2733,585216.4116
2734,88345.77519
2735,439861.4634
2736,557314.6408
2737,131744.8831
2738,200972.8026
2739,409194.3536
2740,275785.0588
2741,284391.7762
2742,497256.6345
2743,449678.6136
2744,154856.402
2745,258172.6469
2746,497314.3294
2747,528821.0893
2748,195036.4643
2749,179179.6575
2750,354112.9143
2751,150195.9
2752,273889.3141
2753,647425.552
2754,469676.8156
2755,482934.4416
2756,272141.6791
2757,696547.6892
2758,740321.3799
2759,2161443.864
2760,457807.6312
2761,254671.5786
2762,878454.2695
2763,423219.8636
2764,218399.4591
2765,231868.0657
2766,137926.7181
2767,950189.0509
2768,872326.1301
2769,434727.9133
2770,26893.61001
2771,291470.0282
2772,271467.7742
2773,761770.5604
2774,412820.8819
2775,163290.3068
2776,461903.3869
2777,653717.2228
2778,105253.8903
2779,310033.8744
2780,842472.9564
2781,968267.9126
2782,490599.4202
2783,423842.5602
2784,287800.2526
2785,389020.8024
2786,286557.4072
2787,677006.5072
2788,1089195.124
2789,848956.8558
2790,461972.8253
2791,395760.4953
2792,320108.4673
2793,551472.5928
2794,526354.1274
2795,425569.7642
2796,678607.0511
2797,551450.1237
2798,290707.6636
2799,131318.4362
2800,652363.1033
2801,149229.4933
2802,319753.7014
2803,639963.2903
2804,434161.5549
2805,373349.1578
2806,337329.2208
2807,258090.6653
2808,172136.7091
2809,711394.247
2810,266635.0183
2811,384672.0613
2812,155538.4635
2813,371121.86
2814,228313.6923
2815,272221.1154
2816,609612.2109
2817,675108.5469
2818,360485.5728
2819,630478.3483
2820,332757.6457
2821,1586879.484
2822,685428.8156
2823,272109.2552
2824,616391.3966
2825,521876.5935
2826,538999.3124
2827,210719.2676
2828,421118.8934
2829,1165664.081
2830,137822.4316
2831,171044.8632
2832,363310.4091
2833,619649.27
2834,453772.6398
2835,186233.2867
2836,613487.2382
2837,515822.8959
2838,270258.5691
2839,598349.3013
2840,287169.1867
2841,718599.2818
2842,614567.4854
2843,295294.3158
2844,372777.4221
2845,684411.4004
2846,520046.5391
2847,407283.164
2848,144996.403
2849,368156.7015
2850,560995.429
2851,575143.8008
2852,545074.9715
2853,814347.2157
2854,348057.5766
2855,363246.1658
2856,1104242.841
2857,364780.8799
2858,1213514.833
2859,371905.3674
2860,958369.3711
2861,143246.4117
2862,557932.3773
2863,539488.4287
2864,194432.5511
2865,297031.67
2866,308757.1052
2867,306095.4876
2868,681915.8443
2869,523074.6779
2870,611827.8657
2871,571147.2661
2872,425033.3099
2873,643331.968
2874,651475.0641
2875,870859.8226
2876,290501.3711
2877,530824.7233
2878,125568.8232
2879,862930.6584
2880,1714726.84
2881,680886.0322
2882,420218.9882
2883,906681.8088
2884,357314.4667
2885,944066.6693
2886,541041.4871
2887,1625215.326
2888,447531.6662
2889,913783.4866
2890,198778.0022
2891,551343.8655
2892,287291.2681
2893,534776.259
2894,807625.3047
2895,283307.9058
2896,480279.3308
2897,256520.861
2898,839829.079
2899,1083760.932
2900,567028.8856
2901,316928.792
2902,636860.0264
2903,997984.9722
2904,602128.4036
2905,1014117.654
2906,162729.9096
2907,314971.5872
2908,461371.757
2909,353104.6117
2910,319720.5862
2911,1715244.174
2912,170257.8725
2913,939502.4505
2914,247287.8277
2915,793874.9353
2916,303199.22
2917,689557.3975
2918,257945.0693
2919,1112595.489
2920,355566.1427
2921,510838.7921
2922,242495.5403
2923,265275.9158
2924,460600.3425
2925,252621.7481
2926,692286.5893
2927,949856.2365
2928,1018735.372
2929,481108.1738
2930,289815.4302
2931,455421.4844
2932,478238.597
2933,363602.5348
2934,438505.915
2935,236634.3252
2936,142704.6765
2937,211767.1981
2938,677689.3105
2939,809016.7637
2940,392471.1656
2941,1580621.407
2942,1003300.136
2943,206110.0126
2944,1134271.642
2945,149696.3757
2946,469050.0393
2947,293653.2453
2948,190184.4198
2949,393796.0169
2950,495021.1281
2951,753337.0707
2952,978595.509
2953,388417.9935
2954,412084.5425
2955,781814.9478
2956,367190.3405
2957,203953.5055
2958,912543.8184
2959,199138.7517
2960,627650.8071
2961,710004.3195
2962,410282.5628
2963,463077.1775
2964,1386644.184
2965,644484.1993
2966,337372.634
2967,663980.9288
2968,586951.3462
2969,604682.2479
2970,1196582.645
2971,169567.3007
2972,590994.199
2973,476347.3428
2974,1016842.275
2975,375227.3349
2976,1127894.049
2977,232594.8043
2978,1470471.907
2979,444767.5766
2980,442436.4522
2981,1246728.664
2982,466338.4091
2983,297272.4934
2984,502389.9772
2985,527851.7638
2986,669026.2818
2987,457282.2268
2988,488866.9308
2989,1069449.883
2990,284492.8477
2991,345856.7015
2992,1157538.288
2993,389639.8275
2994,936284.7029
2995,241465.5508
2996,132211.1964
2997,570612.363
2998,161564.6106
2999,314544.5695
3000,550644.1054
3001,559448.3071
3002,829412.2012
3003,825865.0428
3004,744307.3589
3005,964883.5128
3006,515904.3395
3007,676374.6349
3008,362712.943
3009,276984.1615
3010,420510.4086
3011,595799.0317
3012,482509.8196
3013,552029.2349
3014,1456769.793
3015,614780.0575
3016,259512.9608
3017,434069.4887
3018,316108.6072
3019,343473.6933
3020,378511.1222
3021,532975.5446
3022,483098.5778
3023,706626.5203
3024,349998.4991
3025,258710.7463
3026,618134.8063
3027,551545.577
3028,679256.4585
3029,424625.0526
3030,369635.3208
3031,304990.39
3032,254554.9102
3033,613133.5873
3034,480224.7803
3035,584806.8267
3036,1306499.01
3037,286660.811
3038,240721.6934
3039,116288.5452
3040,698567.4443
3041,280454.5086
3042,292878.5244
3043,448673.5458
3044,682887.6396
3045,320901.7901
3046,215825.8906
3047,347349.1727
3048,404768.7434
3049,342136.902
3050,493943.0438
3051,684369.7491
3052,289277.0449
3053,182822.3056
3054,606100.0539
3055,418815.3725
3056,782956.5168
3057,632188.6288
3058,783760.2313
3059,226502.0657
3060,495232.6165
3061,444971.9504
3062,1323285.921
3063,336337.5682
3064,1052106.308
3065,2074894.998
3066,207684.8089
3067,-16151.16666
3068,888098.3854
3069,532596.805
3070,518889.6298
3071,331447.3745
3072,281099.9757
3073,262230.1347
3074,426143.4274
3075,801099.6914
3076,429021.6251
3077,563549.1979
3078,948448.3868
3079,363217.9795
3080,601017.3834
3081,460435.1622
3082,422565.7476
3083,338775.7227
3084,404914.8933
3085,437648.5807
3086,463135.2238
3087,304594.5101
3088,344805.8481
3089,133366.7773
3090,270973.729
3091,455960.7781
3092,435820.3739
3093,655631.4432
3094,422752.0076
3095,1647892.038
3096,483799.181
3097,539111.6566
3098,451199.046
3099,457536.7295
3100,470414.3372
3101,293459.2295
3102,389931.5577
3103,103498.8638
3104,94810.2731
3105,322538.4184
3106,328418.8963
3107,619566.7245
3108,411458.8137
3109,151384.2999
3110,287773.5758
3111,216524.4235
3112,368956.5091
3113,749876.9271
3114,447413.1451
3115,335361.148
3116,591729.4123
3117,410624.4885
3118,140503.1563
3119,474000.8684
3120,865125.6045
3121,732227.4946
3122,677295.7468
3123,380798.863
3124,449665.1969
3125,510913.4437
3126,433554.5172
3127,601115.3854
3128,146866.2573
3129,1433180.453
3130,625012.7008
3131,164413.9946
3132,519027.9598
3133,1246700.098
3134,458145.7599
3135,819979.3068
3136,395598.337
3137,521264.2041
3138,489027.8455
3139,454321.3986
3140,454505.7993
3141,475072.8582
3142,327110.8681
3143,520719.7764
3144,187600.6402
3145,280242.3693
3146,477099.7244
3147,559917.9999
3148,622342.7012
3149,407404.1662
3150,1115423.75
3151,392998.9553
3152,552473.7681
3153,545964.2847
3154,387383.627
3155,247271.9997
3156,372257.7488
3157,441728.6865
3158,1279039.827
3159,522960.6576
3160,468279.3374
3161,345498.291
3162,203079.5684
3163,453142.0288
3164,689147.4397
3165,566965.7423
3166,239836.1402
3167,490217.0173
3168,420445.7343
3169,690718.7301
3170,628771.2673
3171,546775.9352
3172,649930.6056
3173,379776.3563
3174,567013.6061
3175,435629.7042
3176,569694.6355
3177,1008172.629
3178,335546.3707
3179,317558.8025
3180,597170.2118
3181,421006.7727
3182,257924.4962
3183,196192.2322
3184,757884.8688
3185,615892.3981
3186,765826.2579
3187,195658.6586
3188,323571.8337
3189,1116643.589
3190,561306.3636
3191,303785.6319
3192,222319.7364
3193,159769.3832
3194,735582.2518
3195,283448.7276
3196,168647.8874
3197,570430.1797
3198,1113480.591
3199,632500.333
3200,222321.7168
3201,898683.2798
3202,545270.7922
3203,251676.0361
3204,586041.2876
3205,904301.1208
3206,294467.8299
3207,346084.9021
3208,208829.8146
3209,1567086.466
3210,768091.197
3211,616214.8451
3212,934364.5675
3213,281931.1044
3214,387262.905
3215,494039.864
3216,699437.3482
3217,361706.1736
3218,1276319.997
3219,789344.0925
3220,406901.6447
3221,585402.6976
3222,809491.5516
3223,136170.2686
3224,552565.9235
3225,131664.1056
3226,749956.8213
3227,897616.1636
3228,546720.1062
3229,556584.2984
3230,470031.827
3231,780904.9829
3232,483733.5335
3233,259542.2468
3234,193627.9674
3235,180189.6689
3236,432353.1163
3237,878906.0934
3238,271405.6109
3239,1418989.652
3240,279883.8821
3241,857886.2973
3242,569572.4944
3243,189279.3815
3244,938020.4147
3245,337423.6455
3246,489553.5455
3247,131605.3756
3248,480932.2748
3249,1195413.625
3250,204121.0399
3251,1290590.765
3252,909283.8679
3253,480812.8594
3254,702289.5594
3255,143083.0181
3256,250429.0033
3257,897512.7534
3258,479399.0918
3259,1026801.129
3260,822692.2373
3261,246567.1723
3262,254032.0649
3263,789682.5954
3264,1038558.159
3265,401169.9488
3266,621005.791
3267,385323.4683
3268,297550.4456
3269,342601.8907
3270,410894.2655
3271,1187258.149
3272,362091.2994
3273,1032644.052
3274,619777.4427
3275,223495.6222
3276,678388.5557
3277,352931.107
3278,626996.2497
3279,520332.5428
3280,115090.6082
3281,60804.05266
3282,371225.8671
3283,283202.4165
3284,1267156.331
3285,351866.1295
3286,150032.5103
3287,755691.9386
3288,168089.2793
3289,736038.6351
3290,550956.0751
3291,1013468.585
3292,717117.1927
3293,467291.0104
3294,296659.893
3295,417931.1915
3296,300638.7051
3297,475528.5066
3298,416024.2088
3299,296004.9665
3300,156364.5148
3301,590290.8295
3302,433634.4555
3303,473728.703
3304,373545.9581
3305,350933.8781
3306,191413.4329
3307,928341.6285
3308,766217.7949
3309,216029.0623
3310,357997.7008
3311,1410687.898
3312,266831.0304
3313,675735.1225
3314,484680.1007
3315,562919.1307
3316,1006395.854
3317,278406.4356
3318,142162.9185
3319,355478.0247
3320,693495.3548
3321,797295.1878
3322,1362655.055
3323,178963.8418
3324,356795.2292
3325,762170.2335
3326,536048.9287
3327,1193961.91
3328,111348.8284
3329,633455.05
3330,423319.9733
3331,260054.6067
3332,363493.863
3333,599559.7616
3334,236876.8603
3335,443794.5317
3336,862079.5933
3337,328707.7894
3338,2051641.454
3339,492451.1605
3340,396348.4252
3341,499221.6948
3342,259529.1749
3343,393470.0536
3344,425052.265
3345,196470.3669
3346,691541.4245
3347,476568.8661
3348,636120.7011
3349,180786.7947
3350,170003.778
3351,227398.261
3352,302542.988
3353,375818.8859
3354,489793.8828
3355,300751.9069
3356,1079557.78
3357,473510.8586
3358,443410.7449
3359,437448.016
3360,654197.6014
3361,364487.7827
3362,418200.3023
3363,1313491.372
3364,368746.761
3365,220610.5115
3366,608607.4456
3367,231124.5846
3368,658491.0372
3369,459629.5174
3370,667817.6718
3371,257157.684
3372,1414098.59
3373,430026.1213
3374,918236.6335
3375,355060.9305
3376,1512039.67
3377,604678.3971
3378,929248.6318
3379,210246.8132
3380,305477.0832
3381,1744031.22
3382,241693.3767
3383,604712.8961
3384,599510.3696
3385,1208485.216
3386,369410.7759
3387,466552.8496
3388,192337.141
3389,471654.7845
3390,896142.5163
3391,584231.4307
3392,398143.0335
3393,266613.4714
3394,395741.368
3395,183598.1736
3396,597007.5809
3397,479508.6656
3398,624526.2742
3399,196870.4619
3400,460173.5198
3401,374769.6753
3402,570115.9114
3403,1086568.989
3404,621433.7176
3405,370410.7856
3406,823175.1496
3407,180662.6844
3408,567789.1074
3409,407745.8687
3410,519286.3651
3411,1015923.404
3412,353071.8359
3413,860691.4978
3414,202036.3309
3415,749073.3376
3416,1013244.52
3417,355884.5412
3418,425811.8806
3419,133799.6932
3420,216783.7445
3421,1770480.138
3422,335559.6751
3423,386850.8598
3424,380886.6434
3425,682297.6324
3426,230957.8661
3427,252932.4657
3428,145368.9716
3429,413503.0115
3430,604863.2776
3431,658328.6996
3432,745889.8865
3433,647267.1264
3434,681560.3042
3435,542089.8586
3436,210317.2137
3437,305200.3547
3438,216012.1523
3439,392707.0018
3440,415911.2574
3441,1034890.684
3442,204514.9152
3443,440569.5771
3444,258516.0464
3445,664591.4018
3446,462192.365
3447,729257.0853
3448,345934.1281
3449,513188.9004
3450,232679.7985
3451,1033945.667
3452,1081746.564
3453,307890.0347
3454,902720.6813
3455,425499.7887
3456,372882.4569
3457,179196.398
3458,188568.1681
3459,957838.4365
3460,463661.8576
3461,687389.2077
3462,641352.435
3463,232467.0159
3464,634602.5867
3465,381288.2833
3466,648304.0219
3467,433706.991
3468,404432.2884
3469,424555.9021
3470,467482.9499
3471,450072.9026
3472,376708.9121
3473,938997.9093
3474,1137428.367
3475,324303.7897
3476,529451.9522
3477,305602.1505
3478,1002331.052
3479,657825.1982
3480,729665.0741
3481,464937.4393
3482,582313.0331
3483,429039.4431
3484,640016.7598
3485,274685.2596
3486,497000.2685
3487,444588.3573
3488,144850.2234
3489,609210.7707
3490,508560.0026
3491,730946.7601
3492,426896.1629
3493,867209.4632
3494,405286.5264
3495,512197.8784
3496,425315.6732
3497,442404.1621
3498,166397.9674
3499,787808.083
3500,537438.0323
3501,353015.9137
3502,450008.2063
3503,660128.833
3504,577376.0924
3505,481854.8445
3506,150556.8675
3507,689362.5679
3508,451577.0534
3509,342366.8348
3510,413760.8385
3511,732483.3791
3512,342876.407
3513,471890.236
3514,506188.5652
3515,1165997.84
3516,891123.7918
3517,1188414.034
3518,354556.5479
3519,266120.7858
3520,1039813.61
3521,510738.5886
3522,522250.1945
3523,215722.6294
3524,405394.7094
3525,1384375.851
3526,974240.6267
3527,323496.2303
3528,1141452.198
3529,241943.6451
3530,429535.3633
3531,1029518.114
3532,764553.3353
3533,172290.3951
3534,472540.4679
3535,465819.802
3536,302007.5068
3537,496431.2928
3538,527737.4601
3539,421190.965
3540,187245.6651
3541,500125.5493
3542,1227281.443
3543,322033.9342
3544,438051.4385
3545,274327.5512
3546,292767.0046
3547,329830.3032
3548,418658.2584
3549,271829.0091
3550,481110.7865
3551,466931.2842
3552,439649.2397
3553,984015.775
3554,191624.5164
3555,715211.6205
3556,172085.9289
3557,743619.5819
3558,353492.8351
3559,605152.1682
3560,183073.0884
3561,359846.1975
3562,539029.5492
3563,529856.2338
3564,392757.6069
3565,328056.6084
3566,595254.31
3567,472926.5225
3568,432140.8165
3569,652786.4734
3570,210051.7125
3571,504321.0737
3572,538958.9382
3573,357430.9636
3574,711050.2179
3575,570982.9435
3576,296590.3613
3577,433395.5147
3578,683300.2977
3579,172194.3374
3580,997624.395
3581,448156.1109
3582,253555.6874
3583,1227084.394
3584,218893.1979
3585,252596.4975
3586,466345.4087
3587,277561.8681
3588,363203.4253
3589,260063.0179
3590,249291.5454
3591,485643.4123
3592,487396.0797
3593,912033.3702
3594,101754.0508
3595,540535.8184
3596,355609.425
3597,724820.5098
3598,583797.8151
3599,385967.0378
3600,429905.4911
3601,282618.7476
3602,604900.5844
3603,573295.0484
3604,198290.8567
3605,387426.1701
3606,275559.5232
3607,497882.2459
3608,155104.2521
3609,1924894.767
3610,314786.1184
3611,277083.712
3612,396481.0806
3613,66678.27972
3614,224530.6123
3615,1880082.162
3616,321691.0929
3617,864785.2429
3618,628085.1104
3619,325020.7314
3620,406471.8457
3621,1647567.235
3622,648023.2373
3623,304748.9422
3624,127879.1327
3625,340979.4671
3626,237536.1051
3627,512521.2781
3628,600937.4116
3629,599269.2684
3630,717015.3469
3631,724927.3766
3632,94624.34062
3633,399522.6047
3634,465009.9554
3635,734376.2887
3636,737472.749
3637,185170.6042
3638,985338.3106
3639,428420.9578
3640,417348.4564
3641,979421.8502
3642,540326.6757
3643,366057.2751
3644,305332.4583
3645,447104.4497
3646,529297.3295
3647,211330.8582
3648,477066.8451
3649,385129.2879
3650,1300251.826
3651,403062.2626
3652,259229.5574
3653,464236.3471
3654,510023.844
3655,464853.7069
3656,587475.3827
3657,610738.2997
3658,554821.7423
3659,1341394.989
3660,552717.4088
3661,97257.78233
3662,420802.4234
3663,465948.3459
3664,387302.7943
3665,395260.5663
3666,886330.5892
3667,474191.2776
3668,514539.2876
3669,555826.0154
3670,742811.3721
3671,402917.1567
3672,321921.4793
3673,273483.4898
3674,676316.2464
3675,349948.0555
3676,566499.1565
3677,469934.27
3678,146843.3729
3679,740110.4109
3680,1840451.279
3681,278848.3416
3682,845466.2167
3683,697137.9304
3684,388123.9072
3685,687285.3363
3686,325890.6106
3687,290138.4913
3688,539963.5209
3689,551868.4206
3690,466373.0401
3691,596489.0639
3692,686295.8927
3693,607851.3386
3694,218634.0419
3695,874918.1639
3696,598293.5336
3697,322695.4042
3698,439557.8793
3699,869363.3054
3700,747977.8591
3701,1205035.842
3702,896421.3949
3703,648601.7632
3704,1005169.415
3705,330161.7737
3706,509889.7478
3707,256528.012
3708,292189.8681
3709,271820.8626
3710,383162.9431
3711,421579.9804
3712,175309.7835
3713,613098.9296
3714,156781.9065
3715,558115.7153
3716,480736.4018
3717,474580.379
3718,454423.9168
3719,482801.579
3720,467929.921
3721,214711.3855
3722,95332.3348
3723,295334.191
3724,882557.1855
3725,282092.3069
3726,549493.4701
3727,1050266.002
3728,448062.7822
3729,279465.584
3730,1023385.793
3731,556924.2275
3732,947447.1436
3733,423702.7718
3734,865763.6742
3735,561909.5025
3736,518140.768
3737,233607.7073
3738,347265.6791
3739,315004.206
3740,181629.2619
3741,432807.3287
3742,378447.9141
3743,484594.7973
3744,425469.5436
3745,244343.4311
3746,314179.5654
3747,363584.7134
3748,615803.5527
3749,712686.3525
3750,387044.3088
3751,991478.9864
3752,197966.798
3753,521964.3737
3754,461844.5447
3755,477754.811
3756,36112.98163
3757,790612.2014
3758,529440.6505
3759,831626.2799
3760,1109182.405
3761,505581.8767
3762,486003.3193
3763,650554.2616
3764,444870.1441
3765,300767.9473
3766,617113.1972
3767,910116.8467
3768,339408.8566
3769,808485.2453
3770,471615.0595
3771,194978.3304
3772,484962.9389
3773,352568.9397
3774,521333.569
3775,364368.962
3776,333908.3569
3777,433512.0753
3778,310671.2493
3779,414896.5365
3780,247836.3841
3781,1025434.063
3782,427419.5545
3783,334206.0785
3784,357390.8738
3785,2155375.699
3786,296820.8554
3787,2255336.37
3788,786940.0324
3789,1255391.338
3790,373187.4639
3791,332959.881
3792,1437096.405
3793,775521.6684
3794,1199380.531
3795,856500.3548
3796,206164.0884
3797,277436.0279
3798,276496.1414
3799,537995.9953
3800,384157.2243
3801,241275.9813
3802,300551.7139
3803,716320.9031
3804,1491884.476
3805,895145.1331
3806,237000.2021
3807,353234.2713
3808,437139.7974
3809,659776.6504
3810,767822.3432
3811,405199.5971
3812,541141.9889
3813,1339356.581
3814,864693.2475
3815,267664.1052
3816,307475.3453
3817,542018.5659
3818,268455.7154
3819,428312.6845
3820,859384.3271
3821,664614.7408
3822,659207.5086
3823,452334.5247
3824,472133.5384
3825,168504.3306
3826,229725.7857
3827,744584.6002
3828,432092.234
3829,775281.2889
3830,1491732.533
3831,234337.863
3832,363122.5292
3833,1001382.523
3834,571854.5648
3835,549182.5069
3836,660656.791
3837,219169.2308
3838,1186578.408
3839,1017547.183
3840,797054.3581
3841,396634.5391
3842,422740.6629
3843,430711.2442
3844,214972.6125
3845,730571.0308
3846,186058.7528
3847,265960.9346
3848,751485.7459
3849,229349.5036
3850,1341142.565
3851,522286.7927
3852,298202.4851
3853,426278.3722
3854,555372.5196
3855,685156.6294
3856,1439575.611
3857,457835.7478
3858,987168.2411
3859,502676.5217
3860,391748.0272
3861,1351699.539
3862,371718.8196
3863,563276.4554
3864,438250.2855
3865,434325.4793
3866,360583.7281
3867,281116.1985
3868,554681.5763
3869,788478.8776
3870,878774.8077
3871,509382.4127
3872,724544.9044
3873,1003937.883
3874,752508.8207
3875,820821.5609
3876,505645.5895
3877,480625.2427
3878,295675.7133
3879,667820.8372
3880,507902.0382
3881,317068.6222
3882,1532986.776
3883,431106.7039
3884,490393.8182
3885,274979.6613
3886,2102991.911
3887,742570.4025
3888,410775.7572
3889,217357.4374
3890,421423.5575
3891,383629.6922
3892,753178.7146
3893,1017835.005
3894,537132.1606
3895,500191.7515
3896,347700.1298
3897,611880.0517
3898,478936.0787
3899,477245.8262
3900,596933.4879
3901,623025.4011
3902,506825.4639
3903,894223.0187
3904,281546.2999
3905,790278.8309
3906,832993.9646
3907,620248.2569
3908,565131.3487
3909,994989.3354
3910,349791.169
3911,410571.4744
3912,308403.4653
3913,665084.5062
3914,367215.383
3915,534505.3256
3916,699208.4903
3917,433103.5062
3918,422033.9546
3919,789903.9606
3920,810703.1047
3921,527760.2822
3922,933444.2695
3923,249504.4874
3924,803389.2582
3925,495225.7367
3926,490943.3405
3927,439840.6317
3928,823482.2912
3929,171315.3
3930,546638.1735
3931,884731.3164
3932,505639.9463
3933,349244.4735
3934,814818.5059
3935,781006.3431
3936,461398.5728
3937,279767.0475
3938,323402.565
3939,528633.4056
3940,1535731.66
3941,1098111.665
3942,1026681.84
3943,419909.7919
3944,593330.737
3945,644747.7265
3946,512848.6573
3947,989812.1053
3948,364598.6132
3949,623274.7907
3950,894020.1466
3951,640128.1449
3952,520266.6004
3953,686472.8666
3954,1095317.381
3955,320270.0928
3956,683844.15
3957,1634337.579
3958,454005.9428
3959,487392.2723
3960,580847.2757
3961,562346.5556
3962,579408.3456
3963,609123.7142
3964,1318413.056
3965,825065.0961
3966,292193.9157
3967,604512.0626
3968,315251.8359
3969,588932.2581
3970,435706.1722
3971,531193.4467
3972,480326.1932
3973,552704.9587
3974,563099.1904
3975,700639.1501
3976,245344.1432
3977,487190.8865
3978,516144.9095
3979,858983.5024
3980,523621.2102
3981,308014.0318
3982,1105903.923
3983,754853.1413
3984,611318.343
3985,555548.3772
3986,802971.1982
3987,503102.9332
3988,472859.915
3989,286504.4628
3990,1023748.179
3991,316183.6755
3992,493749.3175
3993,796078.9585
3994,747657.8393
3995,533811.5687
3996,379077.2083
3997,1317979.369
3998,699172.3463
3999,205531.9822
4000,690061.1017
4001,317111.5327
4002,1186903.067
4003,668255.1053
4004,521101.3599
4005,1054021.592
4006,474207.9067
4007,515487.5429
4008,316051.9733
4009,525576.3773
4010,686725.9025
4011,525811.9834
4012,188931.7492
4013,541944.8279
4014,758803.4425
4015,613524.7129
4016,1066805.689
4017,326035.8101
4018,1290399.701
4019,291091.3314
4020,384125.7581
4021,400500.9244
4022,263117.1338
4023,1820495.966
4024,366632.7547
4025,1084146.349
4026,542861.7863
4027,669643.9619
4028,441878.8347
4029,694315.6782
4030,1008217.821
4031,1472057.545
4032,537155.073
4033,800949.2959
4034,760256.4781
4035,489943.6478
4036,531336.1025
4037,676649.3816
4038,623483.4698
4039,331361.0812
4040,1517836.387
4041,433122.221
4042,196240.7001
4043,434288.9584
4044,485365.6089
4045,397274.1734
4046,411200.2032
4047,414454.5722
4048,757418.7918
4049,139501.3269
4050,340580.7791
4051,250955.5963
4052,690855.4054
4053,431233.029
4054,603367.2044
4055,471878.0179
4056,264057.9278
4057,886456.2108
4058,478720.9499
4059,1039702.012
4060,176093.4706
4061,777219.3392
4062,681981.9586
4063,541877.2753
4064,687469.9552
4065,453475.618
4066,508477.6201
4067,884417.5402
4068,422211.8086
4069,543211.4018
4070,479553.4636
4071,578111.0847
4072,452057.0762
4073,512988.1266
4074,391419.6471
4075,358423.2749
4076,570261.4767
4077,306301.4578
4078,191640.0197
4079,446076.0163
4080,285768.8727
4081,333543.8789
4082,355935.5601
4083,501409.0204
4084,465125.7699
4085,265124.8473
4086,696287.6225
4087,504627.5179
4088,527974.7525
4089,803420.165
4090,300743.3841
4091,1532561.489
4092,957457.4872
4093,1280267.995
4094,1260910.564
4095,395401.6598
4096,318786.4709
4097,469220.6706
4098,350703.9024
4099,423475.6462
4100,1008961.928
4101,558248.1895
4102,208515.567
4103,542525.9047
4104,369316.8363
4105,816857.1624
4106,282559.0493
4107,1298260.401
4108,491886.5757
4109,305023.9623
4110,1023362.598
4111,395618.6775
4112,543894.0019
4113,677954.7807
4114,708537.352
4115,397018.1742
4116,231059.3415
4117,518757.4254
4118,481631.8683
4119,784129.5152
4120,426210.5631
4121,355019.0029
4122,882364.0337
4123,366854.732
4124,321469.949
4125,527823.7936
4126,448316.1229
4127,312423.3577
4128,368620.9562
4129,503634.0185
4130,831543.7832
4131,941423.8312
4132,544485.4549
4133,587052.6998
4134,825472.3371
4135,691744.9867
4136,470820.1505
4137,633695.2657
4138,1258659.139
4139,1056952.998
4140,1374769.047
4141,176080.4092
4142,800572.384
4143,316709.6049
4144,449634.531
4145,633189.7587
4146,496140.2357
4147,319824.7504
4148,634845.5016
4149,275951.5739
4150,450876.3411
4151,390309.4235
4152,874446.6654
4153,484238.9706
4154,851032.9241
4155,674318.9012
4156,684773.1673
4157,530503.7117
4158,576056.1019
4159,473364.7803
4160,412056.7839
4161,351985.4563
4162,319672.9544
4163,717049.4236
4164,1172636.274
4165,429251.3361
4166,239941.5309
4167,397781.193
4168,605634.0791
4169,652296.1495
4170,438338.0242
4171,449211.6874
4172,446937.2702
4173,1642117.798
4174,521977.9357
4175,615169.5573
4176,405340.0783
4177,465777.5928
4178,465421.7446
4179,458045.8655
4180,566528.8621
4181,816910.1661
4182,337513.1773
4183,790686.5176
4184,392967.7508
4185,512184.6304
4186,339889.8317
4187,1654846.335
4188,1473244.102
4189,410535.7648
4190,429864.0706
4191,1592006.24
4192,396463.9439
4193,339347.4712
4194,389318.2939
4195,864852.5837
4196,748844.8505
4197,529550.2274
4198,245071.6051
4199,976645.5832
4200,452684.8181
4201,510667.1799
4202,468046.3812
4203,462816.0139
4204,299391.5825
4205,947833.6551
4206,575213.8765
4207,729834.813
4208,715489.802
4209,599868.5071
4210,378536.7586
4211,1416409.105
4212,536182.6087
4213,1301813.741
4214,876125.9705
4215,452779.475
4216,511765.0885
4217,480147.2201
4218,302283.7583
4219,398384.4605
4220,1550670.601
4221,460585.6528
4222,576667.7992
4223,497158.3798
4224,593222.1398
4225,1128696.105
4226,372227.5017
4227,523042.2783
4228,441231.2174
4229,357115.0251
